ID,检测事件,记录时间,地点位置,是否异常,前/后摄
1,未佩戴安全帽,2026-08-11 17:16:23,一号摄像头,是,前摄
2,未佩戴安全帽,2026-08-11 17:16:33,一号摄像头,是,前摄
3,未佩戴安全帽,2026-08-11 17:16:43,一号摄像头,是,前摄
4,未佩戴安全帽,2026-08-11 19:17:00,一号摄像头,是,前摄
5,未佩戴安全帽,2026-08-11 19:17:10,一号摄像头,是,前摄
6,未佩戴安全帽,2026-08-11 19:35:50,一号摄像头,是,前摄
7,未佩戴安全帽,2026-08-11 19:36:01,一号摄像头,是,前摄
8,未佩戴安全帽,2026-08-12 14:24:07,一号摄像头,是,前摄
9,未佩戴安全帽,2026-08-12 14:24:30,一号摄像头,是,前摄
10,未佩戴安全帽,2026-08-12 15:21:18,一号摄像头,是,前摄
11,未佩戴安全帽,2026-08-12 15:21:28,一号摄像头,是,前摄
12,未佩戴安全帽,2026-08-12 15:21:38,一号摄像头,是,前摄
13,未佩戴安全帽,2026-08-12 20:22:24,一号摄像头,是,前摄
14,未佩戴安全帽,2026-08-12 20:23:02,一号摄像头,是,前摄
15,未佩戴安全帽,2026-08-12 20:23:12,一号摄像头,是,前摄
16,未佩戴安全帽,2026-08-12 20:23:22,一号摄像头,是,前摄
17,未佩戴安全帽,2026-08-12 20:23:32,一号摄像头,是,前摄
18,未佩戴安全帽,2026-08-12 20:25:47,一号摄像头,是,前摄
19,未佩戴安全帽,2026-08-12 20:26:00,一号摄像头,是,前摄
20,未佩戴安全帽,2026-08-12 20:26:10,一号摄像头,是,前摄
21,未佩戴安全帽,2026-08-12 20:29:22,一号摄像头,是,前摄
22,未佩戴安全帽,2026-08-12 20:29:32,一号摄像头,是,前摄
23,未佩戴安全帽,2026-08-12 20:29:42,一号摄像头,是,前摄
24,未佩戴安全帽,2026-08-12 20:29:52,一号摄像头,是,前摄
25,未佩戴安全帽,2026-08-12 20:30:02,一号摄像头,是,前摄
26,未佩戴安全帽,2026-08-12 20:30:12,一号摄像头,是,前摄
27,未佩戴安全帽,2026-08-12 20:30:22,一号摄像头,是,前摄
28,未佩戴安全帽,2026-08-12 20:30:32,一号摄像头,是,前摄
29,未佩戴安全帽,2026-08-12 20:30:42,一号摄像头,是,前摄
30,未佩戴安全帽,2026-08-12 20:36:54,一号摄像头,是,前摄
31,未佩戴安全帽,2026-08-12 20:37:04,一号摄像头,是,前摄
32,未佩戴安全帽,2026-08-12 20:37:38,一号摄像头,是,前摄
33,未佩戴安全帽,2026-08-12 20:37:48,一号摄像头,是,前摄
34,未佩戴安全帽,2026-08-12 20:37:58,一号摄像头,是,前摄
35,未佩戴安全帽,2026-08-12 20:39:18,一号摄像头,是,前摄
36,未佩戴安全帽,2026-08-12 20:39:28,一号摄像头,是,前摄
37,未佩戴安全帽,2026-08-12 20:39:38,一号摄像头,是,前摄
38,未佩戴安全帽,2026-08-12 20:39:48,一号摄像头,是,前摄
39,未佩戴安全帽,2026-08-12 20:51:39,一号摄像头,是,前摄
40,未佩戴安全帽,2026-08-12 20:51:49,一号摄像头,是,前摄
41,未佩戴安全帽,2026-08-12 21:03:58,一号摄像头,是,前摄
41,未佩戴安全帽,2026-08-12 21:04:02,一号摄像头,是,前摄
42,未佩戴安全帽,2026-08-12 21:04:08,一号摄像头,是,前摄
42,未佩戴安全帽,2026-08-12 21:04:12,一号摄像头,是,前摄
43,未佩戴安全帽,2026-08-12 21:04:18,一号摄像头,是,前摄
43,未佩戴安全帽,2026-08-12 21:04:22,一号摄像头,是,前摄
44,未佩戴安全帽,2026-08-12 21:04:32,一号摄像头,是,前摄
45,未佩戴安全帽,2026-08-12 21:04:48,一号摄像头,是,前摄
46,未佩戴安全帽,2026-08-12 21:04:58,一号摄像头,是,前摄
47,未佩戴安全帽,2026-08-12 21:05:08,一号摄像头,是,前摄
48,未佩戴安全帽,2026-08-12 21:05:22,一号摄像头,是,前摄
49,未佩戴安全帽,2026-08-12 21:05:32,一号摄像头,是,前摄
50,未佩戴安全帽,2026-08-12 21:06:12,一号摄像头,是,前摄
51,未佩戴安全帽,2026-08-12 21:06:22,一号摄像头,是,前摄
52,未佩戴安全帽,2026-08-12 21:06:32,一号摄像头,是,前摄
52,未佩戴安全帽,2026-08-12 21:06:32,一号摄像头,是,前摄
53,未佩戴安全帽,2026-08-12 21:06:42,一号摄像头,是,前摄
53,未佩戴安全帽,2026-08-12 21:06:42,一号摄像头,是,前摄
54,未佩戴安全帽,2026-08-12 21:06:52,一号摄像头,是,前摄
54,未佩戴安全帽,2026-08-12 21:06:52,一号摄像头,是,前摄
55,未佩戴安全帽,2026-08-12 21:10:41,一号摄像头,是,前摄
56,未佩戴安全帽,2026-08-12 21:10:51,一号摄像头,是,前摄
57,未佩戴安全帽,2026-08-12 21:14:16,一号摄像头,是,前摄
58,未佩戴安全帽,2026-08-12 21:14:26,一号摄像头,是,前摄
59,未佩戴安全帽,2026-08-12 21:22:53,cam01,是,前摄
60,未佩戴安全帽,2026-08-12 21:23:40,cam01,是,前摄
61,未佩戴安全帽,2026-08-12 21:23:50,cam01,是,前摄
62,未佩戴安全帽,2026-08-12 21:24:00,cam01,是,前摄
63,未佩戴安全帽,2026-08-12 21:24:10,cam01,是,前摄
64,未佩戴安全帽,2026-08-12 21:24:20,cam01,是,前摄
65,未佩戴安全帽,2026-08-12 21:24:30,cam01,是,前摄
66,未佩戴安全帽,2026-08-12 21:24:40,cam01,是,前摄
67,未佩戴安全帽,2026-08-12 21:24:50,cam01,是,前摄
68,未佩戴安全帽,2026-08-12 21:25:00,cam01,是,前摄
69,未佩戴安全帽,2026-08-12 21:25:10,cam01,是,前摄
70,未佩戴安全帽,2026-08-12 21:25:20,cam01,是,前摄
71,未佩戴安全帽,2026-08-12 21:25:30,cam01,是,前摄
72,未佩戴安全帽,2026-08-13 08:35:58,前摄像头,是,前摄
72,未佩戴安全帽,2026-08-13 08:35:58,cam01,是,前摄
73,未佩戴安全帽,2026-08-13 08:36:08,前摄像头,是,前摄
73,未佩戴安全帽,2026-08-13 08:36:08,cam01,是,前摄
74,未佩戴安全帽,2026-08-13 08:36:18,前摄像头,是,前摄
74,未佩戴安全帽,2026-08-13 08:36:18,cam01,是,前摄
75,未佩戴安全帽,2026-08-13 08:36:28,cam01,是,前摄
75,未佩戴安全帽,2026-08-13 08:36:34,前摄像头,是,前摄
76,未佩戴安全帽,2026-08-13 08:36:38,cam01,是,前摄
76,未佩戴安全帽,2026-08-13 08:36:44,前摄像头,是,前摄
77,未佩戴安全帽,2026-08-13 08:36:48,cam01,是,前摄
77,未佩戴安全帽,2026-08-13 08:36:54,前摄像头,是,前摄
78,未佩戴安全帽,2026-08-13 08:36:58,cam01,是,前摄
79,未佩戴安全帽,2026-08-13 08:38:34,前摄像头,是,前摄
80,未佩戴安全帽,2026-08-13 08:38:44,前摄像头,是,前摄
81,未佩戴安全帽,2026-08-13 08:38:54,前摄像头,是,前摄
82,未佩戴安全帽,2026-08-13 08:39:21,前摄像头,是,前摄
83,未佩戴安全帽,2026-08-13 08:39:31,前摄像头,是,前摄
84,未佩戴安全帽,2026-08-13 08:39:41,前摄像头,是,前摄
85,未佩戴安全帽,2026-08-13 08:39:51,前摄像头,是,前摄
86,未佩戴安全帽,2026-08-13 08:40:01,前摄像头,是,前摄
87,未佩戴安全帽,2026-08-13 08:40:11,前摄像头,是,前摄
87,未佩戴安全帽,2026-08-13 08:40:14,cam01,是,前摄
88,未佩戴安全帽,2026-08-13 08:40:21,前摄像头,是,前摄
88,未佩戴安全帽,2026-08-13 08:40:24,cam01,是,前摄
89,未佩戴安全帽,2026-08-13 08:40:31,前摄像头,是,前摄
89,未佩戴安全帽,2026-08-13 08:40:34,cam01,是,前摄
90,未佩戴安全帽,2026-08-13 08:40:41,前摄像头,是,前摄
90,未佩戴安全帽,2026-08-13 08:40:44,cam01,是,前摄
91,未佩戴安全帽,2026-08-13 08:40:51,前摄像头,是,前摄
91,未佩戴安全帽,2026-08-13 08:40:54,cam01,是,前摄
92,未佩戴安全帽,2026-08-13 08:41:01,前摄像头,是,前摄
92,未佩戴安全帽,2026-08-13 08:41:04,cam01,是,前摄
93,未佩戴安全帽,2026-08-13 08:41:11,前摄像头,是,前摄
93,未佩戴安全帽,2026-08-13 08:41:14,cam01,是,前摄
94,未佩戴安全帽,2026-08-13 10:28:38,前摄像头,是,前摄
94,未佩戴安全帽,2026-08-13 10:28:41,后摄像头,是,后摄
95,未佩戴安全帽,2026-08-13 10:28:48,前摄像头,是,前摄
95,未佩戴安全帽,2026-08-13 10:28:51,后摄像头,是,后摄
96,未佩戴安全帽,2026-08-13 10:28:58,前摄像头,是,前摄
96,未佩戴安全帽,2026-08-13 10:29:05,后摄像头,是,后摄
97,未佩戴安全帽,2026-08-13 10:29:08,前摄像头,是,前摄
97,未佩戴安全帽,2026-08-13 10:29:16,后摄像头,是,后摄
98,未佩戴安全帽,2026-08-13 10:29:18,前摄像头,是,前摄
98,未佩戴安全帽,2026-08-13 10:29:26,后摄像头,是,后摄
99,未佩戴安全帽,2026-08-13 10:29:28,前摄像头,是,前摄
99,未佩戴安全帽,2026-08-13 10:29:36,后摄像头,是,后摄
100,未佩戴安全帽,2026-08-13 10:29:38,前摄像头,是,前摄
100,未佩戴安全帽,2026-08-13 10:29:46,后摄像头,是,后摄
101,未佩戴安全帽,2026-08-13 10:29:48,前摄像头,是,前摄
101,未佩戴安全帽,2026-08-13 10:29:56,后摄像头,是,后摄
102,未佩戴安全帽,2026-08-13 10:29:58,前摄像头,是,前摄
103,未佩戴安全帽,2026-08-13 10:30:08,前摄像头,是,前摄
103,未佩戴安全帽,2026-08-13 10:30:11,后摄像头,是,后摄
104,未佩戴安全帽,2026-08-13 10:30:18,前摄像头,是,前摄
104,未佩戴安全帽,2026-08-13 10:30:21,后摄像头,是,后摄
105,未佩戴安全帽,2026-08-13 10:30:28,前摄像头,是,前摄
105,未佩戴安全帽,2026-08-13 10:30:31,后摄像头,是,后摄
106,未佩戴安全帽,2026-08-13 10:30:38,前摄像头,是,前摄
106,未佩戴安全帽,2026-08-13 10:30:41,后摄像头,是,后摄
107,未佩戴安全帽,2026-08-13 10:30:48,前摄像头,是,前摄
107,未佩戴安全帽,2026-08-13 10:30:51,后摄像头,是,后摄
108,未佩戴安全帽,2026-08-13 10:30:58,前摄像头,是,前摄
108,未佩戴安全帽,2026-08-13 10:31:01,后摄像头,是,后摄
109,未佩戴安全帽,2026-08-13 10:31:08,前摄像头,是,前摄
109,未佩戴安全帽,2026-08-13 10:31:11,后摄像头,是,后摄
110,未佩戴安全帽,2026-08-13 10:31:18,前摄像头,是,前摄
110,未佩戴安全帽,2026-08-13 10:31:21,后摄像头,是,后摄
111,未佩戴安全帽,2026-08-13 10:31:28,前摄像头,是,前摄
111,未佩戴安全帽,2026-08-13 10:31:31,后摄像头,是,后摄
112,未佩戴安全帽,2026-08-13 10:31:38,前摄像头,是,前摄
112,未佩戴安全帽,2026-08-13 10:31:41,后摄像头,是,后摄
113,未佩戴安全帽,2026-08-13 10:31:48,前摄像头,是,前摄
113,未佩戴安全帽,2026-08-13 10:31:51,后摄像头,是,后摄
114,未佩戴安全帽,2026-08-13 10:31:58,前摄像头,是,前摄
114,未佩戴安全帽,2026-08-13 10:32:01,后摄像头,是,后摄
115,未佩戴安全帽,2026-08-13 10:32:08,前摄像头,是,前摄
115,未佩戴安全帽,2026-08-13 10:32:11,后摄像头,是,后摄
116,未佩戴安全帽,2026-08-13 10:32:18,前摄像头,是,前摄
116,未佩戴安全帽,2026-08-13 10:32:21,后摄像头,是,后摄
117,未佩戴安全帽,2026-08-13 10:32:28,前摄像头,是,前摄
117,未佩戴安全帽,2026-08-13 10:32:31,后摄像头,是,后摄
118,未佩戴安全帽,2026-08-13 10:32:38,前摄像头,是,前摄
118,未佩戴安全帽,2026-08-13 10:32:41,后摄像头,是,后摄
119,未佩戴安全帽,2026-08-13 10:32:48,前摄像头,是,前摄
119,未佩戴安全帽,2026-08-13 10:32:51,后摄像头,是,后摄
120,未佩戴安全帽,2026-08-13 10:32:58,前摄像头,是,前摄
120,未佩戴安全帽,2026-08-13 10:33:01,后摄像头,是,后摄
121,"person,helmet",2026-08-13 10:33:05,前摄像头,否,前摄
122,未佩戴安全帽,2026-08-13 10:33:08,前摄像头,是,前摄
121,未佩戴安全帽,2026-08-13 10:33:11,后摄像头,是,后摄
123,未佩戴安全帽,2026-08-13 10:33:18,前摄像头,是,前摄
122,未佩戴安全帽,2026-08-13 10:33:21,后摄像头,是,后摄
124,未佩戴安全帽,2026-08-13 10:33:28,前摄像头,是,前摄
123,未佩戴安全帽,2026-08-13 10:33:31,后摄像头,是,后摄
125,未佩戴安全帽,2026-08-13 10:33:38,前摄像头,是,前摄
124,未佩戴安全帽,2026-08-13 10:33:41,后摄像头,是,后摄
126,未佩戴安全帽,2026-08-13 10:33:48,前摄像头,是,前摄
125,未佩戴安全帽,2026-08-13 10:33:51,后摄像头,是,后摄
127,未佩戴安全帽,2026-08-13 10:33:58,前摄像头,是,前摄
126,未佩戴安全帽,2026-08-13 10:34:01,后摄像头,是,后摄
128,未佩戴安全帽,2026-08-13 10:34:08,前摄像头,是,前摄
127,未佩戴安全帽,2026-08-13 10:34:11,后摄像头,是,后摄
129,未佩戴安全帽,2026-08-13 10:34:18,前摄像头,是,前摄
128,未佩戴安全帽,2026-08-13 10:34:21,后摄像头,是,后摄
130,未佩戴安全帽,2026-08-13 10:34:28,前摄像头,是,前摄
131,"person,helmet",2026-08-13 10:34:31,前摄像头,否,前摄
129,未佩戴安全帽,2026-08-13 10:34:31,后摄像头,是,后摄
132,"person,helmet",2026-08-13 10:34:32,前摄像头,否,前摄
133,未佩戴安全帽,2026-08-13 10:34:38,前摄像头,是,前摄
130,未佩戴安全帽,2026-08-13 10:34:41,后摄像头,是,后摄
131,未佩戴安全帽,2026-08-13 10:34:51,后摄像头,是,后摄
134,未佩戴安全帽,2026-08-13 10:34:54,前摄像头,是,前摄
132,未佩戴安全帽,2026-08-13 10:35:01,后摄像头,是,后摄
135,未佩戴安全帽,2026-08-13 10:35:04,前摄像头,是,前摄
133,未佩戴安全帽,2026-08-13 10:35:11,后摄像头,是,后摄
136,未佩戴安全帽,2026-08-13 10:35:14,前摄像头,是,前摄
134,未佩戴安全帽,2026-08-13 10:35:21,后摄像头,是,后摄
137,未佩戴安全帽,2026-08-13 10:35:24,前摄像头,是,前摄
135,未佩戴安全帽,2026-08-13 10:35:31,后摄像头,是,后摄
138,未佩戴安全帽,2026-08-13 10:35:34,前摄像头,是,前摄
136,未佩戴安全帽,2026-08-13 10:35:41,后摄像头,是,后摄
139,未佩戴安全帽,2026-08-13 10:35:44,前摄像头,是,前摄
137,未佩戴安全帽,2026-08-13 10:35:51,后摄像头,是,后摄
140,未佩戴安全帽,2026-08-13 10:35:54,前摄像头,是,前摄
138,未佩戴安全帽,2026-08-13 10:36:01,后摄像头,是,后摄
141,未佩戴安全帽,2026-08-13 10:36:04,前摄像头,是,前摄
139,未佩戴安全帽,2026-08-13 10:36:11,后摄像头,是,后摄
142,未佩戴安全帽,2026-08-13 10:36:14,前摄像头,是,前摄
140,未佩戴安全帽,2026-08-13 10:36:21,后摄像头,是,后摄
143,未佩戴安全帽,2026-08-13 10:36:24,前摄像头,是,前摄
141,未佩戴安全帽,2026-08-13 10:36:31,后摄像头,是,后摄
144,未佩戴安全帽,2026-08-13 10:36:34,前摄像头,是,前摄
142,"person,helmet",2026-08-13 10:36:40,后摄像头,否,后摄
143,未佩戴安全帽,2026-08-13 10:36:41,后摄像头,是,后摄
144,"person,helmet",2026-08-13 10:36:44,后摄像头,否,后摄
145,未佩戴安全帽,2026-08-13 10:36:44,前摄像头,是,前摄
145,未佩戴安全帽,2026-08-13 10:36:51,后摄像头,是,后摄
146,"person,helmet",2026-08-13 10:36:52,后摄像头,否,后摄
147,"person,helmet",2026-08-13 10:36:54,后摄像头,否,后摄
146,未佩戴安全帽,2026-08-13 10:36:54,前摄像头,是,前摄
148,"person,lamp,helmet",2026-08-13 10:36:55,后摄像头,否,后摄
147,未佩戴安全帽,2026-08-13 10:37:04,前摄像头,是,前摄
148,未佩戴安全帽,2026-08-13 10:37:14,前摄像头,是,前摄
149,未佩戴安全帽,2026-08-13 10:37:15,后摄像头,是,后摄
150,"person,helmet",2026-08-13 10:37:15,后摄像头,否,后摄
149,"helmet,person,chair",2026-08-13 10:37:19,前摄像头,否,前摄
150,未佩戴安全帽,2026-08-13 10:37:24,前摄像头,是,前摄
151,未佩戴安全帽,2026-08-13 10:37:25,后摄像头,是,后摄
151,未佩戴安全帽,2026-08-13 10:37:34,前摄像头,是,前摄
152,未佩戴安全帽,2026-08-13 10:37:35,后摄像头,是,后摄
152,未佩戴安全帽,2026-08-13 10:37:44,前摄像头,是,前摄
153,未佩戴安全帽,2026-08-13 10:37:45,后摄像头,是,后摄
154,"person,helmet",2026-08-13 10:37:52,后摄像头,否,后摄
153,未佩戴安全帽,2026-08-13 10:37:54,前摄像头,是,前摄
155,未佩戴安全帽,2026-08-13 10:37:55,后摄像头,是,后摄
154,未佩戴安全帽,2026-08-13 10:38:04,前摄像头,是,前摄
156,未佩戴安全帽,2026-08-13 10:38:05,后摄像头,是,后摄
155,未佩戴安全帽,2026-08-13 10:38:14,前摄像头,是,前摄
157,未佩戴安全帽,2026-08-13 10:38:15,后摄像头,是,后摄
156,未佩戴安全帽,2026-08-13 10:38:24,前摄像头,是,前摄
158,未佩戴安全帽,2026-08-13 10:38:25,后摄像头,是,后摄
159,"person,potted plant,helmet,lamp",2026-08-13 10:38:27,后摄像头,否,后摄
157,未佩戴安全帽,2026-08-13 10:38:34,前摄像头,是,前摄
160,未佩戴安全帽,2026-08-13 10:38:35,后摄像头,是,后摄
158,未佩戴安全帽,2026-08-13 10:38:44,前摄像头,是,前摄
161,未佩戴安全帽,2026-08-13 10:38:45,后摄像头,是,后摄
159,未佩戴安全帽,2026-08-13 10:38:54,前摄像头,是,前摄
162,未佩戴安全帽,2026-08-13 10:38:55,后摄像头,是,后摄
160,未佩戴安全帽,2026-08-13 10:39:04,前摄像头,是,前摄
163,未佩戴安全帽,2026-08-13 10:39:05,后摄像头,是,后摄
161,未佩戴安全帽,2026-08-13 10:39:14,前摄像头,是,前摄
164,未佩戴安全帽,2026-08-13 10:39:15,后摄像头,是,后摄
162,未佩戴安全帽,2026-08-13 10:39:24,前摄像头,是,前摄
165,未佩戴安全帽,2026-08-13 10:39:25,后摄像头,是,后摄
163,未佩戴安全帽,2026-08-13 10:39:34,前摄像头,是,前摄
166,未佩戴安全帽,2026-08-13 10:39:35,后摄像头,是,后摄
164,未佩戴安全帽,2026-08-13 10:39:44,前摄像头,是,前摄
167,未佩戴安全帽,2026-08-13 10:39:45,后摄像头,是,后摄
165,未佩戴安全帽,2026-08-13 10:39:54,前摄像头,是,前摄
168,未佩戴安全帽,2026-08-13 10:39:55,后摄像头,是,后摄
166,未佩戴安全帽,2026-08-13 10:40:04,前摄像头,是,前摄
169,未佩戴安全帽,2026-08-13 10:40:05,后摄像头,是,后摄
167,未佩戴安全帽,2026-08-13 10:40:14,前摄像头,是,前摄
170,未佩戴安全帽,2026-08-13 11:53:48,后摄像头,是,后摄
171,未佩戴安全帽,2026-08-13 11:53:58,后摄像头,是,后摄
172,未佩戴安全帽,2026-08-13 12:18:14,后摄像头,是,后摄
173,未佩戴安全帽,2026-08-13 12:19:00,后摄像头,是,后摄
174,未佩戴安全帽,2026-08-13 12:19:10,后摄像头,是,后摄
175,未佩戴安全帽,2026-08-13 12:19:20,后摄像头,是,后摄
176,未佩戴安全帽,2026-08-13 12:19:30,后摄像头,是,后摄
177,未佩戴安全帽,2026-08-13 12:19:44,后摄像头,是,后摄
178,未佩戴安全帽,2026-08-13 12:19:54,后摄像头,是,后摄
179,未佩戴安全帽,2026-08-13 12:20:04,后摄像头,是,后摄
180,未佩戴安全帽,2026-08-13 12:20:14,后摄像头,是,后摄
181,未佩戴安全帽,2026-08-13 12:20:24,后摄像头,是,后摄
182,未佩戴安全帽,2026-08-13 12:20:34,后摄像头,是,后摄
183,未佩戴安全帽,2026-08-13 12:23:57,前摄像头,是,前摄
184,未佩戴安全帽,2026-08-13 12:24:02,前摄像头,是,前摄
185,"chair,tv,cup",2026-08-13 12:24:05,前摄像头,否,前摄
186,未佩戴安全帽,2026-08-13 12:24:07,前摄像头,是,前摄
187,"chair,tv,cup",2026-08-13 12:24:11,前摄像头,否,前摄
188,未佩戴安全帽,2026-08-13 12:24:12,前摄像头,是,前摄
189,"chair,tv",2026-08-13 12:24:15,前摄像头,否,前摄
190,"chair,tv",2026-08-13 12:24:17,前摄像头,否,前摄
191,未佩戴安全帽,2026-08-13 12:24:17,前摄像头,是,前摄
192,"chair,tv",2026-08-13 12:24:19,前摄像头,否,前摄
193,"chair,tv",2026-08-13 12:24:21,前摄像头,否,前摄
194,未佩戴安全帽,2026-08-13 12:24:22,前摄像头,是,前摄
195,"chair,tv",2026-08-13 12:24:23,前摄像头,否,前摄
196,"chair,tv",2026-08-13 12:24:25,前摄像头,否,前摄
197,未佩戴安全帽,2026-08-13 12:24:27,前摄像头,是,前摄
198,未佩戴安全帽,2026-08-13 12:24:32,前摄像头,是,前摄
199,未佩戴安全帽,2026-08-13 12:24:37,前摄像头,是,前摄
200,未佩戴安全帽,2026-08-13 12:24:42,前摄像头,是,前摄
201,未佩戴安全帽,2026-08-13 12:24:47,前摄像头,是,前摄
202,"chair,tv,handbag",2026-08-13 12:24:47,前摄像头,否,前摄
203,"chair,tv",2026-08-13 12:24:50,前摄像头,否,前摄
204,"chair,tv",2026-08-13 12:24:52,前摄像头,否,前摄
205,未佩戴安全帽,2026-08-13 12:24:53,前摄像头,是,前摄
206,"chair,tv",2026-08-13 12:24:54,前摄像头,否,前摄
207,"chair,tv",2026-08-13 12:24:56,前摄像头,否,前摄
208,未佩戴安全帽,2026-08-13 12:24:58,前摄像头,是,前摄
209,"chair,tv",2026-08-13 12:25:00,前摄像头,否,前摄
210,"chair,tv",2026-08-13 12:25:02,前摄像头,否,前摄
211,未佩戴安全帽,2026-08-13 12:25:03,前摄像头,是,前摄
212,"chair,tv",2026-08-13 12:25:04,前摄像头,否,前摄
213,未佩戴安全帽,2026-08-13 12:25:37,前摄像头,是,前摄
214,"chair,tv",2026-08-13 12:25:37,前摄像头,否,前摄
215,"chair,tv",2026-08-13 12:25:39,前摄像头,否,前摄
216,"chair,tv",2026-08-13 12:25:41,前摄像头,否,前摄
217,未佩戴安全帽,2026-08-13 12:25:42,前摄像头,是,前摄
218,"chair,tv",2026-08-13 12:25:43,前摄像头,否,前摄
219,"chair,tv,cup",2026-08-13 12:25:45,前摄像头,否,前摄
220,"chair,tv",2026-08-13 12:25:47,前摄像头,否,前摄
221,未佩戴安全帽,2026-08-13 12:25:47,前摄像头,是,前摄
222,"chair,tv",2026-08-13 12:25:49,前摄像头,否,前摄
223,未佩戴安全帽,2026-08-13 12:25:52,前摄像头,是,前摄
224,"chair,tv",2026-08-13 12:25:54,前摄像头,否,前摄
225,"chair,tv",2026-08-13 12:25:56,前摄像头,否,前摄
226,未佩戴安全帽,2026-08-13 12:25:57,前摄像头,是,前摄
227,"chair,tv",2026-08-13 12:25:59,前摄像头,否,前摄
228,"chair,tv",2026-08-13 12:36:51,前摄像头,否,前摄
229,未佩戴安全帽,2026-08-13 12:36:51,前摄像头,是,前摄
230,"chair,tv",2026-08-13 12:36:55,前摄像头,否,前摄
231,未佩戴安全帽,2026-08-13 12:36:56,前摄像头,是,前摄
232,"chair,tv",2026-08-13 12:36:57,前摄像头,否,前摄
233,未佩戴安全帽,2026-08-13 12:37:01,前摄像头,是,前摄
234,"chair,tv",2026-08-13 12:37:02,前摄像头,否,前摄
235,"chair,tv,handbag",2026-08-13 12:37:05,前摄像头,否,前摄
236,未佩戴安全帽,2026-08-13 12:37:06,前摄像头,是,前摄
237,"chair,tv,cup",2026-08-13 12:37:08,前摄像头,否,前摄
238,未佩戴安全帽,2026-08-13 12:37:11,前摄像头,是,前摄
239,未佩戴安全帽,2026-08-13 12:37:16,前摄像头,是,前摄
240,未佩戴安全帽,2026-08-13 12:37:21,前摄像头,是,前摄
241,未佩戴安全帽,2026-08-13 12:37:42,后摄像头,是,后摄
242,未佩戴安全帽,2026-08-13 12:37:52,后摄像头,是,后摄
243,未佩戴安全帽,2026-08-13 12:38:02,后摄像头,是,后摄
244,未佩戴安全帽,2026-08-13 12:38:12,后摄像头,是,后摄
245,未佩戴安全帽,2026-08-13 12:38:22,后摄像头,是,后摄
246,未佩戴安全帽,2026-08-13 12:38:32,后摄像头,是,后摄
247,"chair,tv",2026-08-13 12:46:45,前摄像头,否,前摄
248,未佩戴安全帽,2026-08-13 12:46:45,前摄像头,是,前摄
249,"chair,tv",2026-08-13 12:46:47,前摄像头,否,前摄
250,"chair,tv,cup",2026-08-13 12:46:49,前摄像头,否,前摄
251,"chair,tv",2026-08-13 12:46:51,前摄像头,否,前摄
252,"chair,tv,cup",2026-08-13 12:46:53,前摄像头,否,前摄
253,未佩戴安全帽,2026-08-13 12:46:54,前摄像头,是,前摄
254,"chair,tv",2026-08-13 12:46:55,前摄像头,否,前摄
255,"chair,tv",2026-08-13 12:46:57,前摄像头,否,前摄
256,chair,2026-08-13 12:46:59,前摄像头,否,前摄
257,"chair,tv",2026-08-13 12:47:01,前摄像头,否,前摄
258,"chair,tv",2026-08-13 12:47:03,前摄像头,否,前摄
259,"chair,tv",2026-08-13 12:47:05,前摄像头,否,前摄
260,未佩戴安全帽,2026-08-13 12:47:06,前摄像头,是,前摄
261,"chair,tv",2026-08-13 12:47:07,前摄像头,否,前摄
262,"chair,tv,cup",2026-08-13 12:47:09,前摄像头,否,前摄
263,未佩戴安全帽,2026-08-13 12:47:11,前摄像头,是,前摄
264,"chair,tv",2026-08-13 12:47:11,前摄像头,否,前摄
265,"chair,tv,cup",2026-08-13 12:47:13,前摄像头,否,前摄
266,"chair,tv,handbag",2026-08-13 12:47:15,前摄像头,否,前摄
267,未佩戴安全帽,2026-08-13 12:47:16,前摄像头,是,前摄
268,"chair,tv",2026-08-13 12:47:17,前摄像头,否,前摄
269,"chair,tv",2026-08-13 12:47:19,前摄像头,否,前摄
270,未佩戴安全帽,2026-08-13 12:59:01,前摄像头,是,前摄
271,"chair,tv",2026-08-13 12:59:04,前摄像头,否,前摄
272,未佩戴安全帽,2026-08-13 12:59:06,前摄像头,是,前摄
273,"chair,tv",2026-08-13 12:59:06,前摄像头,否,前摄
270,未佩戴安全帽,2026-08-13 12:59:08,后摄像头,是,后摄
274,未佩戴安全帽,2026-08-13 12:59:11,前摄像头,是,前摄
275,"chair,tv",2026-08-13 12:59:15,前摄像头,否,前摄
276,未佩戴安全帽,2026-08-13 12:59:16,前摄像头,是,前摄
271,未佩戴安全帽,2026-08-13 12:59:18,后摄像头,是,后摄
277,"chair,tv,cup",2026-08-13 12:59:19,前摄像头,否,前摄
278,未佩戴安全帽,2026-08-13 12:59:21,前摄像头,是,前摄
279,"chair,tv",2026-08-13 12:59:23,前摄像头,否,前摄
280,未佩戴安全帽,2026-08-13 12:59:26,前摄像头,是,前摄
272,未佩戴安全帽,2026-08-13 12:59:28,后摄像头,是,后摄
281,未佩戴安全帽,2026-08-13 12:59:31,前摄像头,是,前摄
282,"chair,tv",2026-08-13 12:59:33,前摄像头,否,前摄
283,未佩戴安全帽,2026-08-13 12:59:36,前摄像头,是,前摄
284,"chair,tv",2026-08-13 12:59:36,前摄像头,否,前摄
273,未佩戴安全帽,2026-08-13 12:59:38,后摄像头,是,后摄
285,未佩戴安全帽,2026-08-13 12:59:41,前摄像头,是,前摄
286,未佩戴安全帽,2026-08-13 12:59:46,前摄像头,是,前摄
274,未佩戴安全帽,2026-08-13 12:59:48,后摄像头,是,后摄
287,未佩戴安全帽,2026-08-13 12:59:51,前摄像头,是,前摄
288,未佩戴安全帽,2026-08-13 12:59:56,前摄像头,是,前摄
275,未佩戴安全帽,2026-08-13 12:59:58,后摄像头,是,后摄
289,未佩戴安全帽,2026-08-13 13:00:01,前摄像头,是,前摄
290,"chair,tv,handbag",2026-08-13 13:00:02,前摄像头,否,前摄
291,未佩戴安全帽,2026-08-13 13:00:06,前摄像头,是,前摄
292,"chair,tv",2026-08-13 13:00:07,前摄像头,否,前摄
276,未佩戴安全帽,2026-08-13 13:00:08,后摄像头,是,后摄
293,未佩戴安全帽,2026-08-13 13:00:11,前摄像头,是,前摄
294,未佩戴安全帽,2026-08-13 13:00:16,前摄像头,是,前摄
277,未佩戴安全帽,2026-08-13 13:00:18,后摄像头,是,后摄
295,"chair,tv,cup",2026-08-13 13:00:20,前摄像头,否,前摄
296,"chair,mouse",2026-08-13 13:16:27,前摄像头,否,前摄
297,backpack,2026-08-13 13:16:29,前摄像头,否,前摄
298,未佩戴安全帽,2026-08-13 13:16:31,前摄像头,是,前摄
299,"chair,backpack,mouse",2026-08-13 13:16:31,前摄像头,否,前摄
300,"backpack,chair,mouse",2026-08-13 13:16:33,前摄像头,否,前摄
301,"mouse,backpack",2026-08-13 13:16:35,前摄像头,否,前摄
302,未佩戴安全帽,2026-08-13 13:16:36,前摄像头,是,前摄
303,"backpack,skateboard,mouse",2026-08-13 13:16:38,前摄像头,否,前摄
304,"backpack,mouse",2026-08-13 13:16:40,前摄像头,否,前摄
305,未佩戴安全帽,2026-08-13 13:16:41,前摄像头,是,前摄
306,"mouse,backpack,chair",2026-08-13 13:16:42,前摄像头,否,前摄
307,"chair,mouse",2026-08-13 13:16:44,前摄像头,否,前摄
308,"mouse,backpack",2026-08-13 13:16:46,前摄像头,否,前摄
309,未佩戴安全帽,2026-08-13 13:16:46,前摄像头,是,前摄
310,"chair,mouse",2026-08-13 13:16:48,前摄像头,否,前摄
311,未佩戴安全帽,2026-08-13 13:16:51,前摄像头,是,前摄
312,"backpack,mouse",2026-08-13 13:16:52,前摄像头,否,前摄
313,"mouse,backpack",2026-08-13 13:16:54,前摄像头,否,前摄
314,"backpack,mouse",2026-08-13 13:16:56,前摄像头,否,前摄
315,未佩戴安全帽,2026-08-13 13:16:56,前摄像头,是,前摄
316,"backpack,mouse,handbag",2026-08-13 13:16:58,前摄像头,否,前摄
317,"backpack,mouse",2026-08-13 13:17:00,前摄像头,否,前摄
318,未佩戴安全帽,2026-08-13 13:17:01,前摄像头,是,前摄
319,"chair,mouse,backpack",2026-08-13 13:17:02,前摄像头,否,前摄
320,"backpack,mouse,chair",2026-08-13 13:17:04,前摄像头,否,前摄
321,backpack,2026-08-13 13:17:06,前摄像头,否,前摄
322,未佩戴安全帽,2026-08-13 13:17:06,前摄像头,是,前摄
323,chair,2026-08-13 13:17:08,前摄像头,否,前摄
324,"backpack,chair",2026-08-13 13:17:10,前摄像头,否,前摄
325,未佩戴安全帽,2026-08-13 13:17:12,前摄像头,是,前摄
326,"mouse,chair,backpack",2026-08-13 13:17:12,前摄像头,否,前摄
327,"backpack,mouse,chair",2026-08-13 13:17:14,前摄像头,否,前摄
328,"chair,mouse",2026-08-13 13:17:16,前摄像头,否,前摄
329,未佩戴安全帽,2026-08-13 13:17:17,前摄像头,是,前摄
330,"mouse,backpack",2026-08-13 13:17:18,前摄像头,否,前摄
331,"chair,mouse",2026-08-13 13:17:20,前摄像头,否,前摄
332,"backpack,mouse",2026-08-13 13:17:22,前摄像头,否,前摄
333,未佩戴安全帽,2026-08-13 13:17:22,前摄像头,是,前摄
334,"chair,mouse,backpack",2026-08-13 13:17:24,前摄像头,否,前摄
335,"chair,mouse",2026-08-13 13:17:26,前摄像头,否,前摄
336,未佩戴安全帽,2026-08-13 13:17:28,前摄像头,是,前摄
337,"chair,mouse",2026-08-13 13:26:31,前摄像头,否,前摄
338,未佩戴安全帽,2026-08-13 13:26:32,前摄像头,是,前摄
339,chair,2026-08-13 13:26:33,前摄像头,否,前摄
340,chair,2026-08-13 13:26:35,前摄像头,否,前摄
341,"chair,mouse",2026-08-13 13:26:37,前摄像头,否,前摄
342,"chair,mouse",2026-08-13 13:26:39,前摄像头,否,前摄
343,未佩戴安全帽,2026-08-13 13:26:40,前摄像头,是,前摄
344,"chair,mouse",2026-08-13 13:26:41,前摄像头,否,前摄
345,"chair,mouse",2026-08-13 13:26:43,前摄像头,否,前摄
346,chair,2026-08-13 13:26:45,前摄像头,否,前摄
347,"chair,mouse",2026-08-13 13:26:47,前摄像头,否,前摄
348,"chair,mouse",2026-08-13 13:26:49,前摄像头,否,前摄
349,chair,2026-08-13 13:26:51,前摄像头,否,前摄
350,未佩戴安全帽,2026-08-13 13:26:51,前摄像头,是,前摄
351,"chair,mouse",2026-08-13 13:26:53,前摄像头,否,前摄
352,"chair,mouse",2026-08-13 13:26:55,前摄像头,否,前摄
353,"chair,mouse,handbag",2026-08-13 13:26:57,前摄像头,否,前摄
354,"chair,mouse",2026-08-13 13:26:59,前摄像头,否,前摄
355,未佩戴安全帽,2026-08-13 13:27:01,前摄像头,是,前摄
356,"chair,mouse",2026-08-13 13:27:01,前摄像头,否,前摄
357,"chair,mouse",2026-08-13 13:27:03,前摄像头,否,前摄
358,"chair,mouse",2026-08-13 13:27:05,前摄像头,否,前摄
359,未佩戴安全帽,2026-08-13 13:27:06,前摄像头,是,前摄
360,"chair,mouse",2026-08-13 13:27:07,前摄像头,否,前摄
361,"chair,mouse",2026-08-13 13:27:09,前摄像头,否,前摄
362,未佩戴安全帽,2026-08-13 13:27:11,前摄像头,是,前摄
363,chair,2026-08-13 13:27:11,前摄像头,否,前摄
364,"chair,mouse",2026-08-13 13:27:13,前摄像头,否,前摄
365,"chair,mouse",2026-08-13 13:27:15,前摄像头,否,前摄
366,未佩戴安全帽,2026-08-13 13:27:16,前摄像头,是,前摄
367,"mouse,chair,helmet",2026-08-13 13:27:18,前摄像头,否,前摄
368,"chair,mouse",2026-08-13 13:27:20,前摄像头,否,前摄
369,未佩戴安全帽,2026-08-13 13:27:21,前摄像头,是,前摄
370,"chair,mouse",2026-08-13 13:27:22,前摄像头,否,前摄
371,chair,2026-08-13 13:27:24,前摄像头,否,前摄
372,未佩戴安全帽,2026-08-13 13:27:26,前摄像头,是,前摄
373,"mouse,chair,backpack",2026-08-13 13:27:26,前摄像头,否,前摄
374,chair,2026-08-13 13:27:28,前摄像头,否,前摄
375,mouse,2026-08-13 13:27:30,前摄像头,否,前摄
376,未佩戴安全帽,2026-08-13 13:27:31,前摄像头,是,前摄
377,"mouse,backpack",2026-08-13 13:27:33,前摄像头,否,前摄
378,"chair,mouse",2026-08-13 13:27:35,前摄像头,否,前摄
379,未佩戴安全帽,2026-08-13 13:27:36,前摄像头,是,前摄
380,"chair,mouse",2026-08-13 13:27:37,前摄像头,否,前摄
381,"mouse,chair",2026-08-13 13:27:39,前摄像头,否,前摄
382,未佩戴安全帽,2026-08-13 13:27:41,前摄像头,是,前摄
383,"chair,mouse",2026-08-13 13:27:43,前摄像头,否,前摄
384,"chair,backpack",2026-08-13 13:27:45,前摄像头,否,前摄
385,未佩戴安全帽,2026-08-13 13:27:46,前摄像头,是,前摄
386,"chair,mouse",2026-08-13 13:27:48,前摄像头,否,前摄
387,"chair,mouse",2026-08-13 13:27:51,前摄像头,否,前摄
388,未佩戴安全帽,2026-08-13 13:27:51,前摄像头,是,前摄
389,未佩戴安全帽,2026-08-13 13:32:15,前摄像头,是,前摄
390,"chair,mouse",2026-08-13 13:32:15,前摄像头,否,前摄
391,"mouse,chair",2026-08-13 13:32:17,前摄像头,否,前摄
392,"chair,mouse,backpack",2026-08-13 13:32:19,前摄像头,否,前摄
393,未佩戴安全帽,2026-08-13 13:32:20,前摄像头,是,前摄
394,"chair,mouse,backpack",2026-08-13 13:32:21,前摄像头,否,前摄
395,"chair,mouse",2026-08-13 13:32:24,前摄像头,否,前摄
396,未佩戴安全帽,2026-08-13 13:32:25,前摄像头,是,前摄
397,"chair,backpack,bucket,mouse",2026-08-13 13:32:26,前摄像头,否,前摄
398,"chair,mouse",2026-08-13 13:32:28,前摄像头,否,前摄
399,"chair,mouse,backpack",2026-08-13 13:32:30,前摄像头,否,前摄
400,未佩戴安全帽,2026-08-13 13:32:30,前摄像头,是,前摄
401,"chair,backpack,mouse",2026-08-13 13:32:32,前摄像头,否,前摄
402,"chair,backpack,mouse",2026-08-13 13:32:34,前摄像头,否,前摄
403,未佩戴安全帽,2026-08-13 13:32:35,前摄像头,是,前摄
404,"chair,mouse,backpack",2026-08-13 13:32:36,前摄像头,否,前摄
405,"chair,mouse",2026-08-13 13:32:39,前摄像头,否,前摄
406,未佩戴安全帽,2026-08-13 13:32:40,前摄像头,是,前摄
407,"chair,backpack",2026-08-13 13:32:41,前摄像头,否,前摄
408,"chair,mouse",2026-08-13 13:32:43,前摄像头,否,前摄
409,未佩戴安全帽,2026-08-13 13:32:45,前摄像头,是,前摄
410,chair,2026-08-13 13:32:45,前摄像头,否,前摄
411,"chair,mouse",2026-08-13 13:32:47,前摄像头,否,前摄
412,未佩戴安全帽,2026-08-13 13:32:50,前摄像头,是,前摄
413,"chair,mouse",2026-08-13 13:32:51,前摄像头,否,前摄
414,chair,2026-08-13 13:32:53,前摄像头,否,前摄
415,未佩戴安全帽,2026-08-13 13:32:55,前摄像头,是,前摄
416,chair,2026-08-13 13:32:55,前摄像头,否,前摄
417,"chair,mouse",2026-08-13 13:32:57,前摄像头,否,前摄
418,"chair,mouse",2026-08-13 13:33:23,前摄像头,否,前摄
419,未佩戴安全帽,2026-08-13 13:33:23,前摄像头,是,前摄
420,"chair,mouse",2026-08-13 13:33:25,前摄像头,否,前摄
421,chair,2026-08-13 13:33:27,前摄像头,否,前摄
422,未佩戴安全帽,2026-08-13 13:33:28,前摄像头,是,前摄
423,"chair,mouse",2026-08-13 13:33:29,前摄像头,否,前摄
424,chair,2026-08-13 13:33:31,前摄像头,否,前摄
425,chair,2026-08-13 13:33:33,前摄像头,否,前摄
426,未佩戴安全帽,2026-08-13 13:33:33,前摄像头,是,前摄
427,"chair,mouse",2026-08-13 13:33:35,前摄像头,否,前摄
428,"chair,mouse",2026-08-13 13:33:37,前摄像头,否,前摄
429,未佩戴安全帽,2026-08-13 13:33:38,前摄像头,是,前摄
430,chair,2026-08-13 13:33:39,前摄像头,否,前摄
431,chair,2026-08-13 13:33:41,前摄像头,否,前摄
432,"chair,mouse",2026-08-13 13:33:43,前摄像头,否,前摄
433,未佩戴安全帽,2026-08-13 13:33:43,前摄像头,是,前摄
434,"chair,mouse",2026-08-13 13:33:45,前摄像头,否,前摄
435,"chair,mouse",2026-08-13 13:33:47,前摄像头,否,前摄
436,未佩戴安全帽,2026-08-13 13:33:49,前摄像头,是,前摄
437,"chair,mouse",2026-08-13 13:33:49,前摄像头,否,前摄
438,chair,2026-08-13 13:33:51,前摄像头,否,前摄
439,"chair,mouse",2026-08-13 13:33:53,前摄像头,否,前摄
440,未佩戴安全帽,2026-08-13 13:33:54,前摄像头,是,前摄
441,"chair,mouse",2026-08-13 13:33:55,前摄像头,否,前摄
442,"chair,mouse",2026-08-13 13:33:58,前摄像头,否,前摄
443,未佩戴安全帽,2026-08-13 13:33:59,前摄像头,是,前摄
444,"chair,mouse,cup",2026-08-13 13:34:00,前摄像头,否,前摄
445,"chair,mouse",2026-08-13 13:34:02,前摄像头,否,前摄
446,"chair,mouse",2026-08-13 13:34:04,前摄像头,否,前摄
447,未佩戴安全帽,2026-08-13 13:34:04,前摄像头,是,前摄
448,"chair,mouse",2026-08-13 13:34:06,前摄像头,否,前摄
449,"chair,mouse",2026-08-13 13:34:08,前摄像头,否,前摄
450,未佩戴安全帽,2026-08-13 13:34:09,前摄像头,是,前摄
451,chair,2026-08-13 13:34:10,前摄像头,否,前摄
452,"chair,mouse",2026-08-13 13:34:12,前摄像头,否,前摄
453,未佩戴安全帽,2026-08-13 13:34:14,前摄像头,是,前摄
454,"chair,mouse",2026-08-13 13:34:15,前摄像头,否,前摄
455,未佩戴安全帽,2026-08-13 13:34:19,前摄像头,是,前摄
456,chair,2026-08-13 13:34:20,前摄像头,否,前摄
457,"chair,mouse",2026-08-13 13:34:22,前摄像头,否,前摄
458,未佩戴安全帽,2026-08-13 13:34:24,前摄像头,是,前摄
459,"chair,mouse",2026-08-13 13:34:24,前摄像头,否,前摄
460,chair,2026-08-13 13:34:27,前摄像头,否,前摄
461,"chair,mouse",2026-08-13 13:34:29,前摄像头,否,前摄
462,未佩戴安全帽,2026-08-13 13:34:29,前摄像头,是,前摄
463,"chair,mouse",2026-08-13 13:34:31,前摄像头,否,前摄
464,"chair,mouse",2026-08-13 13:34:33,前摄像头,否,前摄
465,未佩戴安全帽,2026-08-13 13:34:34,前摄像头,是,前摄
466,"chair,tv",2026-08-13 13:34:35,前摄像头,否,前摄
467,"chair,mouse",2026-08-13 13:34:37,前摄像头,否,前摄
468,未佩戴安全帽,2026-08-13 13:34:39,前摄像头,是,前摄
469,chair,2026-08-13 13:34:39,前摄像头,否,前摄
470,chair,2026-08-13 13:34:42,前摄像头,否,前摄
471,未佩戴安全帽,2026-08-13 13:34:44,前摄像头,是,前摄
472,"chair,mouse",2026-08-13 13:34:44,前摄像头,否,前摄
473,chair,2026-08-13 13:34:46,前摄像头,否,前摄
474,未佩戴安全帽,2026-08-13 13:34:49,前摄像头,是,前摄
475,"chair,mouse",2026-08-13 13:34:49,前摄像头,否,前摄
476,"chair,mouse",2026-08-13 13:34:51,前摄像头,否,前摄
477,"chair,mouse",2026-08-13 13:34:53,前摄像头,否,前摄
478,未佩戴安全帽,2026-08-13 13:34:54,前摄像头,是,前摄
479,"chair,mouse",2026-08-13 13:34:55,前摄像头,否,前摄
480,"chair,mouse",2026-08-13 13:34:57,前摄像头,否,前摄
481,未佩戴安全帽,2026-08-13 13:34:59,前摄像头,是,前摄
482,"chair,mouse",2026-08-13 13:34:59,前摄像头,否,前摄
483,"chair,mouse",2026-08-13 13:35:01,前摄像头,否,前摄
484,"chair,mouse",2026-08-13 13:35:03,前摄像头,否,前摄
485,未佩戴安全帽,2026-08-13 13:35:04,前摄像头,是,前摄
486,chair,2026-08-13 13:35:05,前摄像头,否,前摄
487,"chair,mouse",2026-08-13 13:35:08,前摄像头,否,前摄
488,未佩戴安全帽,2026-08-13 13:35:09,前摄像头,是,前摄
489,"chair,mouse",2026-08-13 13:35:10,前摄像头,否,前摄
490,"chair,mouse",2026-08-13 13:35:12,前摄像头,否,前摄
491,未佩戴安全帽,2026-08-13 13:35:14,前摄像头,是,前摄
492,"chair,mouse",2026-08-13 13:35:14,前摄像头,否,前摄
493,chair,2026-08-13 13:35:16,前摄像头,否,前摄
494,"chair,cup",2026-08-13 13:35:18,前摄像头,否,前摄
495,未佩戴安全帽,2026-08-13 13:35:20,前摄像头,是,前摄
496,"chair,mouse",2026-08-13 13:35:20,前摄像头,否,前摄
497,"chair,mouse",2026-08-13 13:35:22,前摄像头,否,前摄
498,"chair,mouse",2026-08-13 13:35:24,前摄像头,否,前摄
499,未佩戴安全帽,2026-08-13 13:35:25,前摄像头,是,前摄
500,"chair,mouse",2026-08-13 13:35:26,前摄像头,否,前摄
501,"chair,mouse",2026-08-13 13:35:28,前摄像头,否,前摄
502,"chair,mouse",2026-08-13 13:35:30,前摄像头,否,前摄
503,未佩戴安全帽,2026-08-13 13:35:30,前摄像头,是,前摄
504,"chair,mouse",2026-08-13 13:35:32,前摄像头,否,前摄
505,chair,2026-08-13 13:35:34,前摄像头,否,前摄
506,未佩戴安全帽,2026-08-13 13:35:35,前摄像头,是,前摄
507,"chair,mouse",2026-08-13 13:35:36,前摄像头,否,前摄
508,"chair,mouse",2026-08-13 13:35:38,前摄像头,否,前摄
509,未佩戴安全帽,2026-08-13 13:35:40,前摄像头,是,前摄
510,"chair,mouse",2026-08-13 13:35:40,前摄像头,否,前摄
511,"chair,mouse",2026-08-13 13:35:42,前摄像头,否,前摄
512,"chair,mouse",2026-08-13 13:35:44,前摄像头,否,前摄
513,未佩戴安全帽,2026-08-13 13:35:45,前摄像头,是,前摄
514,"chair,mouse",2026-08-13 13:35:47,前摄像头,否,前摄
515,"chair,mouse",2026-08-13 13:35:49,前摄像头,否,前摄
516,未佩戴安全帽,2026-08-13 13:35:50,前摄像头,是,前摄
517,"chair,mouse",2026-08-13 13:35:51,前摄像头,否,前摄
518,"chair,mouse",2026-08-13 13:35:53,前摄像头,否,前摄
519,"chair,mouse",2026-08-13 13:35:55,前摄像头,否,前摄
520,未佩戴安全帽,2026-08-13 13:35:55,前摄像头,是,前摄
521,"chair,mouse",2026-08-13 13:35:57,前摄像头,否,前摄
522,"chair,mouse",2026-08-13 13:35:59,前摄像头,否,前摄
523,未佩戴安全帽,2026-08-13 13:36:00,前摄像头,是,前摄
524,chair,2026-08-13 13:36:01,前摄像头,否,前摄
525,chair,2026-08-13 13:36:03,前摄像头,否,前摄
526,chair,2026-08-13 13:36:05,前摄像头,否,前摄
527,未佩戴安全帽,2026-08-13 13:36:05,前摄像头,是,前摄
528,"chair,mouse",2026-08-13 13:36:08,前摄像头,否,前摄
529,"chair,mouse",2026-08-13 13:36:10,前摄像头,否,前摄
530,未佩戴安全帽,2026-08-13 13:36:10,前摄像头,是,前摄
531,chair,2026-08-13 13:36:12,前摄像头,否,前摄
532,"chair,mouse",2026-08-13 13:36:15,前摄像头,否,前摄
533,未佩戴安全帽,2026-08-13 13:36:16,前摄像头,是,前摄
534,chair,2026-08-13 13:36:17,前摄像头,否,前摄
535,"chair,mouse",2026-08-13 13:36:19,前摄像头,否,前摄
536,"chair,mouse",2026-08-13 13:36:21,前摄像头,否,前摄
537,未佩戴安全帽,2026-08-13 13:36:21,前摄像头,是,前摄
538,"chair,mouse",2026-08-13 13:36:23,前摄像头,否,前摄
539,"chair,handbag",2026-08-13 13:36:25,前摄像头,否,前摄
540,未佩戴安全帽,2026-08-13 13:36:26,前摄像头,是,前摄
541,"chair,mouse",2026-08-13 13:36:27,前摄像头,否,前摄
542,"chair,handbag",2026-08-13 13:36:30,前摄像头,否,前摄
543,未佩戴安全帽,2026-08-13 13:36:31,前摄像头,是,前摄
544,chair,2026-08-13 13:36:32,前摄像头,否,前摄
545,"chair,mouse",2026-08-13 13:36:34,前摄像头,否,前摄
546,"chair,bucket",2026-08-13 13:36:36,前摄像头,否,前摄
547,未佩戴安全帽,2026-08-13 13:36:36,前摄像头,是,前摄
548,"chair,mouse,handbag",2026-08-13 13:36:38,前摄像头,否,前摄
549,"chair,mouse",2026-08-13 13:36:40,前摄像头,否,前摄
550,未佩戴安全帽,2026-08-13 13:36:41,前摄像头,是,前摄
551,"chair,mouse",2026-08-13 13:36:42,前摄像头,否,前摄
552,"chair,mouse",2026-08-13 13:36:44,前摄像头,否,前摄
553,chair,2026-08-13 13:36:46,前摄像头,否,前摄
554,未佩戴安全帽,2026-08-13 13:36:47,前摄像头,是,前摄
555,chair,2026-08-13 13:36:49,前摄像头,否,前摄
556,"chair,mouse",2026-08-13 13:36:51,前摄像头,否,前摄
557,未佩戴安全帽,2026-08-13 13:36:52,前摄像头,是,前摄
558,chair,2026-08-13 13:36:53,前摄像头,否,前摄
559,"chair,mouse",2026-08-13 13:36:56,前摄像头,否,前摄
560,未佩戴安全帽,2026-08-13 13:36:57,前摄像头,是,前摄
561,chair,2026-08-13 13:36:58,前摄像头,否,前摄
562,"chair,mouse,bucket",2026-08-13 13:37:00,前摄像头,否,前摄
563,未佩戴安全帽,2026-08-13 13:37:02,前摄像头,是,前摄
564,"chair,mouse",2026-08-13 13:37:03,前摄像头,否,前摄
565,"chair,mouse",2026-08-13 13:37:05,前摄像头,否,前摄
566,未佩戴安全帽,2026-08-13 13:37:07,前摄像头,是,前摄
567,chair,2026-08-13 13:37:09,前摄像头,否,前摄
568,未佩戴安全帽,2026-08-13 13:37:12,前摄像头,是,前摄
569,chair,2026-08-13 13:37:16,前摄像头,否,前摄
570,未佩戴安全帽,2026-08-13 13:37:17,前摄像头,是,前摄
571,chair,2026-08-13 13:37:20,前摄像头,否,前摄
572,未佩戴安全帽,2026-08-13 13:37:22,前摄像头,是,前摄
573,"chair,mouse",2026-08-13 13:37:24,前摄像头,否,前摄
574,chair,2026-08-13 13:37:26,前摄像头,否,前摄
575,未佩戴安全帽,2026-08-13 13:37:27,前摄像头,是,前摄
576,"chair,mouse",2026-08-13 13:37:29,前摄像头,否,前摄
577,未佩戴安全帽,2026-08-13 13:37:32,前摄像头,是,前摄
578,"chair,mouse",2026-08-13 13:37:32,前摄像头,否,前摄
579,"chair,mouse",2026-08-13 13:37:34,前摄像头,否,前摄
580,"chair,mouse",2026-08-13 13:37:36,前摄像头,否,前摄
581,未佩戴安全帽,2026-08-13 13:37:37,前摄像头,是,前摄
582,"chair,mouse",2026-08-13 13:37:39,前摄像头,否,前摄
583,chair,2026-08-13 13:37:41,前摄像头,否,前摄
584,未佩戴安全帽,2026-08-13 13:37:42,前摄像头,是,前摄
585,"chair,mouse",2026-08-13 13:37:43,前摄像头,否,前摄
586,未佩戴安全帽,2026-08-13 13:37:47,前摄像头,是,前摄
587,"chair,mouse",2026-08-13 13:37:47,前摄像头,否,前摄
588,"chair,mouse",2026-08-13 13:37:49,前摄像头,否,前摄
589,"chair,mouse",2026-08-13 13:37:51,前摄像头,否,前摄
590,未佩戴安全帽,2026-08-13 13:37:52,前摄像头,是,前摄
591,chair,2026-08-13 13:37:53,前摄像头,否,前摄
592,"chair,handbag",2026-08-13 13:37:56,前摄像头,否,前摄
593,未佩戴安全帽,2026-08-13 13:37:57,前摄像头,是,前摄
594,"chair,mouse",2026-08-13 13:38:01,前摄像头,否,前摄
595,未佩戴安全帽,2026-08-13 13:38:02,前摄像头,是,前摄
596,chair,2026-08-13 13:38:03,前摄像头,否,前摄
597,"chair,mouse",2026-08-13 13:38:05,前摄像头,否,前摄
598,未佩戴安全帽,2026-08-13 13:38:07,前摄像头,是,前摄
599,"chair,mouse",2026-08-13 13:38:07,前摄像头,否,前摄
600,"chair,mouse",2026-08-13 13:38:09,前摄像头,否,前摄
601,"chair,mouse",2026-08-13 13:38:11,前摄像头,否,前摄
602,未佩戴安全帽,2026-08-13 13:38:12,前摄像头,是,前摄
603,chair,2026-08-13 13:38:13,前摄像头,否,前摄
604,"chair,mouse",2026-08-13 13:38:15,前摄像头,否,前摄
605,未佩戴安全帽,2026-08-13 13:38:17,前摄像头,是,前摄
606,"chair,mouse",2026-08-13 13:38:17,前摄像头,否,前摄
607,"chair,mouse",2026-08-13 13:38:19,前摄像头,否,前摄
608,"chair,mouse",2026-08-13 13:38:21,前摄像头,否,前摄
609,未佩戴安全帽,2026-08-13 13:38:22,前摄像头,是,前摄
610,"chair,tv,mouse",2026-08-13 13:38:24,前摄像头,否,前摄
611,"chair,mouse",2026-08-13 13:38:26,前摄像头,否,前摄
612,未佩戴安全帽,2026-08-13 13:38:27,前摄像头,是,前摄
613,"chair,mouse",2026-08-13 13:38:28,前摄像头,否,前摄
614,"chair,mouse",2026-08-13 13:38:30,前摄像头,否,前摄
615,chair,2026-08-13 13:38:32,前摄像头,否,前摄
616,未佩戴安全帽,2026-08-13 13:38:32,前摄像头,是,前摄
617,"chair,mouse",2026-08-13 13:38:34,前摄像头,否,前摄
618,chair,2026-08-13 13:38:36,前摄像头,否,前摄
619,未佩戴安全帽,2026-08-13 13:38:37,前摄像头,是,前摄
620,"chair,mouse",2026-08-13 13:38:38,前摄像头,否,前摄
621,"chair,mouse,tv",2026-08-13 13:38:40,前摄像头,否,前摄
622,未佩戴安全帽,2026-08-13 13:38:42,前摄像头,是,前摄
623,"chair,handbag,mouse",2026-08-13 13:38:42,前摄像头,否,前摄
624,"chair,mouse,handbag",2026-08-13 13:38:44,前摄像头,否,前摄
625,chair,2026-08-13 13:38:46,前摄像头,否,前摄
626,未佩戴安全帽,2026-08-13 13:38:47,前摄像头,是,前摄
627,"chair,mouse",2026-08-13 13:38:48,前摄像头,否,前摄
628,"chair,mouse",2026-08-13 13:38:51,前摄像头,否,前摄
629,未佩戴安全帽,2026-08-13 13:38:52,前摄像头,是,前摄
630,"chair,mouse",2026-08-13 13:38:55,前摄像头,否,前摄
631,未佩戴安全帽,2026-08-13 13:38:57,前摄像头,是,前摄
632,chair,2026-08-13 13:38:58,前摄像头,否,前摄
633,未佩戴安全帽,2026-08-13 13:39:02,前摄像头,是,前摄
634,"chair,mouse",2026-08-13 13:39:03,前摄像头,否,前摄
635,未佩戴安全帽,2026-08-13 13:39:07,前摄像头,是,前摄
636,未佩戴安全帽,2026-08-13 13:39:12,前摄像头,是,前摄
637,未佩戴安全帽,2026-08-13 13:39:17,前摄像头,是,前摄
638,未佩戴安全帽,2026-08-13 13:39:22,前摄像头,是,前摄
639,未佩戴安全帽,2026-08-13 13:39:27,前摄像头,是,前摄
640,未佩戴安全帽,2026-08-13 13:39:32,前摄像头,是,前摄
641,未佩戴安全帽,2026-08-13 13:39:37,前摄像头,是,前摄
642,未佩戴安全帽,2026-08-13 13:39:42,前摄像头,是,前摄
643,"chair,mouse",2026-08-13 13:39:47,前摄像头,否,前摄
644,未佩戴安全帽,2026-08-13 13:39:47,前摄像头,是,前摄
645,"chair,mouse",2026-08-13 13:39:50,前摄像头,否,前摄
646,"chair,mouse",2026-08-13 13:39:52,前摄像头,否,前摄
647,"chair,mouse",2026-08-13 13:39:54,前摄像头,否,前摄
648,"chair,mouse",2026-08-13 13:39:56,前摄像头,否,前摄
649,"chair,mouse",2026-08-13 13:39:58,前摄像头,否,前摄
650,"chair,mouse",2026-08-13 13:40:00,前摄像头,否,前摄
651,"chair,handbag",2026-08-13 13:40:02,前摄像头,否,前摄
652,"chair,mouse",2026-08-13 13:40:04,前摄像头,否,前摄
653,chair,2026-08-13 13:40:06,前摄像头,否,前摄
654,"chair,mouse",2026-08-13 13:40:08,前摄像头,否,前摄
655,"chair,mouse",2026-08-13 13:40:10,前摄像头,否,前摄
656,"chair,mouse",2026-08-13 13:40:12,前摄像头,否,前摄
657,"chair,mouse",2026-08-13 13:40:14,前摄像头,否,前摄
658,"chair,mouse",2026-08-13 13:40:16,前摄像头,否,前摄
659,"chair,mouse",2026-08-13 13:40:18,前摄像头,否,前摄
660,"chair,mouse",2026-08-13 13:40:20,前摄像头,否,前摄
661,"chair,mouse",2026-08-13 13:40:22,前摄像头,否,前摄
662,chair,2026-08-13 13:40:24,前摄像头,否,前摄
663,chair,2026-08-13 13:40:26,前摄像头,否,前摄
664,"chair,mouse",2026-08-13 13:40:28,前摄像头,否,前摄
665,"chair,mouse",2026-08-13 13:40:30,前摄像头,否,前摄
666,chair,2026-08-13 13:40:32,前摄像头,否,前摄
667,chair,2026-08-13 13:40:34,前摄像头,否,前摄
668,"chair,mouse",2026-08-13 13:40:36,前摄像头,否,前摄
669,chair,2026-08-13 13:40:38,前摄像头,否,前摄
670,chair,2026-08-13 13:40:40,前摄像头,否,前摄
671,"chair,mouse",2026-08-13 13:40:42,前摄像头,否,前摄
672,"chair,mouse",2026-08-13 13:40:44,前摄像头,否,前摄
673,"chair,mouse",2026-08-13 13:40:46,前摄像头,否,前摄
674,chair,2026-08-13 13:40:48,前摄像头,否,前摄
675,"chair,mouse",2026-08-13 13:40:50,前摄像头,否,前摄
676,"chair,mouse",2026-08-13 13:40:52,前摄像头,否,前摄
677,"chair,mouse",2026-08-13 13:40:54,前摄像头,否,前摄
678,chair,2026-08-13 13:40:56,前摄像头,否,前摄
679,"chair,mouse",2026-08-13 13:40:58,前摄像头,否,前摄
680,"chair,mouse",2026-08-13 13:41:00,前摄像头,否,前摄
681,"chair,mouse",2026-08-13 13:41:02,前摄像头,否,前摄
682,"chair,mouse",2026-08-13 13:41:04,前摄像头,否,前摄
683,"chair,mouse",2026-08-13 13:41:06,前摄像头,否,前摄
684,"chair,mouse",2026-08-13 13:41:08,前摄像头,否,前摄
685,chair,2026-08-13 13:41:10,前摄像头,否,前摄
686,"mouse,chair",2026-08-13 13:41:12,前摄像头,否,前摄
687,"chair,handbag",2026-08-13 13:41:14,前摄像头,否,前摄
688,"chair,mouse",2026-08-13 13:41:16,前摄像头,否,前摄
689,chair,2026-08-13 13:41:18,前摄像头,否,前摄
690,"chair,mouse",2026-08-13 13:41:20,前摄像头,否,前摄
691,"chair,mouse",2026-08-13 13:41:22,前摄像头,否,前摄
692,"chair,mouse",2026-08-13 13:41:24,前摄像头,否,前摄
693,"chair,mouse",2026-08-13 13:41:26,前摄像头,否,前摄
694,"chair,mouse,handbag",2026-08-13 13:41:28,前摄像头,否,前摄
695,chair,2026-08-13 13:41:30,前摄像头,否,前摄
696,"chair,mouse",2026-08-13 13:41:32,前摄像头,否,前摄
697,"chair,mouse",2026-08-13 13:41:34,前摄像头,否,前摄
698,"chair,mouse",2026-08-13 13:41:36,前摄像头,否,前摄
699,"chair,mouse",2026-08-13 13:41:38,前摄像头,否,前摄
700,chair,2026-08-13 13:41:40,前摄像头,否,前摄
701,"chair,mouse",2026-08-13 13:41:42,前摄像头,否,前摄
702,"chair,mouse,handbag",2026-08-13 13:41:44,前摄像头,否,前摄
703,"chair,mouse",2026-08-13 13:41:46,前摄像头,否,前摄
704,"chair,mouse",2026-08-13 13:41:48,前摄像头,否,前摄
705,"chair,mouse",2026-08-13 13:41:50,前摄像头,否,前摄
706,"chair,mouse",2026-08-13 13:41:52,前摄像头,否,前摄
707,chair,2026-08-13 13:41:54,前摄像头,否,前摄
708,"chair,mouse",2026-08-13 13:41:56,前摄像头,否,前摄
709,"chair,mouse",2026-08-13 13:41:58,前摄像头,否,前摄
710,chair,2026-08-13 13:42:00,前摄像头,否,前摄
711,"chair,mouse",2026-08-13 13:42:02,前摄像头,否,前摄
712,未佩戴安全帽,2026-08-13 13:42:03,前摄像头,是,前摄
713,"chair,mouse",2026-08-13 13:42:04,前摄像头,否,前摄
714,"chair,mouse",2026-08-13 13:42:06,前摄像头,否,前摄
715,"chair,mouse",2026-08-13 13:42:08,前摄像头,否,前摄
716,chair,2026-08-13 13:42:10,前摄像头,否,前摄
717,"chair,mouse",2026-08-13 13:42:12,前摄像头,否,前摄
718,chair,2026-08-13 13:42:14,前摄像头,否,前摄
719,"chair,mouse",2026-08-13 13:42:16,前摄像头,否,前摄
720,"chair,mouse",2026-08-13 13:42:18,前摄像头,否,前摄
721,chair,2026-08-13 13:42:20,前摄像头,否,前摄
722,"chair,mouse",2026-08-13 13:42:22,前摄像头,否,前摄
723,"chair,mouse",2026-08-13 13:42:24,前摄像头,否,前摄
724,"chair,mouse",2026-08-13 13:42:26,前摄像头,否,前摄
725,"chair,mouse,bucket",2026-08-13 13:42:28,前摄像头,否,前摄
726,"chair,mouse",2026-08-13 13:42:30,前摄像头,否,前摄
727,"chair,mouse",2026-08-13 13:42:32,前摄像头,否,前摄
728,chair,2026-08-13 13:42:34,前摄像头,否,前摄
729,"chair,mouse",2026-08-13 13:42:36,前摄像头,否,前摄
730,"chair,mouse",2026-08-13 13:42:38,前摄像头,否,前摄
731,"chair,mouse",2026-08-13 13:42:40,前摄像头,否,前摄
732,"chair,mouse",2026-08-13 13:42:42,前摄像头,否,前摄
733,"chair,mouse",2026-08-13 13:42:44,前摄像头,否,前摄
734,"chair,mouse",2026-08-13 13:42:46,前摄像头,否,前摄
735,"chair,mouse",2026-08-13 13:42:48,前摄像头,否,前摄
736,"chair,mouse",2026-08-13 13:42:50,前摄像头,否,前摄
737,"chair,mouse",2026-08-13 13:42:52,前摄像头,否,前摄
738,"chair,mouse",2026-08-13 13:42:54,前摄像头,否,前摄
739,"chair,mouse",2026-08-13 13:42:56,前摄像头,否,前摄
740,"chair,mouse",2026-08-13 13:42:58,前摄像头,否,前摄
741,"chair,mouse",2026-08-13 13:43:00,前摄像头,否,前摄
742,chair,2026-08-13 13:43:02,前摄像头,否,前摄
743,"chair,mouse",2026-08-13 13:43:04,前摄像头,否,前摄
744,"chair,mouse",2026-08-13 13:43:06,前摄像头,否,前摄
745,"chair,mouse",2026-08-13 13:43:08,前摄像头,否,前摄
746,"chair,mouse",2026-08-13 13:43:10,前摄像头,否,前摄
747,chair,2026-08-13 13:43:12,前摄像头,否,前摄
748,"chair,mouse",2026-08-13 13:43:14,前摄像头,否,前摄
749,"chair,mouse",2026-08-13 13:43:16,前摄像头,否,前摄
750,chair,2026-08-13 13:43:18,前摄像头,否,前摄
751,"chair,mouse",2026-08-13 13:43:20,前摄像头,否,前摄
752,"chair,mouse",2026-08-13 13:43:22,前摄像头,否,前摄
753,chair,2026-08-13 13:43:24,前摄像头,否,前摄
754,"chair,mouse",2026-08-13 13:43:26,前摄像头,否,前摄
755,"chair,mouse",2026-08-13 13:43:28,前摄像头,否,前摄
756,chair,2026-08-13 13:43:30,前摄像头,否,前摄
757,"chair,mouse",2026-08-13 13:43:32,前摄像头,否,前摄
758,"chair,mouse",2026-08-13 13:43:34,前摄像头,否,前摄
759,"chair,mouse,tv",2026-08-13 13:43:36,前摄像头,否,前摄
760,"chair,mouse",2026-08-13 13:43:38,前摄像头,否,前摄
761,"chair,mouse",2026-08-13 13:43:40,前摄像头,否,前摄
762,"chair,mouse",2026-08-13 13:43:42,前摄像头,否,前摄
763,chair,2026-08-13 13:43:44,前摄像头,否,前摄
764,"chair,mouse",2026-08-13 13:43:46,前摄像头,否,前摄
765,"chair,mouse",2026-08-13 13:43:48,前摄像头,否,前摄
766,"chair,mouse",2026-08-13 13:43:50,前摄像头,否,前摄
767,"chair,mouse",2026-08-13 13:43:52,前摄像头,否,前摄
768,"chair,mouse",2026-08-13 13:43:54,前摄像头,否,前摄
769,"chair,mouse",2026-08-13 13:43:56,前摄像头,否,前摄
770,chair,2026-08-13 13:43:58,前摄像头,否,前摄
771,"chair,mouse",2026-08-13 13:44:00,前摄像头,否,前摄
772,"chair,mouse",2026-08-13 13:44:02,前摄像头,否,前摄
773,"chair,mouse,handbag",2026-08-13 13:44:04,前摄像头,否,前摄
774,"chair,mouse",2026-08-13 13:44:06,前摄像头,否,前摄
775,"chair,mouse",2026-08-13 13:44:08,前摄像头,否,前摄
776,chair,2026-08-13 13:44:10,前摄像头,否,前摄
777,"chair,mouse",2026-08-13 13:44:12,前摄像头,否,前摄
778,"chair,mouse",2026-08-13 13:44:14,前摄像头,否,前摄
779,"chair,mouse",2026-08-13 13:44:16,前摄像头,否,前摄
780,"chair,mouse",2026-08-13 13:44:18,前摄像头,否,前摄
781,"chair,mouse",2026-08-13 13:44:20,前摄像头,否,前摄
782,"chair,mouse",2026-08-13 13:44:22,前摄像头,否,前摄
783,"chair,mouse",2026-08-13 13:44:24,前摄像头,否,前摄
784,"chair,mouse",2026-08-13 13:44:26,前摄像头,否,前摄
785,"chair,mouse",2026-08-13 13:44:28,前摄像头,否,前摄
786,"chair,mouse",2026-08-13 13:44:30,前摄像头,否,前摄
787,"chair,mouse",2026-08-13 13:44:32,前摄像头,否,前摄
788,未佩戴安全帽,2026-08-13 13:44:34,前摄像头,是,前摄
789,"chair,mouse",2026-08-13 13:44:35,前摄像头,否,前摄
790,"chair,mouse",2026-08-13 13:44:37,前摄像头,否,前摄
791,"chair,mouse",2026-08-13 13:44:39,前摄像头,否,前摄
792,"chair,mouse",2026-08-13 13:44:41,前摄像头,否,前摄
793,"chair,mouse",2026-08-13 13:44:43,前摄像头,否,前摄
794,"chair,mouse",2026-08-13 13:44:45,前摄像头,否,前摄
795,"chair,mouse",2026-08-13 13:44:47,前摄像头,否,前摄
796,"chair,mouse",2026-08-13 13:44:49,前摄像头,否,前摄
797,"chair,mouse,tv",2026-08-13 13:44:51,前摄像头,否,前摄
798,chair,2026-08-13 13:44:53,前摄像头,否,前摄
799,未佩戴安全帽,2026-08-13 13:44:54,前摄像头,是,前摄
800,"chair,mouse",2026-08-13 13:44:55,前摄像头,否,前摄
801,"chair,mouse",2026-08-13 13:44:57,前摄像头,否,前摄
802,未佩戴安全帽,2026-08-13 13:44:59,前摄像头,是,前摄
803,"chair,handbag,mouse",2026-08-13 13:44:59,前摄像头,否,前摄
804,未检测到目标,2026-08-13 13:45:01,前摄像头,否,前摄
805,未佩戴安全帽,2026-08-13 13:45:04,前摄像头,是,前摄
806,未佩戴安全帽,2026-08-13 13:45:09,前摄像头,是,前摄
807,mouse,2026-08-13 13:45:14,前摄像头,否,前摄
808,未佩戴安全帽,2026-08-13 13:45:14,前摄像头,是,前摄
809,未佩戴安全帽,2026-08-13 13:45:19,前摄像头,是,前摄
810,未佩戴安全帽,2026-08-13 13:45:24,前摄像头,是,前摄
811,未佩戴安全帽,2026-08-13 13:45:29,前摄像头,是,前摄
812,未佩戴安全帽,2026-08-13 13:45:34,前摄像头,是,前摄
813,未佩戴安全帽,2026-08-13 13:45:39,前摄像头,是,前摄
814,未佩戴安全帽,2026-08-13 13:45:44,前摄像头,是,前摄
815,未佩戴安全帽,2026-08-13 13:45:49,前摄像头,是,前摄
816,未佩戴安全帽,2026-08-13 13:45:54,前摄像头,是,前摄
817,未佩戴安全帽,2026-08-13 13:45:59,前摄像头,是,前摄
818,未佩戴安全帽,2026-08-13 13:46:04,前摄像头,是,前摄
819,未佩戴安全帽,2026-08-13 13:46:09,前摄像头,是,前摄
820,未佩戴安全帽,2026-08-13 13:46:14,前摄像头,是,前摄
821,未佩戴安全帽,2026-08-13 13:46:19,前摄像头,是,前摄
822,未佩戴安全帽,2026-08-13 13:46:24,前摄像头,是,前摄
823,未佩戴安全帽,2026-08-13 13:46:29,前摄像头,是,前摄
824,"chair,bed,mouse",2026-08-13 13:46:30,前摄像头,否,前摄
825,未佩戴安全帽,2026-08-13 13:46:34,前摄像头,是,前摄
826,"backpack,mouse",2026-08-13 13:46:37,前摄像头,否,前摄
827,未佩戴安全帽,2026-08-13 13:46:39,前摄像头,是,前摄
828,"backpack,mouse,handbag",2026-08-13 13:46:39,前摄像头,否,前摄
829,未佩戴安全帽,2026-08-13 13:46:44,前摄像头,是,前摄
830,未佩戴安全帽,2026-08-13 13:46:49,前摄像头,是,前摄
831,未佩戴安全帽,2026-08-13 13:46:54,前摄像头,是,前摄
832,未佩戴安全帽,2026-08-13 13:46:59,前摄像头,是,前摄
833,未佩戴安全帽,2026-08-13 13:47:04,前摄像头,是,前摄
834,未佩戴安全帽,2026-08-13 13:47:09,前摄像头,是,前摄
835,未佩戴安全帽,2026-08-13 13:47:14,前摄像头,是,前摄
836,未佩戴安全帽,2026-08-13 13:47:19,前摄像头,是,前摄
837,未佩戴安全帽,2026-08-13 13:47:24,前摄像头,是,前摄
838,未佩戴安全帽,2026-08-13 13:47:29,前摄像头,是,前摄
839,"backpack,mouse",2026-08-13 13:47:29,前摄像头,否,前摄
840,"backpack,chair,mouse",2026-08-13 13:47:33,前摄像头,否,前摄
841,未佩戴安全帽,2026-08-13 13:47:34,前摄像头,是,前摄
842,未检测到目标,2026-08-13 14:01:39,前摄像头,否,前摄
843,未佩戴安全帽,2026-08-13 14:01:39,前摄像头,是,前摄
844,未检测到目标,2026-08-13 14:01:41,前摄像头,否,前摄
845,未检测到目标,2026-08-13 14:01:43,前摄像头,否,前摄
846,未佩戴安全帽,2026-08-13 14:01:44,前摄像头,是,前摄
847,未检测到目标,2026-08-13 14:01:45,前摄像头,否,前摄
848,未检测到目标,2026-08-13 14:01:47,前摄像头,否,前摄
849,未检测到目标,2026-08-13 14:01:49,前摄像头,否,前摄
850,未佩戴安全帽,2026-08-13 14:01:51,前摄像头,是,前摄
851,未检测到目标,2026-08-13 14:01:51,前摄像头,否,前摄
852,未检测到目标,2026-08-13 14:01:53,前摄像头,否,前摄
853,未检测到目标,2026-08-13 14:01:55,前摄像头,否,前摄
854,未佩戴安全帽,2026-08-13 14:01:56,前摄像头,是,前摄
855,未佩戴安全帽,2026-08-13 14:02:01,前摄像头,是,前摄
856,未佩戴安全帽,2026-08-13 14:02:06,前摄像头,是,前摄
857,未佩戴安全帽,2026-08-13 14:02:11,前摄像头,是,前摄
858,未检测到目标,2026-08-13 14:02:13,前摄像头,否,前摄
859,未检测到目标,2026-08-13 14:02:15,前摄像头,否,前摄
860,未佩戴安全帽,2026-08-13 14:02:16,前摄像头,是,前摄
861,未检测到目标,2026-08-13 14:02:17,前摄像头,否,前摄
862,未佩戴安全帽,2026-08-13 14:02:21,前摄像头,是,前摄
863,未检测到目标,2026-08-13 14:02:23,前摄像头,否,前摄
864,未检测到目标,2026-08-13 14:02:25,前摄像头,否,前摄
865,未佩戴安全帽,2026-08-13 14:02:27,前摄像头,是,前摄
866,未检测到目标,2026-08-13 14:02:27,前摄像头,否,前摄
867,未检测到目标,2026-08-13 14:02:30,前摄像头,否,前摄
868,未佩戴安全帽,2026-08-13 14:02:32,前摄像头,是,前摄
869,未检测到目标,2026-08-13 14:02:35,前摄像头,否,前摄
870,未检测到目标,2026-08-13 14:02:37,前摄像头,否,前摄
871,未佩戴安全帽,2026-08-13 14:02:37,前摄像头,是,前摄
872,未检测到目标,2026-08-13 14:02:40,前摄像头,否,前摄
873,未佩戴安全帽,2026-08-13 14:02:42,前摄像头,是,前摄
874,未检测到目标,2026-08-13 14:02:43,前摄像头,否,前摄
875,未检测到目标,2026-08-13 14:02:45,前摄像头,否,前摄
876,未检测到目标,2026-08-13 14:02:47,前摄像头,否,前摄
877,未佩戴安全帽,2026-08-13 14:02:47,前摄像头,是,前摄
878,未检测到目标,2026-08-13 14:02:49,前摄像头,否,前摄
879,未佩戴安全帽,2026-08-13 14:02:52,前摄像头,是,前摄
880,未检测到目标,2026-08-13 14:02:53,前摄像头,否,前摄
881,未检测到目标,2026-08-13 14:02:55,前摄像头,否,前摄
882,未检测到目标,2026-08-13 14:02:57,前摄像头,否,前摄
883,未佩戴安全帽,2026-08-13 14:02:57,前摄像头,是,前摄
884,未检测到目标,2026-08-13 14:02:59,前摄像头,否,前摄
885,未检测到目标,2026-08-13 14:03:01,前摄像头,否,前摄
886,未佩戴安全帽,2026-08-13 14:03:02,前摄像头,是,前摄
887,未检测到目标,2026-08-13 14:03:03,前摄像头,否,前摄
888,未检测到目标,2026-08-13 14:03:05,前摄像头,否,前摄
889,未检测到目标,2026-08-13 14:03:07,前摄像头,否,前摄
890,未检测到目标,2026-08-13 14:03:09,前摄像头,否,前摄
891,未检测到目标,2026-08-13 14:03:11,前摄像头,否,前摄
892,未检测到目标,2026-08-13 14:03:13,前摄像头,否,前摄
893,未佩戴安全帽,2026-08-13 14:03:14,前摄像头,是,前摄
894,未检测到目标,2026-08-13 14:03:15,前摄像头,否,前摄
895,未检测到目标,2026-08-13 14:03:17,前摄像头,否,前摄
896,未检测到目标,2026-08-13 14:03:19,前摄像头,否,前摄
897,未佩戴安全帽,2026-08-13 14:03:19,前摄像头,是,前摄
898,未检测到目标,2026-08-13 14:03:21,前摄像头,否,前摄
899,未检测到目标,2026-08-13 14:03:23,前摄像头,否,前摄
900,未佩戴安全帽,2026-08-13 14:03:24,前摄像头,是,前摄
901,未检测到目标,2026-08-13 14:03:26,前摄像头,否,前摄
902,未检测到目标,2026-08-13 14:03:29,前摄像头,否,前摄
903,未佩戴安全帽,2026-08-13 14:03:29,前摄像头,是,前摄
904,未检测到目标,2026-08-13 14:03:31,前摄像头,否,前摄
905,未检测到目标,2026-08-13 14:03:33,前摄像头,否,前摄
906,未佩戴安全帽,2026-08-13 14:03:34,前摄像头,是,前摄
907,未检测到目标,2026-08-13 14:03:36,前摄像头,否,前摄
908,未佩戴安全帽,2026-08-13 14:03:39,前摄像头,是,前摄
909,未佩戴安全帽,2026-08-13 14:03:44,前摄像头,是,前摄
910,未检测到目标,2026-08-13 14:03:47,前摄像头,否,前摄
911,未佩戴安全帽,2026-08-13 14:03:49,前摄像头,是,前摄
912,未检测到目标,2026-08-13 14:03:53,前摄像头,否,前摄
913,未佩戴安全帽,2026-08-13 14:03:54,前摄像头,是,前摄
914,未检测到目标,2026-08-13 14:03:55,前摄像头,否,前摄
915,未检测到目标,2026-08-13 14:03:57,前摄像头,否,前摄
916,未佩戴安全帽,2026-08-13 14:03:59,前摄像头,是,前摄
917,未检测到目标,2026-08-13 14:03:59,前摄像头,否,前摄
918,未检测到目标,2026-08-13 14:04:01,前摄像头,否,前摄
919,未检测到目标,2026-08-13 14:04:04,前摄像头,否,前摄
920,未佩戴安全帽,2026-08-13 14:04:06,前摄像头,是,前摄
921,未检测到目标,2026-08-13 14:04:06,前摄像头,否,前摄
922,未检测到目标,2026-08-13 14:04:08,前摄像头,否,前摄
923,未检测到目标,2026-08-13 14:04:10,前摄像头,否,前摄
924,未佩戴安全帽,2026-08-13 14:04:11,前摄像头,是,前摄
925,未佩戴安全帽,2026-08-13 14:04:16,前摄像头,是,前摄
926,未佩戴安全帽,2026-08-13 14:04:21,前摄像头,是,前摄
927,未检测到目标,2026-08-13 14:04:23,前摄像头,否,前摄
928,未佩戴安全帽,2026-08-13 14:04:26,前摄像头,是,前摄
929,未检测到目标,2026-08-13 14:04:28,前摄像头,否,前摄
930,未检测到目标,2026-08-13 14:04:30,前摄像头,否,前摄
931,未佩戴安全帽,2026-08-13 14:04:31,前摄像头,是,前摄
932,未检测到目标,2026-08-13 14:04:35,前摄像头,否,前摄
933,未佩戴安全帽,2026-08-13 14:04:36,前摄像头,是,前摄
934,未检测到目标,2026-08-13 14:04:39,前摄像头,否,前摄
935,未佩戴安全帽,2026-08-13 14:04:41,前摄像头,是,前摄
936,未检测到目标,2026-08-13 14:04:42,前摄像头,否,前摄
937,未检测到目标,2026-08-13 14:04:44,前摄像头,否,前摄
938,未佩戴安全帽,2026-08-13 14:04:46,前摄像头,是,前摄
939,未检测到目标,2026-08-13 14:04:47,前摄像头,否,前摄
940,未佩戴安全帽,2026-08-13 14:04:51,前摄像头,是,前摄
941,未佩戴安全帽,2026-08-13 14:04:56,前摄像头,是,前摄
942,未佩戴安全帽,2026-08-13 14:05:01,前摄像头,是,前摄
943,未佩戴安全帽,2026-08-13 14:05:06,前摄像头,是,前摄
944,未佩戴安全帽,2026-08-13 14:05:11,前摄像头,是,前摄
945,未佩戴安全帽,2026-08-13 14:05:16,前摄像头,是,前摄
946,未检测到目标,2026-08-13 14:05:17,前摄像头,否,前摄
947,未检测到目标,2026-08-13 14:05:20,前摄像头,否,前摄
948,未佩戴安全帽,2026-08-13 14:05:21,前摄像头,是,前摄
949,未检测到目标,2026-08-13 14:05:25,前摄像头,否,前摄
950,未佩戴安全帽,2026-08-13 14:07:41,前摄像头,是,前摄
951,未检测到目标,2026-08-13 14:07:41,前摄像头,否,前摄
952,未检测到目标,2026-08-13 14:07:44,前摄像头,否,前摄
953,未佩戴安全帽,2026-08-13 14:07:46,前摄像头,是,前摄
954,未检测到目标,2026-08-13 14:07:46,前摄像头,否,前摄
955,未检测到目标,2026-08-13 14:07:48,前摄像头,否,前摄
956,未检测到目标,2026-08-13 14:07:50,前摄像头,否,前摄
957,cup,2026-08-13 14:07:52,前摄像头,否,前摄
958,未检测到目标,2026-08-13 14:07:54,前摄像头,否,前摄
959,cup,2026-08-13 14:07:56,前摄像头,否,前摄
960,cup,2026-08-13 14:07:58,前摄像头,否,前摄
961,未检测到目标,2026-08-13 14:08:00,前摄像头,否,前摄
962,未佩戴安全帽,2026-08-13 14:08:01,前摄像头,是,前摄
963,未检测到目标,2026-08-13 14:08:04,前摄像头,否,前摄
964,未佩戴安全帽,2026-08-13 14:08:06,前摄像头,是,前摄
965,未佩戴安全帽,2026-08-13 14:08:11,前摄像头,是,前摄
966,未检测到目标,2026-08-13 14:08:11,前摄像头,否,前摄
967,未佩戴安全帽,2026-08-13 14:08:16,前摄像头,是,前摄
968,未佩戴安全帽,2026-08-13 14:08:55,前摄像头,是,前摄
969,未检测到目标,2026-08-13 14:08:55,前摄像头,否,前摄
970,未检测到目标,2026-08-13 14:08:57,前摄像头,否,前摄
971,未检测到目标,2026-08-13 14:08:59,前摄像头,否,前摄
972,未检测到目标,2026-08-13 14:09:01,前摄像头,否,前摄
973,未佩戴安全帽,2026-08-13 14:09:02,前摄像头,是,前摄
974,未检测到目标,2026-08-13 14:09:04,前摄像头,否,前摄
975,未佩戴安全帽,2026-08-13 14:09:07,前摄像头,是,前摄
976,未佩戴安全帽,2026-08-13 14:09:12,前摄像头,是,前摄
977,未佩戴安全帽,2026-08-13 14:09:17,前摄像头,是,前摄
978,未佩戴安全帽,2026-08-13 14:09:22,前摄像头,是,前摄
979,未佩戴安全帽,2026-08-13 14:09:27,前摄像头,是,前摄
980,未佩戴安全帽,2026-08-13 14:09:32,前摄像头,是,前摄
981,未佩戴安全帽,2026-08-13 14:09:37,前摄像头,是,前摄
982,未佩戴安全帽,2026-08-13 14:09:42,前摄像头,是,前摄
983,未佩戴安全帽,2026-08-13 14:09:47,前摄像头,是,前摄
984,未佩戴安全帽,2026-08-13 14:09:52,前摄像头,是,前摄
985,未佩戴安全帽,2026-08-13 14:09:57,前摄像头,是,前摄
986,未佩戴安全帽,2026-08-13 14:10:02,前摄像头,是,前摄
987,未佩戴安全帽,2026-08-13 14:10:07,前摄像头,是,前摄
988,未佩戴安全帽,2026-08-13 14:10:12,前摄像头,是,前摄
989,未佩戴安全帽,2026-08-13 14:10:17,前摄像头,是,前摄
990,未佩戴安全帽,2026-08-13 14:10:22,前摄像头,是,前摄
991,未佩戴安全帽,2026-08-13 14:10:27,前摄像头,是,前摄
992,未佩戴安全帽,2026-08-13 14:10:32,前摄像头,是,前摄
993,未佩戴安全帽,2026-08-13 14:10:37,前摄像头,是,前摄
994,未佩戴安全帽,2026-08-13 14:10:42,前摄像头,是,前摄
995,未佩戴安全帽,2026-08-13 14:10:47,前摄像头,是,前摄
996,未佩戴安全帽,2026-08-13 14:10:52,前摄像头,是,前摄
997,未佩戴安全帽,2026-08-13 14:10:57,前摄像头,是,前摄
998,未佩戴安全帽,2026-08-13 14:11:02,前摄像头,是,前摄
999,未佩戴安全帽,2026-08-13 14:11:07,前摄像头,是,前摄
1000,未佩戴安全帽,2026-08-13 14:11:12,前摄像头,是,前摄
1001,未佩戴安全帽,2026-08-13 14:11:17,前摄像头,是,前摄
1002,未佩戴安全帽,2026-08-13 14:11:22,前摄像头,是,前摄
1003,未佩戴安全帽,2026-08-13 14:11:27,前摄像头,是,前摄
1004,未佩戴安全帽,2026-08-13 14:11:32,前摄像头,是,前摄
1005,未佩戴安全帽,2026-08-13 14:11:37,前摄像头,是,前摄
1006,未佩戴安全帽,2026-08-13 14:11:42,前摄像头,是,前摄
1007,未佩戴安全帽,2026-08-13 14:11:48,前摄像头,是,前摄
1008,未佩戴安全帽,2026-08-13 14:11:53,前摄像头,是,前摄
1009,未佩戴安全帽,2026-08-13 14:11:58,前摄像头,是,前摄
1010,未佩戴安全帽,2026-08-13 14:12:03,前摄像头,是,前摄
1011,未佩戴安全帽,2026-08-13 14:12:08,前摄像头,是,前摄
1012,未佩戴安全帽,2026-08-13 14:12:13,前摄像头,是,前摄
1013,未佩戴安全帽,2026-08-13 14:12:18,前摄像头,是,前摄
1014,未佩戴安全帽,2026-08-13 14:12:23,前摄像头,是,前摄
1015,未佩戴安全帽,2026-08-13 14:12:28,前摄像头,是,前摄
1016,未佩戴安全帽,2026-08-13 14:12:33,前摄像头,是,前摄
1017,未佩戴安全帽,2026-08-13 14:12:38,前摄像头,是,前摄
1018,未佩戴安全帽,2026-08-13 14:12:43,前摄像头,是,前摄
1019,未佩戴安全帽,2026-08-13 14:12:48,前摄像头,是,前摄
1020,未佩戴安全帽,2026-08-13 14:12:53,前摄像头,是,前摄
1021,未佩戴安全帽,2026-08-13 14:12:58,前摄像头,是,前摄
1022,未佩戴安全帽,2026-08-13 14:13:03,前摄像头,是,前摄
1023,未佩戴安全帽,2026-08-13 14:13:08,前摄像头,是,前摄
1024,未佩戴安全帽,2026-08-13 14:13:13,前摄像头,是,前摄
1025,未佩戴安全帽,2026-08-13 14:13:18,前摄像头,是,前摄
1026,未佩戴安全帽,2026-08-13 14:13:23,前摄像头,是,前摄
1027,未佩戴安全帽,2026-08-13 14:13:28,前摄像头,是,前摄
1028,未佩戴安全帽,2026-08-13 14:13:33,前摄像头,是,前摄
1029,未佩戴安全帽,2026-08-13 14:13:38,前摄像头,是,前摄
1030,未佩戴安全帽,2026-08-13 14:13:43,前摄像头,是,前摄
1031,未佩戴安全帽,2026-08-13 14:13:48,前摄像头,是,前摄
1032,未佩戴安全帽,2026-08-13 14:13:53,前摄像头,是,前摄
1033,未佩戴安全帽,2026-08-13 14:13:58,前摄像头,是,前摄
1034,未佩戴安全帽,2026-08-13 14:14:03,前摄像头,是,前摄
1035,未佩戴安全帽,2026-08-13 14:14:08,前摄像头,是,前摄
1036,未佩戴安全帽,2026-08-13 14:14:13,前摄像头,是,前摄
1037,未佩戴安全帽,2026-08-13 14:14:18,前摄像头,是,前摄
1038,未佩戴安全帽,2026-08-13 14:14:23,前摄像头,是,前摄
1039,未佩戴安全帽,2026-08-13 14:14:28,前摄像头,是,前摄
1040,未佩戴安全帽,2026-08-13 14:14:33,前摄像头,是,前摄
1041,未佩戴安全帽,2026-08-13 14:14:38,前摄像头,是,前摄
1042,未佩戴安全帽,2026-08-13 14:14:43,前摄像头,是,前摄
1043,未佩戴安全帽,2026-08-13 14:14:48,前摄像头,是,前摄
1044,未佩戴安全帽,2026-08-13 14:14:53,前摄像头,是,前摄
1045,未佩戴安全帽,2026-08-13 14:14:58,前摄像头,是,前摄
1046,未佩戴安全帽,2026-08-13 14:15:03,前摄像头,是,前摄
1047,未佩戴安全帽,2026-08-13 14:15:08,前摄像头,是,前摄
1048,未佩戴安全帽,2026-08-13 14:15:13,前摄像头,是,前摄
1049,未佩戴安全帽,2026-08-13 14:15:18,前摄像头,是,前摄
1050,未佩戴安全帽,2026-08-13 14:15:23,前摄像头,是,前摄
1051,未佩戴安全帽,2026-08-13 14:15:28,前摄像头,是,前摄
1052,未佩戴安全帽,2026-08-13 14:15:33,前摄像头,是,前摄
1053,未佩戴安全帽,2026-08-13 14:15:38,前摄像头,是,前摄
1054,未佩戴安全帽,2026-08-13 14:15:43,前摄像头,是,前摄
1055,未佩戴安全帽,2026-08-13 14:15:48,前摄像头,是,前摄
1056,未佩戴安全帽,2026-08-13 14:15:53,前摄像头,是,前摄
1057,未佩戴安全帽,2026-08-13 14:15:58,前摄像头,是,前摄
1058,未佩戴安全帽,2026-08-13 14:16:03,前摄像头,是,前摄
1059,未佩戴安全帽,2026-08-13 14:16:08,前摄像头,是,前摄
1060,未佩戴安全帽,2026-08-13 14:16:13,前摄像头,是,前摄
1061,未佩戴安全帽,2026-08-13 14:16:18,前摄像头,是,前摄
1062,未佩戴安全帽,2026-08-13 14:16:23,前摄像头,是,前摄
1063,未佩戴安全帽,2026-08-13 14:16:28,前摄像头,是,前摄
1064,未佩戴安全帽,2026-08-13 14:16:33,前摄像头,是,前摄
1065,未佩戴安全帽,2026-08-13 14:16:38,前摄像头,是,前摄
1066,未佩戴安全帽,2026-08-13 14:16:43,前摄像头,是,前摄
1067,未佩戴安全帽,2026-08-13 14:16:48,前摄像头,是,前摄
1068,未佩戴安全帽,2026-08-13 14:16:53,前摄像头,是,前摄
1069,未佩戴安全帽,2026-08-13 14:16:58,前摄像头,是,前摄
1070,未佩戴安全帽,2026-08-13 14:17:03,前摄像头,是,前摄
1071,未佩戴安全帽,2026-08-13 14:17:08,前摄像头,是,前摄
1072,未检测到目标,2026-08-13 14:17:10,前摄像头,否,前摄
1073,未检测到目标,2026-08-13 14:17:13,前摄像头,否,前摄
1074,未佩戴安全帽,2026-08-13 14:17:13,前摄像头,是,前摄
1075,未佩戴安全帽,2026-08-13 14:17:18,前摄像头,是,前摄
1076,未佩戴安全帽,2026-08-13 14:17:23,前摄像头,是,前摄
1077,未佩戴安全帽,2026-08-13 14:17:28,前摄像头,是,前摄
1078,未佩戴安全帽,2026-08-13 14:17:33,前摄像头,是,前摄
1079,未佩戴安全帽,2026-08-13 14:17:38,前摄像头,是,前摄
1080,未佩戴安全帽,2026-08-13 14:17:43,前摄像头,是,前摄
1081,未检测到目标,2026-08-13 14:17:44,前摄像头,否,前摄
1082,未佩戴安全帽,2026-08-13 14:17:48,前摄像头,是,前摄
1083,未佩戴安全帽,2026-08-13 14:17:53,前摄像头,是,前摄
1084,未佩戴安全帽,2026-08-13 14:17:58,前摄像头,是,前摄
1085,未佩戴安全帽,2026-08-13 14:18:03,前摄像头,是,前摄
1086,未佩戴安全帽,2026-08-13 14:18:08,前摄像头,是,前摄
1087,未佩戴安全帽,2026-08-13 14:18:13,前摄像头,是,前摄
1088,未佩戴安全帽,2026-08-13 14:18:18,前摄像头,是,前摄
1089,未佩戴安全帽,2026-08-13 14:18:23,前摄像头,是,前摄
1090,未佩戴安全帽,2026-08-13 14:18:28,前摄像头,是,前摄
1091,未佩戴安全帽,2026-08-13 14:18:33,前摄像头,是,前摄
1092,未佩戴安全帽,2026-08-13 14:18:38,前摄像头,是,前摄
1093,未佩戴安全帽,2026-08-13 14:18:43,前摄像头,是,前摄
1094,未佩戴安全帽,2026-08-13 14:18:48,前摄像头,是,前摄
1095,未佩戴安全帽,2026-08-13 14:18:53,前摄像头,是,前摄
1096,未检测到目标,2026-08-13 14:18:55,前摄像头,否,前摄
1097,未佩戴安全帽,2026-08-13 14:18:58,前摄像头,是,前摄
1098,未检测到目标,2026-08-13 14:19:02,前摄像头,否,前摄
1099,未佩戴安全帽,2026-08-13 14:19:03,前摄像头,是,前摄
1100,未检测到目标,2026-08-13 14:19:04,前摄像头,否,前摄
1101,未检测到目标,2026-08-13 14:19:06,前摄像头,否,前摄
1102,未佩戴安全帽,2026-08-13 14:19:08,前摄像头,是,前摄
1103,未检测到目标,2026-08-13 14:19:08,前摄像头,否,前摄
1104,未检测到目标,2026-08-13 14:19:11,前摄像头,否,前摄
1105,未佩戴安全帽,2026-08-13 14:19:13,前摄像头,是,前摄
1106,未佩戴安全帽,2026-08-13 14:19:18,前摄像头,是,前摄
1107,未佩戴安全帽,2026-08-13 14:19:23,前摄像头,是,前摄
1108,未佩戴安全帽,2026-08-13 14:19:28,前摄像头,是,前摄
1109,未佩戴安全帽,2026-08-13 14:19:33,前摄像头,是,前摄
1110,未检测到目标,2026-08-13 14:19:37,前摄像头,否,前摄
1111,未佩戴安全帽,2026-08-13 14:19:38,前摄像头,是,前摄
1112,未检测到目标,2026-08-13 14:19:39,前摄像头,否,前摄
1113,未佩戴安全帽,2026-08-13 14:19:43,前摄像头,是,前摄
1114,未佩戴安全帽,2026-08-13 14:19:48,前摄像头,是,前摄
1115,未佩戴安全帽,2026-08-13 14:19:53,前摄像头,是,前摄
1116,未佩戴安全帽,2026-08-13 14:19:58,前摄像头,是,前摄
1117,未佩戴安全帽,2026-08-13 14:20:03,前摄像头,是,前摄
1118,未佩戴安全帽,2026-08-13 14:20:08,前摄像头,是,前摄
1119,未检测到目标,2026-08-13 14:20:08,前摄像头,否,前摄
1120,未佩戴安全帽,2026-08-13 14:20:13,前摄像头,是,前摄
1121,未佩戴安全帽,2026-08-13 14:20:18,前摄像头,是,前摄
1122,未佩戴安全帽,2026-08-13 14:20:23,前摄像头,是,前摄
1123,未佩戴安全帽,2026-08-13 14:20:28,前摄像头,是,前摄
1124,未佩戴安全帽,2026-08-13 14:20:33,前摄像头,是,前摄
1125,未佩戴安全帽,2026-08-13 14:20:38,前摄像头,是,前摄
1126,未佩戴安全帽,2026-08-13 14:20:43,前摄像头,是,前摄
1127,未佩戴安全帽,2026-08-13 14:20:48,前摄像头,是,前摄
1128,未佩戴安全帽,2026-08-13 14:20:53,前摄像头,是,前摄
1129,未佩戴安全帽,2026-08-13 14:20:58,前摄像头,是,前摄
1130,未佩戴安全帽,2026-08-13 14:21:03,前摄像头,是,前摄
1131,未佩戴安全帽,2026-08-13 14:21:08,前摄像头,是,前摄
1132,未佩戴安全帽,2026-08-13 14:21:13,前摄像头,是,前摄
1133,未检测到目标,2026-08-13 14:21:14,前摄像头,否,前摄
1134,未检测到目标,2026-08-13 14:21:16,前摄像头,否,前摄
1135,未检测到目标,2026-08-13 14:21:18,前摄像头,否,前摄
1136,未检测到目标,2026-08-13 14:21:20,前摄像头,否,前摄
1137,未检测到目标,2026-08-13 14:21:22,前摄像头,否,前摄
1138,未检测到目标,2026-08-13 14:21:24,前摄像头,否,前摄
1139,未检测到目标,2026-08-13 14:21:26,前摄像头,否,前摄
1140,未检测到目标,2026-08-13 14:21:28,前摄像头,否,前摄
1141,未检测到目标,2026-08-13 14:21:30,前摄像头,否,前摄
1142,未检测到目标,2026-08-13 14:21:32,前摄像头,否,前摄
1143,未检测到目标,2026-08-13 14:21:34,前摄像头,否,前摄
1144,未检测到目标,2026-08-13 14:21:36,前摄像头,否,前摄
1145,未检测到目标,2026-08-13 14:21:38,前摄像头,否,前摄
1146,未检测到目标,2026-08-13 14:21:40,前摄像头,否,前摄
1147,未检测到目标,2026-08-13 14:21:42,前摄像头,否,前摄
1148,未佩戴安全帽,2026-08-13 14:21:43,前摄像头,是,前摄
1149,未佩戴安全帽,2026-08-13 14:21:48,前摄像头,是,前摄
1150,未检测到目标,2026-08-13 14:21:50,前摄像头,否,前摄
1151,未佩戴安全帽,2026-08-13 14:21:53,前摄像头,是,前摄
1152,未佩戴安全帽,2026-08-13 14:21:58,前摄像头,是,前摄
1153,未检测到目标,2026-08-13 14:22:00,前摄像头,否,前摄
1154,未佩戴安全帽,2026-08-13 14:22:03,前摄像头,是,前摄
1155,未佩戴安全帽,2026-08-13 14:22:08,前摄像头,是,前摄
1156,未佩戴安全帽,2026-08-13 14:22:13,前摄像头,是,前摄
1157,未佩戴安全帽,2026-08-13 14:22:18,前摄像头,是,前摄
1158,未佩戴安全帽,2026-08-13 14:22:23,前摄像头,是,前摄
1159,未佩戴安全帽,2026-08-13 14:22:28,前摄像头,是,前摄
1160,未佩戴安全帽,2026-08-13 14:22:33,前摄像头,是,前摄
1161,未佩戴安全帽,2026-08-13 14:22:38,前摄像头,是,前摄
1162,未佩戴安全帽,2026-08-13 14:22:43,前摄像头,是,前摄
1163,未佩戴安全帽,2026-08-13 14:22:48,前摄像头,是,前摄
1164,未佩戴安全帽,2026-08-13 14:22:53,前摄像头,是,前摄
1165,未佩戴安全帽,2026-08-13 14:22:58,前摄像头,是,前摄
1166,未佩戴安全帽,2026-08-13 14:23:03,前摄像头,是,前摄
1167,未佩戴安全帽,2026-08-13 14:23:08,前摄像头,是,前摄
1168,未佩戴安全帽,2026-08-13 14:23:13,前摄像头,是,前摄
1169,未佩戴安全帽,2026-08-13 14:23:18,前摄像头,是,前摄
1170,未佩戴安全帽,2026-08-13 14:23:23,前摄像头,是,前摄
1171,未佩戴安全帽,2026-08-13 14:23:28,前摄像头,是,前摄
1172,未佩戴安全帽,2026-08-13 14:23:33,前摄像头,是,前摄
1173,未佩戴安全帽,2026-08-13 14:23:38,前摄像头,是,前摄
1174,未佩戴安全帽,2026-08-13 14:23:43,前摄像头,是,前摄
1175,未佩戴安全帽,2026-08-13 14:23:48,前摄像头,是,前摄
1176,未佩戴安全帽,2026-08-13 14:23:53,前摄像头,是,前摄
1177,未佩戴安全帽,2026-08-13 14:23:58,前摄像头,是,前摄
1178,未佩戴安全帽,2026-08-13 14:24:03,前摄像头,是,前摄
1179,未佩戴安全帽,2026-08-13 14:24:08,前摄像头,是,前摄
1180,未佩戴安全帽,2026-08-13 14:24:13,前摄像头,是,前摄
1181,未佩戴安全帽,2026-08-13 14:24:18,前摄像头,是,前摄
1182,未佩戴安全帽,2026-08-13 14:24:23,前摄像头,是,前摄
1183,未佩戴安全帽,2026-08-13 14:24:28,前摄像头,是,前摄
1184,未佩戴安全帽,2026-08-13 14:24:33,前摄像头,是,前摄
1185,未检测到目标,2026-08-13 14:24:37,前摄像头,否,前摄
1186,未佩戴安全帽,2026-08-13 14:24:38,前摄像头,是,前摄
1187,未检测到目标,2026-08-13 14:24:40,前摄像头,否,前摄
1188,未检测到目标,2026-08-13 14:24:42,前摄像头,否,前摄
1189,未佩戴安全帽,2026-08-13 14:24:43,前摄像头,是,前摄
1190,未佩戴安全帽,2026-08-13 14:24:48,前摄像头,是,前摄
1191,未检测到目标,2026-08-13 14:24:51,前摄像头,否,前摄
1192,未佩戴安全帽,2026-08-13 14:24:53,前摄像头,是,前摄
1193,未佩戴安全帽,2026-08-13 14:24:58,前摄像头,是,前摄
1194,未佩戴安全帽,2026-08-13 14:25:03,前摄像头,是,前摄
1195,未检测到目标,2026-08-13 14:25:07,前摄像头,否,前摄
1196,未佩戴安全帽,2026-08-13 14:25:08,前摄像头,是,前摄
1197,未检测到目标,2026-08-13 14:25:11,前摄像头,否,前摄
1198,未佩戴安全帽,2026-08-13 14:25:13,前摄像头,是,前摄
1199,未检测到目标,2026-08-13 14:25:13,前摄像头,否,前摄
1200,未检测到目标,2026-08-13 14:25:17,前摄像头,否,前摄
1201,未佩戴安全帽,2026-08-13 14:25:18,前摄像头,是,前摄
1202,未检测到目标,2026-08-13 14:25:20,前摄像头,否,前摄
1203,未检测到目标,2026-08-13 14:25:22,前摄像头,否,前摄
1204,未佩戴安全帽,2026-08-13 14:25:23,前摄像头,是,前摄
1205,未检测到目标,2026-08-13 14:25:25,前摄像头,否,前摄
1206,未佩戴安全帽,2026-08-13 14:25:28,前摄像头,是,前摄
1207,未佩戴安全帽,2026-08-13 14:25:33,前摄像头,是,前摄
1208,未佩戴安全帽,2026-08-13 14:25:38,前摄像头,是,前摄
1209,未佩戴安全帽,2026-08-13 14:25:43,前摄像头,是,前摄
1210,未佩戴安全帽,2026-08-13 14:25:48,前摄像头,是,前摄
1211,未佩戴安全帽,2026-08-13 14:25:53,前摄像头,是,前摄
1212,未佩戴安全帽,2026-08-13 14:25:58,前摄像头,是,前摄
1213,未佩戴安全帽,2026-08-13 14:26:03,前摄像头,是,前摄
1214,未佩戴安全帽,2026-08-13 14:26:08,前摄像头,是,前摄
1215,未佩戴安全帽,2026-08-13 14:26:13,前摄像头,是,前摄
1216,未佩戴安全帽,2026-08-13 14:26:18,前摄像头,是,前摄
1217,未佩戴安全帽,2026-08-13 14:26:23,前摄像头,是,前摄
1218,未佩戴安全帽,2026-08-13 14:26:28,前摄像头,是,前摄
1219,未佩戴安全帽,2026-08-13 14:26:33,前摄像头,是,前摄
1220,未佩戴安全帽,2026-08-13 14:26:39,前摄像头,是,前摄
1221,未佩戴安全帽,2026-08-13 14:26:44,前摄像头,是,前摄
1222,未佩戴安全帽,2026-08-13 14:26:49,前摄像头,是,前摄
1223,未佩戴安全帽,2026-08-13 14:26:54,前摄像头,是,前摄
1224,未佩戴安全帽,2026-08-13 14:26:59,前摄像头,是,前摄
1225,未佩戴安全帽,2026-08-13 14:27:04,前摄像头,是,前摄
1226,未佩戴安全帽,2026-08-13 14:27:09,前摄像头,是,前摄
1227,未佩戴安全帽,2026-08-13 14:27:14,前摄像头,是,前摄
1228,未佩戴安全帽,2026-08-13 14:27:19,前摄像头,是,前摄
1229,未佩戴安全帽,2026-08-13 14:27:24,前摄像头,是,前摄
1230,未佩戴安全帽,2026-08-13 14:27:29,前摄像头,是,前摄
1231,未佩戴安全帽,2026-08-13 14:27:34,前摄像头,是,前摄
1232,未佩戴安全帽,2026-08-13 14:27:39,前摄像头,是,前摄
1233,未佩戴安全帽,2026-08-13 14:27:44,前摄像头,是,前摄
1234,未佩戴安全帽,2026-08-13 14:27:49,前摄像头,是,前摄
1235,未佩戴安全帽,2026-08-13 14:27:54,前摄像头,是,前摄
1236,未检测到目标,2026-08-13 14:27:55,前摄像头,否,前摄
1237,未检测到目标,2026-08-13 14:27:58,前摄像头,否,前摄
1238,未检测到目标,2026-08-13 14:28:00,前摄像头,否,前摄
1239,未佩戴安全帽,2026-08-13 14:28:01,前摄像头,是,前摄
1240,未检测到目标,2026-08-13 14:28:02,前摄像头,否,前摄
1241,未检测到目标,2026-08-13 14:28:04,前摄像头,否,前摄
1242,未检测到目标,2026-08-13 14:28:06,前摄像头,否,前摄
1243,未佩戴安全帽,2026-08-13 14:28:06,前摄像头,是,前摄
1244,未检测到目标,2026-08-13 14:28:08,前摄像头,否,前摄
1245,未检测到目标,2026-08-13 14:28:10,前摄像头,否,前摄
1246,未检测到目标,2026-08-13 14:28:12,前摄像头,否,前摄
1247,未佩戴安全帽,2026-08-13 14:28:12,前摄像头,是,前摄
1248,未检测到目标,2026-08-13 14:28:14,前摄像头,否,前摄
1249,未检测到目标,2026-08-13 14:28:17,前摄像头,否,前摄
1250,未佩戴安全帽,2026-08-13 14:28:17,前摄像头,是,前摄
1251,未检测到目标,2026-08-13 14:28:19,前摄像头,否,前摄
1252,未检测到目标,2026-08-13 14:28:21,前摄像头,否,前摄
1253,未佩戴安全帽,2026-08-13 14:28:23,前摄像头,是,前摄
1254,未检测到目标,2026-08-13 14:28:23,前摄像头,否,前摄
1255,未检测到目标,2026-08-13 14:28:25,前摄像头,否,前摄
1256,未检测到目标,2026-08-13 14:28:27,前摄像头,否,前摄
1257,未佩戴安全帽,2026-08-13 14:28:28,前摄像头,是,前摄
1258,未检测到目标,2026-08-13 14:28:29,前摄像头,否,前摄
1259,未检测到目标,2026-08-13 14:28:31,前摄像头,否,前摄
1260,未佩戴安全帽,2026-08-13 14:28:33,前摄像头,是,前摄
1261,未检测到目标,2026-08-13 14:28:34,前摄像头,否,前摄
1262,未检测到目标,2026-08-13 14:28:36,前摄像头,否,前摄
1263,未检测到目标,2026-08-13 14:28:38,前摄像头,否,前摄
1264,未佩戴安全帽,2026-08-13 14:28:38,前摄像头,是,前摄
1265,未检测到目标,2026-08-13 14:28:40,前摄像头,否,前摄
1266,未检测到目标,2026-08-13 14:28:43,前摄像头,否,前摄
1267,未佩戴安全帽,2026-08-13 14:28:43,前摄像头,是,前摄
1268,未检测到目标,2026-08-13 14:28:46,前摄像头,否,前摄
1269,未检测到目标,2026-08-13 14:28:48,前摄像头,否,前摄
1270,未佩戴安全帽,2026-08-13 14:28:48,前摄像头,是,前摄
1271,未检测到目标,2026-08-13 14:28:50,前摄像头,否,前摄
1272,未检测到目标,2026-08-13 14:28:52,前摄像头,否,前摄
1273,未佩戴安全帽,2026-08-13 14:28:53,前摄像头,是,前摄
1274,未检测到目标,2026-08-13 14:28:54,前摄像头,否,前摄
1275,未检测到目标,2026-08-13 14:28:56,前摄像头,否,前摄
1276,未佩戴安全帽,2026-08-13 14:28:58,前摄像头,是,前摄
1277,未检测到目标,2026-08-13 14:28:59,前摄像头,否,前摄
1278,未检测到目标,2026-08-13 14:29:03,前摄像头,否,前摄
1279,未检测到目标,2026-08-13 14:29:05,前摄像头,否,前摄
1280,未检测到目标,2026-08-13 14:29:07,前摄像头,否,前摄
1281,未检测到目标,2026-08-13 14:29:09,前摄像头,否,前摄
1282,未检测到目标,2026-08-13 14:29:11,前摄像头,否,前摄
1283,未检测到目标,2026-08-13 14:29:13,前摄像头,否,前摄
1284,未检测到目标,2026-08-13 14:29:15,前摄像头,否,前摄
1285,未检测到目标,2026-08-13 14:29:17,前摄像头,否,前摄
1286,未检测到目标,2026-08-13 14:29:19,前摄像头,否,前摄
1287,未佩戴安全帽,2026-08-13 14:29:20,前摄像头,是,前摄
1288,未检测到目标,2026-08-13 14:29:21,前摄像头,否,前摄
1289,未检测到目标,2026-08-13 14:29:23,前摄像头,否,前摄
1290,未检测到目标,2026-08-13 14:29:25,前摄像头,否,前摄
1291,未检测到目标,2026-08-13 14:29:27,前摄像头,否,前摄
1292,未佩戴安全帽,2026-08-13 14:29:27,前摄像头,是,前摄
1293,未检测到目标,2026-08-13 14:29:29,前摄像头,否,前摄
1294,未检测到目标,2026-08-13 14:29:31,前摄像头,否,前摄
1295,未检测到目标,2026-08-13 14:29:33,前摄像头,否,前摄
1296,未检测到目标,2026-08-13 14:29:35,前摄像头,否,前摄
1297,未佩戴安全帽,2026-08-13 14:29:35,前摄像头,是,前摄
1298,未检测到目标,2026-08-13 14:29:37,前摄像头,否,前摄
1299,未检测到目标,2026-08-13 14:29:39,前摄像头,否,前摄
1300,未检测到目标,2026-08-13 14:29:41,前摄像头,否,前摄
1301,未检测到目标,2026-08-13 14:29:43,前摄像头,否,前摄
1302,未佩戴安全帽,2026-08-13 14:29:44,前摄像头,是,前摄
1303,未检测到目标,2026-08-13 14:29:45,前摄像头,否,前摄
1304,未检测到目标,2026-08-13 14:29:47,前摄像头,否,前摄
1305,未检测到目标,2026-08-13 14:29:49,前摄像头,否,前摄
1306,未检测到目标,2026-08-13 14:29:51,前摄像头,否,前摄
1307,未检测到目标,2026-08-13 14:29:53,前摄像头,否,前摄
1308,未佩戴安全帽,2026-08-13 14:29:54,前摄像头,是,前摄
1309,未检测到目标,2026-08-13 14:29:55,前摄像头,否,前摄
1310,未检测到目标,2026-08-13 14:29:57,前摄像头,否,前摄
1311,未检测到目标,2026-08-13 14:29:59,前摄像头,否,前摄
1312,未检测到目标,2026-08-13 14:30:01,前摄像头,否,前摄
1313,未检测到目标,2026-08-13 14:30:03,前摄像头,否,前摄
1314,未检测到目标,2026-08-13 14:30:05,前摄像头,否,前摄
1315,未检测到目标,2026-08-13 14:30:07,前摄像头,否,前摄
1316,未检测到目标,2026-08-13 14:30:09,前摄像头,否,前摄
1317,未检测到目标,2026-08-13 14:30:11,前摄像头,否,前摄
1318,未检测到目标,2026-08-13 14:30:13,前摄像头,否,前摄
1319,未佩戴安全帽,2026-08-13 14:30:15,前摄像头,是,前摄
1320,未佩戴安全帽,2026-08-13 14:30:20,前摄像头,是,前摄
1321,未佩戴安全帽,2026-08-13 14:30:25,前摄像头,是,前摄
1322,未检测到目标,2026-08-13 14:30:26,前摄像头,否,前摄
1323,未佩戴安全帽,2026-08-13 14:30:30,前摄像头,是,前摄
1324,未检测到目标,2026-08-13 14:30:34,前摄像头,否,前摄
1325,未检测到目标,2026-08-13 14:30:36,前摄像头,否,前摄
1326,未检测到目标,2026-08-13 14:30:38,前摄像头,否,前摄
1327,未检测到目标,2026-08-13 14:30:40,前摄像头,否,前摄
1328,未佩戴安全帽,2026-08-13 14:30:41,前摄像头,是,前摄
1329,未检测到目标,2026-08-13 14:30:43,前摄像头,否,前摄
1330,未佩戴安全帽,2026-08-13 14:30:46,前摄像头,是,前摄
1331,未佩戴安全帽,2026-08-13 14:30:51,前摄像头,是,前摄
1332,未佩戴安全帽,2026-08-13 14:30:56,前摄像头,是,前摄
1333,未检测到目标,2026-08-13 14:30:58,前摄像头,否,前摄
1334,未佩戴安全帽,2026-08-13 14:31:01,前摄像头,是,前摄
1335,未佩戴安全帽,2026-08-13 14:31:06,前摄像头,是,前摄
1336,未检测到目标,2026-08-13 14:31:10,前摄像头,否,前摄
1337,未佩戴安全帽,2026-08-13 14:31:11,前摄像头,是,前摄
1338,未检测到目标,2026-08-13 14:31:12,前摄像头,否,前摄
1339,未佩戴安全帽,2026-08-13 14:31:16,前摄像头,是,前摄
1340,未佩戴安全帽,2026-08-13 14:31:21,前摄像头,是,前摄
1341,未检测到目标,2026-08-13 14:31:23,前摄像头,否,前摄
1342,未检测到目标,2026-08-13 14:31:25,前摄像头,否,前摄
1343,未检测到目标,2026-08-13 14:31:28,前摄像头,否,前摄
1344,未检测到目标,2026-08-13 14:31:30,前摄像头,否,前摄
1345,未佩戴安全帽,2026-08-13 14:31:30,前摄像头,是,前摄
1346,未检测到目标,2026-08-13 14:31:32,前摄像头,否,前摄
1347,未检测到目标,2026-08-13 14:31:34,前摄像头,否,前摄
1348,未检测到目标,2026-08-13 14:31:36,前摄像头,否,前摄
1349,未佩戴安全帽,2026-08-13 14:31:36,前摄像头,是,前摄
1350,未佩戴安全帽,2026-08-13 14:31:41,前摄像头,是,前摄
1351,未佩戴安全帽,2026-08-13 14:31:46,前摄像头,是,前摄
1352,未佩戴安全帽,2026-08-13 14:31:51,前摄像头,是,前摄
1353,未佩戴安全帽,2026-08-13 14:31:56,前摄像头,是,前摄
1354,未佩戴安全帽,2026-08-13 14:32:01,前摄像头,是,前摄
1355,未佩戴安全帽,2026-08-13 14:32:06,前摄像头,是,前摄
1356,未佩戴安全帽,2026-08-13 14:32:11,前摄像头,是,前摄
1357,未检测到目标,2026-08-13 14:32:14,前摄像头,否,前摄
1358,未佩戴安全帽,2026-08-13 14:32:16,前摄像头,是,前摄
1359,未佩戴安全帽,2026-08-13 14:32:21,前摄像头,是,前摄
1360,未检测到目标,2026-08-13 14:32:25,前摄像头,否,前摄
1361,未佩戴安全帽,2026-08-13 14:32:26,前摄像头,是,前摄
1362,未检测到目标,2026-08-13 14:32:29,前摄像头,否,前摄
1363,未检测到目标,2026-08-13 14:32:31,前摄像头,否,前摄
1364,未佩戴安全帽,2026-08-13 14:32:31,前摄像头,是,前摄
1365,未佩戴安全帽,2026-08-13 14:32:36,前摄像头,是,前摄
1366,未检测到目标,2026-08-13 14:32:37,前摄像头,否,前摄
1367,未佩戴安全帽,2026-08-13 14:32:41,前摄像头,是,前摄
1368,未佩戴安全帽,2026-08-13 14:32:46,前摄像头,是,前摄
1369,未检测到目标,2026-08-13 14:32:49,前摄像头,否,前摄
1370,未佩戴安全帽,2026-08-13 14:32:51,前摄像头,是,前摄
1371,未检测到目标,2026-08-13 14:32:51,前摄像头,否,前摄
1372,未检测到目标,2026-08-13 14:32:53,前摄像头,否,前摄
1373,未检测到目标,2026-08-13 14:32:55,前摄像头,否,前摄
1374,未佩戴安全帽,2026-08-13 14:32:56,前摄像头,是,前摄
1375,未检测到目标,2026-08-13 14:32:57,前摄像头,否,前摄
1376,未检测到目标,2026-08-13 14:33:00,前摄像头,否,前摄
1377,未佩戴安全帽,2026-08-13 14:33:01,前摄像头,是,前摄
1378,未检测到目标,2026-08-13 14:33:02,前摄像头,否,前摄
1379,未检测到目标,2026-08-13 14:33:04,前摄像头,否,前摄
1380,未检测到目标,2026-08-13 14:33:06,前摄像头,否,前摄
1381,未佩戴安全帽,2026-08-13 14:33:06,前摄像头,是,前摄
1382,未检测到目标,2026-08-13 14:33:08,前摄像头,否,前摄
1383,未检测到目标,2026-08-13 14:33:10,前摄像头,否,前摄
1384,未佩戴安全帽,2026-08-13 14:33:11,前摄像头,是,前摄
1385,未检测到目标,2026-08-13 14:33:12,前摄像头,否,前摄
1386,未检测到目标,2026-08-13 14:33:15,前摄像头,否,前摄
1387,未佩戴安全帽,2026-08-13 14:33:16,前摄像头,是,前摄
1388,未检测到目标,2026-08-13 14:33:17,前摄像头,否,前摄
1389,未检测到目标,2026-08-13 14:33:19,前摄像头,否,前摄
1390,未检测到目标,2026-08-13 14:33:21,前摄像头,否,前摄
1391,未佩戴安全帽,2026-08-13 14:33:22,前摄像头,是,前摄
1392,未检测到目标,2026-08-13 14:33:23,前摄像头,否,前摄
1393,未检测到目标,2026-08-13 14:33:25,前摄像头,否,前摄
1394,未佩戴安全帽,2026-08-13 14:33:27,前摄像头,是,前摄
1395,未检测到目标,2026-08-13 14:33:27,前摄像头,否,前摄
1396,未检测到目标,2026-08-13 14:33:30,前摄像头,否,前摄
1397,未佩戴安全帽,2026-08-13 14:33:32,前摄像头,是,前摄
1398,未检测到目标,2026-08-13 14:33:32,前摄像头,否,前摄
1399,未检测到目标,2026-08-13 14:33:34,前摄像头,否,前摄
1400,未检测到目标,2026-08-13 14:33:36,前摄像头,否,前摄
1401,未佩戴安全帽,2026-08-13 14:33:37,前摄像头,是,前摄
1402,未检测到目标,2026-08-13 14:33:38,前摄像头,否,前摄
1403,未检测到目标,2026-08-13 14:33:40,前摄像头,否,前摄
1404,未佩戴安全帽,2026-08-13 14:33:42,前摄像头,是,前摄
1405,未检测到目标,2026-08-13 14:33:42,前摄像头,否,前摄
1406,未检测到目标,2026-08-13 14:33:44,前摄像头,否,前摄
1407,未检测到目标,2026-08-13 14:33:46,前摄像头,否,前摄
1408,未佩戴安全帽,2026-08-13 14:33:47,前摄像头,是,前摄
1409,未检测到目标,2026-08-13 14:33:48,前摄像头,否,前摄
1410,未检测到目标,2026-08-13 14:33:50,前摄像头,否,前摄
1411,未佩戴安全帽,2026-08-13 14:33:52,前摄像头,是,前摄
1412,未检测到目标,2026-08-13 14:33:52,前摄像头,否,前摄
1413,未检测到目标,2026-08-13 14:33:55,前摄像头,否,前摄
1414,未检测到目标,2026-08-13 14:33:57,前摄像头,否,前摄
1415,未佩戴安全帽,2026-08-13 14:33:57,前摄像头,是,前摄
1416,未检测到目标,2026-08-13 14:33:59,前摄像头,否,前摄
1417,未检测到目标,2026-08-13 14:34:01,前摄像头,否,前摄
1418,未佩戴安全帽,2026-08-13 14:34:02,前摄像头,是,前摄
1419,未检测到目标,2026-08-13 14:34:03,前摄像头,否,前摄
1420,未检测到目标,2026-08-13 14:34:05,前摄像头,否,前摄
1421,未检测到目标,2026-08-13 14:34:07,前摄像头,否,前摄
1422,未佩戴安全帽,2026-08-13 14:34:07,前摄像头,是,前摄
1423,未检测到目标,2026-08-13 14:34:09,前摄像头,否,前摄
1424,未检测到目标,2026-08-13 14:34:12,前摄像头,否,前摄
1425,未佩戴安全帽,2026-08-13 14:34:12,前摄像头,是,前摄
1426,未检测到目标,2026-08-13 14:34:14,前摄像头,否,前摄
1427,未检测到目标,2026-08-13 14:34:16,前摄像头,否,前摄
1428,未佩戴安全帽,2026-08-13 14:34:17,前摄像头,是,前摄
1429,未检测到目标,2026-08-13 14:34:18,前摄像头,否,前摄
1430,未检测到目标,2026-08-13 14:34:20,前摄像头,否,前摄
1431,未检测到目标,2026-08-13 14:34:22,前摄像头,否,前摄
1432,未佩戴安全帽,2026-08-13 14:34:22,前摄像头,是,前摄
1433,未检测到目标,2026-08-13 14:34:24,前摄像头,否,前摄
1434,未检测到目标,2026-08-13 14:34:26,前摄像头,否,前摄
1435,未佩戴安全帽,2026-08-13 14:34:27,前摄像头,是,前摄
1436,未检测到目标,2026-08-13 14:34:28,前摄像头,否,前摄
1437,未检测到目标,2026-08-13 14:34:30,前摄像头,否,前摄
1438,未检测到目标,2026-08-13 14:34:32,前摄像头,否,前摄
1439,未佩戴安全帽,2026-08-13 14:34:32,前摄像头,是,前摄
1440,未检测到目标,2026-08-13 14:34:34,前摄像头,否,前摄
1441,未检测到目标,2026-08-13 14:34:36,前摄像头,否,前摄
1442,未佩戴安全帽,2026-08-13 14:34:37,前摄像头,是,前摄
1443,未检测到目标,2026-08-13 14:34:38,前摄像头,否,前摄
1444,未检测到目标,2026-08-13 14:34:40,前摄像头,否,前摄
1445,未佩戴安全帽,2026-08-13 14:34:42,前摄像头,是,前摄
1446,未检测到目标,2026-08-13 14:34:43,前摄像头,否,前摄
1447,未检测到目标,2026-08-13 14:34:45,前摄像头,否,前摄
1448,未检测到目标,2026-08-13 14:34:47,前摄像头,否,前摄
1449,未佩戴安全帽,2026-08-13 14:34:47,前摄像头,是,前摄
1450,未检测到目标,2026-08-13 14:34:49,前摄像头,否,前摄
1451,未检测到目标,2026-08-13 14:34:51,前摄像头,否,前摄
1452,未佩戴安全帽,2026-08-13 14:34:52,前摄像头,是,前摄
1453,未检测到目标,2026-08-13 14:34:53,前摄像头,否,前摄
1454,未检测到目标,2026-08-13 14:34:55,前摄像头,否,前摄
1455,未检测到目标,2026-08-13 14:34:57,前摄像头,否,前摄
1456,未佩戴安全帽,2026-08-13 14:34:57,前摄像头,是,前摄
1457,未检测到目标,2026-08-13 14:34:59,前摄像头,否,前摄
1458,未检测到目标,2026-08-13 14:35:01,前摄像头,否,前摄
1459,未佩戴安全帽,2026-08-13 14:35:03,前摄像头,是,前摄
1460,未检测到目标,2026-08-13 14:35:03,前摄像头,否,前摄
1461,未检测到目标,2026-08-13 14:35:05,前摄像头,否,前摄
1462,未检测到目标,2026-08-13 14:35:07,前摄像头,否,前摄
1463,未佩戴安全帽,2026-08-13 14:35:08,前摄像头,是,前摄
1464,未检测到目标,2026-08-13 14:35:09,前摄像头,否,前摄
1465,未检测到目标,2026-08-13 14:35:11,前摄像头,否,前摄
1466,未佩戴安全帽,2026-08-13 14:35:13,前摄像头,是,前摄
1467,未检测到目标,2026-08-13 14:35:13,前摄像头,否,前摄
1468,未检测到目标,2026-08-13 14:35:15,前摄像头,否,前摄
1469,未佩戴安全帽,2026-08-13 14:35:18,前摄像头,是,前摄
1470,未佩戴安全帽,2026-08-13 14:35:23,前摄像头,是,前摄
1471,未佩戴安全帽,2026-08-13 14:35:28,前摄像头,是,前摄
1472,未检测到目标,2026-08-13 14:35:31,前摄像头,否,前摄
1473,未佩戴安全帽,2026-08-13 14:35:33,前摄像头,是,前摄
1474,未检测到目标,2026-08-13 14:35:33,前摄像头,否,前摄
1475,未检测到目标,2026-08-13 14:35:35,前摄像头,否,前摄
1476,未检测到目标,2026-08-13 14:35:37,前摄像头,否,前摄
1477,未佩戴安全帽,2026-08-13 14:35:38,前摄像头,是,前摄
1478,未检测到目标,2026-08-13 14:35:39,前摄像头,否,前摄
1479,未检测到目标,2026-08-13 14:35:42,前摄像头,否,前摄
1480,未佩戴安全帽,2026-08-13 14:35:43,前摄像头,是,前摄
1481,未检测到目标,2026-08-13 14:35:44,前摄像头,否,前摄
1482,未检测到目标,2026-08-13 14:35:46,前摄像头,否,前摄
1483,未检测到目标,2026-08-13 14:35:48,前摄像头,否,前摄
1484,未佩戴安全帽,2026-08-13 14:35:48,前摄像头,是,前摄
1485,未检测到目标,2026-08-13 14:35:50,前摄像头,否,前摄
1486,未检测到目标,2026-08-13 14:35:52,前摄像头,否,前摄
1487,未佩戴安全帽,2026-08-13 14:35:53,前摄像头,是,前摄
1488,未检测到目标,2026-08-13 14:35:54,前摄像头,否,前摄
1489,未检测到目标,2026-08-13 14:35:56,前摄像头,否,前摄
1490,未检测到目标,2026-08-13 14:35:58,前摄像头,否,前摄
1491,未佩戴安全帽,2026-08-13 14:35:58,前摄像头,是,前摄
1492,未检测到目标,2026-08-13 14:36:00,前摄像头,否,前摄
1493,未检测到目标,2026-08-13 14:36:02,前摄像头,否,前摄
1494,未佩戴安全帽,2026-08-13 14:36:03,前摄像头,是,前摄
1495,未检测到目标,2026-08-13 14:36:04,前摄像头,否,前摄
1496,未检测到目标,2026-08-13 14:36:06,前摄像头,否,前摄
1497,未检测到目标,2026-08-13 14:36:08,前摄像头,否,前摄
1498,未佩戴安全帽,2026-08-13 14:36:09,前摄像头,是,前摄
1499,未检测到目标,2026-08-13 14:36:10,前摄像头,否,前摄
1500,未检测到目标,2026-08-13 14:36:12,前摄像头,否,前摄
1501,未佩戴安全帽,2026-08-13 14:36:14,前摄像头,是,前摄
1502,未检测到目标,2026-08-13 14:36:14,前摄像头,否,前摄
1503,未检测到目标,2026-08-13 14:36:16,前摄像头,否,前摄
1504,未检测到目标,2026-08-13 14:36:18,前摄像头,否,前摄
1505,未佩戴安全帽,2026-08-13 14:36:19,前摄像头,是,前摄
1506,未检测到目标,2026-08-13 14:36:20,前摄像头,否,前摄
1507,未检测到目标,2026-08-13 14:36:22,前摄像头,否,前摄
1508,未佩戴安全帽,2026-08-13 14:36:24,前摄像头,是,前摄
1509,未检测到目标,2026-08-13 14:36:24,前摄像头,否,前摄
1510,未检测到目标,2026-08-13 14:36:26,前摄像头,否,前摄
1511,未检测到目标,2026-08-13 14:36:28,前摄像头,否,前摄
1512,未佩戴安全帽,2026-08-13 14:36:29,前摄像头,是,前摄
1513,未检测到目标,2026-08-13 14:36:30,前摄像头,否,前摄
1514,未检测到目标,2026-08-13 14:36:32,前摄像头,否,前摄
1515,未佩戴安全帽,2026-08-13 14:36:34,前摄像头,是,前摄
1516,未检测到目标,2026-08-13 14:36:37,前摄像头,否,前摄
1517,未佩戴安全帽,2026-08-13 14:36:39,前摄像头,是,前摄
1518,未佩戴安全帽,2026-08-13 14:36:44,前摄像头,是,前摄
1519,未检测到目标,2026-08-13 14:36:49,前摄像头,否,前摄
1520,未佩戴安全帽,2026-08-13 14:36:50,前摄像头,是,前摄
1521,未检测到目标,2026-08-13 14:36:51,前摄像头,否,前摄
1522,未检测到目标,2026-08-13 14:36:53,前摄像头,否,前摄
1523,未检测到目标,2026-08-13 14:36:55,前摄像头,否,前摄
1524,未佩戴安全帽,2026-08-13 14:36:55,前摄像头,是,前摄
1525,未检测到目标,2026-08-13 14:36:57,前摄像头,否,前摄
1526,未检测到目标,2026-08-13 14:36:59,前摄像头,否,前摄
1527,未佩戴安全帽,2026-08-13 14:37:00,前摄像头,是,前摄
1528,未检测到目标,2026-08-13 14:37:01,前摄像头,否,前摄
1529,未检测到目标,2026-08-13 14:37:03,前摄像头,否,前摄
1530,未检测到目标,2026-08-13 14:37:05,前摄像头,否,前摄
1531,未佩戴安全帽,2026-08-13 14:37:05,前摄像头,是,前摄
1532,未检测到目标,2026-08-13 14:37:07,前摄像头,否,前摄
1533,未检测到目标,2026-08-13 14:37:09,前摄像头,否,前摄
1534,未佩戴安全帽,2026-08-13 14:37:10,前摄像头,是,前摄
1535,未检测到目标,2026-08-13 14:37:11,前摄像头,否,前摄
1536,未检测到目标,2026-08-13 14:37:13,前摄像头,否,前摄
1537,未检测到目标,2026-08-13 14:37:15,前摄像头,否,前摄
1538,未佩戴安全帽,2026-08-13 14:37:15,前摄像头,是,前摄
1539,未检测到目标,2026-08-13 14:37:17,前摄像头,否,前摄
1540,未检测到目标,2026-08-13 14:37:19,前摄像头,否,前摄
1541,未佩戴安全帽,2026-08-13 14:37:20,前摄像头,是,前摄
1542,未检测到目标,2026-08-13 14:37:21,前摄像头,否,前摄
1543,未检测到目标,2026-08-13 14:37:23,前摄像头,否,前摄
1544,未检测到目标,2026-08-13 14:37:25,前摄像头,否,前摄
1545,未佩戴安全帽,2026-08-13 14:37:25,前摄像头,是,前摄
1546,未检测到目标,2026-08-13 14:37:27,前摄像头,否,前摄
1547,未检测到目标,2026-08-13 14:37:29,前摄像头,否,前摄
1548,未佩戴安全帽,2026-08-13 14:37:30,前摄像头,是,前摄
1549,未检测到目标,2026-08-13 14:37:31,前摄像头,否,前摄
1550,未检测到目标,2026-08-13 14:37:33,前摄像头,否,前摄
1551,未检测到目标,2026-08-13 14:37:35,前摄像头,否,前摄
1552,未佩戴安全帽,2026-08-13 14:37:36,前摄像头,是,前摄
1553,未检测到目标,2026-08-13 14:37:37,前摄像头,否,前摄
1554,未检测到目标,2026-08-13 14:37:39,前摄像头,否,前摄
1555,未检测到目标,2026-08-13 14:37:41,前摄像头,否,前摄
1556,未佩戴安全帽,2026-08-13 14:37:41,前摄像头,是,前摄
1557,未检测到目标,2026-08-13 14:37:43,前摄像头,否,前摄
1558,未检测到目标,2026-08-13 14:37:45,前摄像头,否,前摄
1559,未佩戴安全帽,2026-08-13 14:37:46,前摄像头,是,前摄
1560,未检测到目标,2026-08-13 14:37:47,前摄像头,否,前摄
1561,未检测到目标,2026-08-13 14:37:49,前摄像头,否,前摄
1562,未检测到目标,2026-08-13 14:37:51,前摄像头,否,前摄
1563,未佩戴安全帽,2026-08-13 14:37:52,前摄像头,是,前摄
1564,未检测到目标,2026-08-13 14:37:54,前摄像头,否,前摄
1565,未检测到目标,2026-08-13 14:37:56,前摄像头,否,前摄
1566,未佩戴安全帽,2026-08-13 14:37:57,前摄像头,是,前摄
1567,未检测到目标,2026-08-13 14:37:58,前摄像头,否,前摄
1568,未检测到目标,2026-08-13 14:38:00,前摄像头,否,前摄
1569,未检测到目标,2026-08-13 14:38:02,前摄像头,否,前摄
1570,未佩戴安全帽,2026-08-13 14:38:02,前摄像头,是,前摄
1571,未检测到目标,2026-08-13 14:38:04,前摄像头,否,前摄
1572,未检测到目标,2026-08-13 14:38:06,前摄像头,否,前摄
1573,未佩戴安全帽,2026-08-13 14:38:07,前摄像头,是,前摄
1574,未检测到目标,2026-08-13 14:38:08,前摄像头,否,前摄
1575,未检测到目标,2026-08-13 14:38:10,前摄像头,否,前摄
1576,未检测到目标,2026-08-13 14:38:12,前摄像头,否,前摄
1577,未佩戴安全帽,2026-08-13 14:38:12,前摄像头,是,前摄
1578,未检测到目标,2026-08-13 14:38:14,前摄像头,否,前摄
1579,未检测到目标,2026-08-13 14:38:16,前摄像头,否,前摄
1580,未佩戴安全帽,2026-08-13 14:38:17,前摄像头,是,前摄
1581,未检测到目标,2026-08-13 14:38:18,前摄像头,否,前摄
1582,未检测到目标,2026-08-13 14:38:20,前摄像头,否,前摄
1583,未检测到目标,2026-08-13 14:38:22,前摄像头,否,前摄
1584,未佩戴安全帽,2026-08-13 14:38:22,前摄像头,是,前摄
1585,未检测到目标,2026-08-13 14:38:24,前摄像头,否,前摄
1586,未检测到目标,2026-08-13 14:38:26,前摄像头,否,前摄
1587,未佩戴安全帽,2026-08-13 14:38:28,前摄像头,是,前摄
1588,未检测到目标,2026-08-13 14:38:28,前摄像头,否,前摄
1589,未检测到目标,2026-08-13 14:38:30,前摄像头,否,前摄
1590,未检测到目标,2026-08-13 14:38:32,前摄像头,否,前摄
1591,未佩戴安全帽,2026-08-13 14:38:33,前摄像头,是,前摄
1592,未检测到目标,2026-08-13 14:38:34,前摄像头,否,前摄
1593,未检测到目标,2026-08-13 14:38:36,前摄像头,否,前摄
1594,未佩戴安全帽,2026-08-13 14:38:38,前摄像头,是,前摄
1595,未检测到目标,2026-08-13 14:38:38,前摄像头,否,前摄
1596,未检测到目标,2026-08-13 14:38:40,前摄像头,否,前摄
1597,未检测到目标,2026-08-13 14:38:42,前摄像头,否,前摄
1598,未检测到目标,2026-08-13 14:38:44,前摄像头,否,前摄
1599,未检测到目标,2026-08-13 14:38:46,前摄像头,否,前摄
1600,未检测到目标,2026-08-13 14:38:48,前摄像头,否,前摄
1601,未检测到目标,2026-08-13 14:38:50,前摄像头,否,前摄
1602,未检测到目标,2026-08-13 14:38:52,前摄像头,否,前摄
1603,未检测到目标,2026-08-13 14:38:54,前摄像头,否,前摄
1604,未检测到目标,2026-08-13 14:38:56,前摄像头,否,前摄
1605,未检测到目标,2026-08-13 14:38:59,前摄像头,否,前摄
1606,未检测到目标,2026-08-13 14:39:01,前摄像头,否,前摄
1607,未检测到目标,2026-08-13 14:39:03,前摄像头,否,前摄
1608,未检测到目标,2026-08-13 14:39:05,前摄像头,否,前摄
1609,未检测到目标,2026-08-13 14:39:07,前摄像头,否,前摄
1610,未检测到目标,2026-08-13 14:39:09,前摄像头,否,前摄
1611,未检测到目标,2026-08-13 14:39:11,前摄像头,否,前摄
1612,未检测到目标,2026-08-13 14:39:13,前摄像头,否,前摄
1613,未检测到目标,2026-08-13 14:39:15,前摄像头,否,前摄
1614,未检测到目标,2026-08-13 14:39:17,前摄像头,否,前摄
1615,未检测到目标,2026-08-13 14:39:19,前摄像头,否,前摄
1616,未检测到目标,2026-08-13 14:39:21,前摄像头,否,前摄
1617,未检测到目标,2026-08-13 14:39:23,前摄像头,否,前摄
1618,未检测到目标,2026-08-13 14:39:25,前摄像头,否,前摄
1619,未检测到目标,2026-08-13 14:39:27,前摄像头,否,前摄
1620,未检测到目标,2026-08-13 14:39:29,前摄像头,否,前摄
1621,未检测到目标,2026-08-13 14:39:31,前摄像头,否,前摄
1622,未检测到目标,2026-08-13 14:39:33,前摄像头,否,前摄
1623,未检测到目标,2026-08-13 14:39:35,前摄像头,否,前摄
1624,未检测到目标,2026-08-13 14:39:37,前摄像头,否,前摄
1625,未检测到目标,2026-08-13 14:39:39,前摄像头,否,前摄
1626,未检测到目标,2026-08-13 14:39:41,前摄像头,否,前摄
1627,未检测到目标,2026-08-13 14:39:43,前摄像头,否,前摄
1628,未检测到目标,2026-08-13 14:39:45,前摄像头,否,前摄
1629,未检测到目标,2026-08-13 14:39:47,前摄像头,否,前摄
1630,未检测到目标,2026-08-13 14:39:49,前摄像头,否,前摄
1631,未检测到目标,2026-08-13 14:39:51,前摄像头,否,前摄
1632,未检测到目标,2026-08-13 14:39:53,前摄像头,否,前摄
1633,未检测到目标,2026-08-13 14:39:55,前摄像头,否,前摄
1634,未检测到目标,2026-08-13 14:39:57,前摄像头,否,前摄
1635,未检测到目标,2026-08-13 14:39:59,前摄像头,否,前摄
1636,未检测到目标,2026-08-13 14:40:01,前摄像头,否,前摄
1637,未检测到目标,2026-08-13 14:40:03,前摄像头,否,前摄
1638,未检测到目标,2026-08-13 14:40:05,前摄像头,否,前摄
1639,未检测到目标,2026-08-13 14:40:07,前摄像头,否,前摄
1640,未检测到目标,2026-08-13 14:40:09,前摄像头,否,前摄
1641,未佩戴安全帽,2026-08-13 14:40:09,前摄像头,是,前摄
1642,未检测到目标,2026-08-13 14:40:11,前摄像头,否,前摄
1643,未检测到目标,2026-08-13 14:40:13,前摄像头,否,前摄
1644,未佩戴安全帽,2026-08-13 14:40:14,前摄像头,是,前摄
1645,未检测到目标,2026-08-13 14:40:15,前摄像头,否,前摄
1646,未检测到目标,2026-08-13 14:40:17,前摄像头,否,前摄
1647,未检测到目标,2026-08-13 14:40:19,前摄像头,否,前摄
1648,未佩戴安全帽,2026-08-13 14:40:20,前摄像头,是,前摄
1649,未佩戴安全帽,2026-08-13 14:40:25,前摄像头,是,前摄
1650,未佩戴安全帽,2026-08-13 14:40:30,前摄像头,是,前摄
1651,未检测到目标,2026-08-13 14:40:33,前摄像头,否,前摄
1652,未检测到目标,2026-08-13 14:40:35,前摄像头,否,前摄
1653,未佩戴安全帽,2026-08-13 14:40:36,前摄像头,是,前摄
1654,未检测到目标,2026-08-13 14:40:37,前摄像头,否,前摄
1655,未检测到目标,2026-08-13 14:40:39,前摄像头,否,前摄
1656,未检测到目标,2026-08-13 14:40:41,前摄像头,否,前摄
1657,未佩戴安全帽,2026-08-13 14:40:42,前摄像头,是,前摄
1658,未检测到目标,2026-08-13 14:40:43,前摄像头,否,前摄
1659,未检测到目标,2026-08-13 14:40:45,前摄像头,否,前摄
1660,未佩戴安全帽,2026-08-13 14:40:47,前摄像头,是,前摄
1661,未检测到目标,2026-08-13 14:40:47,前摄像头,否,前摄
1662,未检测到目标,2026-08-13 14:40:49,前摄像头,否,前摄
1663,未检测到目标,2026-08-13 14:40:51,前摄像头,否,前摄
1664,未佩戴安全帽,2026-08-13 14:40:52,前摄像头,是,前摄
1665,未检测到目标,2026-08-13 14:40:53,前摄像头,否,前摄
1666,未检测到目标,2026-08-13 14:40:56,前摄像头,否,前摄
1667,未佩戴安全帽,2026-08-13 14:40:57,前摄像头,是,前摄
1668,未检测到目标,2026-08-13 14:40:58,前摄像头,否,前摄
1669,未检测到目标,2026-08-13 14:41:00,前摄像头,否,前摄
1670,未检测到目标,2026-08-13 14:41:02,前摄像头,否,前摄
1671,未佩戴安全帽,2026-08-13 14:41:03,前摄像头,是,前摄
1672,未检测到目标,2026-08-13 14:41:04,前摄像头,否,前摄
1673,未检测到目标,2026-08-13 14:41:06,前摄像头,否,前摄
1674,未佩戴安全帽,2026-08-13 14:41:08,前摄像头,是,前摄
1675,未检测到目标,2026-08-13 14:41:08,前摄像头,否,前摄
1676,未检测到目标,2026-08-13 14:41:10,前摄像头,否,前摄
1677,未检测到目标,2026-08-13 14:41:12,前摄像头,否,前摄
1678,未佩戴安全帽,2026-08-13 14:41:13,前摄像头,是,前摄
1679,未检测到目标,2026-08-13 14:41:14,前摄像头,否,前摄
1680,未检测到目标,2026-08-13 14:41:16,前摄像头,否,前摄
1681,未佩戴安全帽,2026-08-13 14:41:18,前摄像头,是,前摄
1682,未检测到目标,2026-08-13 14:41:18,前摄像头,否,前摄
1683,未检测到目标,2026-08-13 14:41:20,前摄像头,否,前摄
1684,未检测到目标,2026-08-13 14:41:22,前摄像头,否,前摄
1685,未佩戴安全帽,2026-08-13 14:41:23,前摄像头,是,前摄
1686,未检测到目标,2026-08-13 14:41:24,前摄像头,否,前摄
1687,未检测到目标,2026-08-13 14:41:26,前摄像头,否,前摄
1688,未佩戴安全帽,2026-08-13 14:41:28,前摄像头,是,前摄
1689,未检测到目标,2026-08-13 14:41:28,前摄像头,否,前摄
1690,未检测到目标,2026-08-13 14:41:30,前摄像头,否,前摄
1691,未检测到目标,2026-08-13 14:41:32,前摄像头,否,前摄
1692,未佩戴安全帽,2026-08-13 14:41:33,前摄像头,是,前摄
1693,未检测到目标,2026-08-13 14:41:34,前摄像头,否,前摄
1694,未检测到目标,2026-08-13 14:41:36,前摄像头,否,前摄
1695,未检测到目标,2026-08-13 14:41:38,前摄像头,否,前摄
1696,未佩戴安全帽,2026-08-13 14:41:39,前摄像头,是,前摄
1697,未检测到目标,2026-08-13 14:41:40,前摄像头,否,前摄
1698,未检测到目标,2026-08-13 14:41:42,前摄像头,否,前摄
1699,未检测到目标,2026-08-13 14:41:44,前摄像头,否,前摄
1700,未佩戴安全帽,2026-08-13 14:41:44,前摄像头,是,前摄
1701,未检测到目标,2026-08-13 14:41:46,前摄像头,否,前摄
1702,未检测到目标,2026-08-13 14:41:48,前摄像头,否,前摄
1703,未佩戴安全帽,2026-08-13 14:41:49,前摄像头,是,前摄
1704,未检测到目标,2026-08-13 14:41:50,前摄像头,否,前摄
1705,未检测到目标,2026-08-13 14:41:52,前摄像头,否,前摄
1706,未检测到目标,2026-08-13 14:41:54,前摄像头,否,前摄
1707,未佩戴安全帽,2026-08-13 14:41:55,前摄像头,是,前摄
1708,未检测到目标,2026-08-13 14:41:56,前摄像头,否,前摄
1709,未检测到目标,2026-08-13 14:41:58,前摄像头,否,前摄
1710,未佩戴安全帽,2026-08-13 14:42:00,前摄像头,是,前摄
1711,未检测到目标,2026-08-13 14:42:00,前摄像头,否,前摄
1712,未检测到目标,2026-08-13 14:42:03,前摄像头,否,前摄
1713,未检测到目标,2026-08-13 14:42:05,前摄像头,否,前摄
1714,未佩戴安全帽,2026-08-13 14:42:05,前摄像头,是,前摄
1715,未检测到目标,2026-08-13 14:42:07,前摄像头,否,前摄
1716,未检测到目标,2026-08-13 14:42:09,前摄像头,否,前摄
1717,未佩戴安全帽,2026-08-13 14:42:10,前摄像头,是,前摄
1718,未检测到目标,2026-08-13 14:42:11,前摄像头,否,前摄
1719,未检测到目标,2026-08-13 14:42:13,前摄像头,否,前摄
1720,未检测到目标,2026-08-13 14:42:15,前摄像头,否,前摄
1721,未佩戴安全帽,2026-08-13 14:42:15,前摄像头,是,前摄
1722,未检测到目标,2026-08-13 14:42:17,前摄像头,否,前摄
1723,未检测到目标,2026-08-13 14:42:19,前摄像头,否,前摄
1724,未检测到目标,2026-08-13 14:42:21,前摄像头,否,前摄
1725,未佩戴安全帽,2026-08-13 14:42:21,前摄像头,是,前摄
1726,未检测到目标,2026-08-13 14:42:23,前摄像头,否,前摄
1727,未检测到目标,2026-08-13 14:42:25,前摄像头,否,前摄
1728,未佩戴安全帽,2026-08-13 14:42:26,前摄像头,是,前摄
1729,未检测到目标,2026-08-13 14:42:27,前摄像头,否,前摄
1730,未检测到目标,2026-08-13 14:42:29,前摄像头,否,前摄
1731,未检测到目标,2026-08-13 14:42:31,前摄像头,否,前摄
1732,未佩戴安全帽,2026-08-13 14:42:32,前摄像头,是,前摄
1733,未检测到目标,2026-08-13 14:42:33,前摄像头,否,前摄
1734,未检测到目标,2026-08-13 14:42:35,前摄像头,否,前摄
1735,未检测到目标,2026-08-13 14:42:37,前摄像头,否,前摄
1736,未佩戴安全帽,2026-08-13 14:42:37,前摄像头,是,前摄
1737,未检测到目标,2026-08-13 14:42:39,前摄像头,否,前摄
1738,未检测到目标,2026-08-13 14:42:41,前摄像头,否,前摄
1739,未佩戴安全帽,2026-08-13 14:42:42,前摄像头,是,前摄
1740,未检测到目标,2026-08-13 14:42:43,前摄像头,否,前摄
1741,未检测到目标,2026-08-13 14:42:45,前摄像头,否,前摄
1742,未检测到目标,2026-08-13 14:42:47,前摄像头,否,前摄
1743,未佩戴安全帽,2026-08-13 14:42:48,前摄像头,是,前摄
1744,未检测到目标,2026-08-13 14:42:49,前摄像头,否,前摄
1745,未检测到目标,2026-08-13 14:42:51,前摄像头,否,前摄
1746,未检测到目标,2026-08-13 14:42:53,前摄像头,否,前摄
1747,未佩戴安全帽,2026-08-13 14:42:54,前摄像头,是,前摄
1748,未检测到目标,2026-08-13 14:42:55,前摄像头,否,前摄
1749,未检测到目标,2026-08-13 14:42:57,前摄像头,否,前摄
1750,未佩戴安全帽,2026-08-13 14:42:59,前摄像头,是,前摄
1751,未检测到目标,2026-08-13 14:42:59,前摄像头,否,前摄
1752,未检测到目标,2026-08-13 14:43:01,前摄像头,否,前摄
1753,未检测到目标,2026-08-13 14:43:03,前摄像头,否,前摄
1754,未佩戴安全帽,2026-08-13 14:43:04,前摄像头,是,前摄
1755,未检测到目标,2026-08-13 14:43:05,前摄像头,否,前摄
1756,未检测到目标,2026-08-13 14:43:07,前摄像头,否,前摄
1757,未佩戴安全帽,2026-08-13 14:43:09,前摄像头,是,前摄
1758,未检测到目标,2026-08-13 14:43:09,前摄像头,否,前摄
1759,未检测到目标,2026-08-13 14:43:11,前摄像头,否,前摄
1760,未检测到目标,2026-08-13 14:43:13,前摄像头,否,前摄
1761,未佩戴安全帽,2026-08-13 14:43:14,前摄像头,是,前摄
1762,未检测到目标,2026-08-13 14:43:15,前摄像头,否,前摄
1763,未检测到目标,2026-08-13 14:43:17,前摄像头,否,前摄
1764,未检测到目标,2026-08-13 14:43:19,前摄像头,否,前摄
1765,未佩戴安全帽,2026-08-13 14:43:20,前摄像头,是,前摄
1766,未检测到目标,2026-08-13 14:43:21,前摄像头,否,前摄
1767,未检测到目标,2026-08-13 14:43:23,前摄像头,否,前摄
1768,未佩戴安全帽,2026-08-13 14:43:25,前摄像头,是,前摄
1769,未检测到目标,2026-08-13 14:43:25,前摄像头,否,前摄
1770,未检测到目标,2026-08-13 14:43:29,前摄像头,否,前摄
1771,未佩戴安全帽,2026-08-13 14:43:30,前摄像头,是,前摄
1772,未检测到目标,2026-08-13 14:43:31,前摄像头,否,前摄
1773,未检测到目标,2026-08-13 14:43:33,前摄像头,否,前摄
1774,未佩戴安全帽,2026-08-13 14:43:35,前摄像头,是,前摄
1775,未检测到目标,2026-08-13 14:43:35,前摄像头,否,前摄
1776,未检测到目标,2026-08-13 14:43:37,前摄像头,否,前摄
1777,未检测到目标,2026-08-13 14:43:39,前摄像头,否,前摄
1778,未佩戴安全帽,2026-08-13 14:43:40,前摄像头,是,前摄
1779,未检测到目标,2026-08-13 14:43:41,前摄像头,否,前摄
1780,未检测到目标,2026-08-13 14:43:43,前摄像头,否,前摄
1781,未佩戴安全帽,2026-08-13 14:43:45,前摄像头,是,前摄
1782,未检测到目标,2026-08-13 14:43:46,前摄像头,否,前摄
1783,未检测到目标,2026-08-13 14:43:48,前摄像头,否,前摄
1784,未检测到目标,2026-08-13 14:43:50,前摄像头,否,前摄
1785,未佩戴安全帽,2026-08-13 14:43:51,前摄像头,是,前摄
1786,未检测到目标,2026-08-13 14:43:52,前摄像头,否,前摄
1787,未检测到目标,2026-08-13 14:43:54,前摄像头,否,前摄
1788,未佩戴安全帽,2026-08-13 14:43:56,前摄像头,是,前摄
1789,未检测到目标,2026-08-13 14:43:59,前摄像头,否,前摄
1790,未佩戴安全帽,2026-08-13 14:44:01,前摄像头,是,前摄
1791,未检测到目标,2026-08-13 14:44:04,前摄像头,否,前摄
1792,未佩戴安全帽,2026-08-13 14:44:06,前摄像头,是,前摄
1793,未检测到目标,2026-08-13 14:44:09,前摄像头,否,前摄
1794,未检测到目标,2026-08-13 14:44:11,前摄像头,否,前摄
1795,未佩戴安全帽,2026-08-13 14:44:11,前摄像头,是,前摄
1796,未检测到目标,2026-08-13 14:44:14,前摄像头,否,前摄
1797,未检测到目标,2026-08-13 14:44:16,前摄像头,否,前摄
1798,未佩戴安全帽,2026-08-13 14:44:16,前摄像头,是,前摄
1799,未检测到目标,2026-08-13 14:44:18,前摄像头,否,前摄
1800,未检测到目标,2026-08-13 14:44:20,前摄像头,否,前摄
1801,未佩戴安全帽,2026-08-13 14:44:21,前摄像头,是,前摄
1802,未检测到目标,2026-08-13 14:44:22,前摄像头,否,前摄
1803,未检测到目标,2026-08-13 14:44:24,前摄像头,否,前摄
1804,未检测到目标,2026-08-13 14:44:26,前摄像头,否,前摄
1805,未佩戴安全帽,2026-08-13 14:44:27,前摄像头,是,前摄
1806,未佩戴安全帽,2026-08-13 14:44:32,前摄像头,是,前摄
1807,未佩戴安全帽,2026-08-13 14:44:37,前摄像头,是,前摄
1808,未佩戴安全帽,2026-08-13 14:44:42,前摄像头,是,前摄
1809,未检测到目标,2026-08-13 14:44:42,前摄像头,否,前摄
1810,未检测到目标,2026-08-13 14:44:44,前摄像头,否,前摄
1811,未检测到目标,2026-08-13 14:44:46,前摄像头,否,前摄
1812,未佩戴安全帽,2026-08-13 14:44:47,前摄像头,是,前摄
1813,未检测到目标,2026-08-13 14:44:48,前摄像头,否,前摄
1814,未检测到目标,2026-08-13 14:44:50,前摄像头,否,前摄
1815,未佩戴安全帽,2026-08-13 14:44:52,前摄像头,是,前摄
1816,未检测到目标,2026-08-13 14:44:52,前摄像头,否,前摄
1817,未检测到目标,2026-08-13 14:44:54,前摄像头,否,前摄
1818,未检测到目标,2026-08-13 14:44:56,前摄像头,否,前摄
1819,未佩戴安全帽,2026-08-13 14:58:06,前摄像头,是,前摄
1820,未佩戴安全帽,2026-08-13 14:58:18,前摄像头,是,前摄
1821,未佩戴安全帽,2026-08-13 14:58:23,前摄像头,是,前摄
1822,未佩戴安全帽,2026-08-13 14:58:28,前摄像头,是,前摄
1823,未佩戴安全帽,2026-08-13 14:58:34,前摄像头,是,前摄
1824,未佩戴安全帽,2026-08-13 14:58:39,前摄像头,是,前摄
1825,未佩戴安全帽,2026-08-13 14:58:45,前摄像头,是,前摄
1826,未佩戴安全帽,2026-08-13 14:58:50,前摄像头,是,前摄
1827,未佩戴安全帽,2026-08-13 14:58:55,前摄像头,是,前摄
1828,未佩戴安全帽,2026-08-13 14:59:01,前摄像头,是,前摄
1829,未佩戴安全帽,2026-08-13 14:59:08,前摄像头,是,前摄
1830,未佩戴安全帽,2026-08-13 14:59:13,前摄像头,是,前摄
1831,未佩戴安全帽,2026-08-13 14:59:19,前摄像头,是,前摄
1832,未佩戴安全帽,2026-08-13 14:59:24,前摄像头,是,前摄
1833,未佩戴安全帽,2026-08-13 15:03:58,前摄像头,是,前摄
1834,未佩戴安全帽,2026-08-13 15:04:03,前摄像头,是,前摄
1835,未佩戴安全帽,2026-08-13 15:04:08,前摄像头,是,前摄
1836,未佩戴安全帽,2026-08-13 15:04:14,前摄像头,是,前摄
1837,未佩戴安全帽,2026-08-13 15:04:19,前摄像头,是,前摄
1838,未佩戴安全帽,2026-08-13 15:04:24,前摄像头,是,前摄
1839,未佩戴安全帽,2026-08-13 15:04:33,前摄像头,是,前摄
1840,未佩戴安全帽,2026-08-13 15:04:38,前摄像头,是,前摄
1841,door,2026-08-13 15:05:38,前摄像头,否,前摄
1842,door,2026-08-13 15:05:40,前摄像头,否,前摄
1843,door,2026-08-13 15:05:42,前摄像头,否,前摄
1844,door,2026-08-13 15:05:44,前摄像头,否,前摄
1845,door,2026-08-13 15:05:46,前摄像头,否,前摄
1846,未佩戴安全帽,2026-08-13 15:05:48,前摄像头,是,前摄
1847,未佩戴安全帽,2026-08-13 15:05:53,前摄像头,是,前摄
1848,未佩戴安全帽,2026-08-13 15:05:58,前摄像头,是,前摄
1849,未佩戴安全帽,2026-08-13 15:06:03,前摄像头,是,前摄
1850,未佩戴安全帽,2026-08-13 15:06:08,前摄像头,是,前摄
1851,door,2026-08-13 15:06:13,前摄像头,否,前摄
1852,未佩戴安全帽,2026-08-13 15:06:14,前摄像头,是,前摄
1853,door,2026-08-13 15:06:15,前摄像头,否,前摄
1854,未佩戴安全帽,2026-08-13 15:06:19,前摄像头,是,前摄
1855,未佩戴安全帽,2026-08-13 15:06:38,前摄像头,是,前摄
1856,未佩戴安全帽,2026-08-13 15:06:45,前摄像头,是,前摄
1857,未佩戴安全帽,2026-08-13 15:06:51,前摄像头,是,前摄
1858,未佩戴安全帽,2026-08-13 15:06:56,前摄像头,是,前摄
1859,未佩戴安全帽,2026-08-13 15:07:07,前摄像头,是,前摄
1860,未佩戴安全帽,2026-08-13 15:07:12,前摄像头,是,前摄
1861,未佩戴安全帽,2026-08-13 15:07:17,前摄像头,是,前摄
1862,未佩戴安全帽,2026-08-13 15:07:22,前摄像头,是,前摄
1863,未佩戴安全帽,2026-08-13 15:07:27,前摄像头,是,前摄
1864,未佩戴安全帽,2026-08-13 15:07:32,前摄像头,是,前摄
1865,door,2026-08-13 15:07:37,前摄像头,否,前摄
1866,未佩戴安全帽,2026-08-13 15:07:41,前摄像头,是,前摄
1867,未佩戴安全帽,2026-08-13 15:07:46,前摄像头,是,前摄
1868,vehicle,2026-08-13 15:07:46,前摄像头,否,前摄
1869,vehicle,2026-08-13 15:07:49,前摄像头,否,前摄
1870,vehicle,2026-08-13 15:07:51,前摄像头,否,前摄
1871,未佩戴安全帽,2026-08-13 15:07:53,前摄像头,是,前摄
1872,vehicle,2026-08-13 15:07:57,前摄像头,否,前摄
1873,未佩戴安全帽,2026-08-13 15:07:58,前摄像头,是,前摄
1874,vehicle,2026-08-13 15:07:59,前摄像头,否,前摄
1875,未佩戴安全帽,2026-08-13 15:08:19,前摄像头,是,前摄
1876,未佩戴安全帽,2026-08-13 15:08:30,前摄像头,是,前摄
1877,未佩戴安全帽,2026-08-13 15:08:40,前摄像头,是,前摄
1878,vehicle,2026-08-13 15:08:41,前摄像头,否,前摄
1879,vehicle,2026-08-13 15:08:43,前摄像头,否,前摄
1880,house,2026-08-13 15:08:50,前摄像头,否,前摄
1881,house,2026-08-13 15:08:53,前摄像头,否,前摄
1882,未佩戴安全帽,2026-08-13 15:08:55,前摄像头,是,前摄
1883,house,2026-08-13 15:08:56,前摄像头,否,前摄
1884,未佩戴安全帽,2026-08-13 15:09:00,前摄像头,是,前摄
1885,house,2026-08-13 15:09:06,前摄像头,否,前摄
1886,未佩戴安全帽,2026-08-13 15:09:08,前摄像头,是,前摄
1887,house,2026-08-13 15:09:08,前摄像头,否,前摄
1888,house,2026-08-13 15:09:11,前摄像头,否,前摄
1889,未佩戴安全帽,2026-08-13 15:09:13,前摄像头,是,前摄
1890,未佩戴安全帽,2026-08-13 15:09:18,前摄像头,是,前摄
1891,未佩戴安全帽,2026-08-13 15:09:26,前摄像头,是,前摄
1892,未佩戴安全帽,2026-08-13 15:09:31,前摄像头,是,前摄
1893,house,2026-08-13 15:09:33,前摄像头,否,前摄
1894,house,2026-08-13 15:09:37,前摄像头,否,前摄
1895,未佩戴安全帽,2026-08-13 15:09:37,前摄像头,是,前摄
1896,door,2026-08-13 15:09:43,前摄像头,否,前摄
1897,未佩戴安全帽,2026-08-13 15:09:45,前摄像头,是,前摄
1898,door,2026-08-13 15:09:45,前摄像头,否,前摄
1899,door,2026-08-13 15:09:47,前摄像头,否,前摄
1900,door,2026-08-13 15:09:49,前摄像头,否,前摄
1901,door,2026-08-13 15:09:51,前摄像头,否,前摄
1902,door,2026-08-13 15:09:53,前摄像头,否,前摄
1903,door,2026-08-13 15:09:56,前摄像头,否,前摄
1904,door,2026-08-13 15:10:03,前摄像头,否,前摄
1905,未佩戴安全帽,2026-08-13 15:10:04,前摄像头,是,前摄
1906,door,2026-08-13 15:10:06,前摄像头,否,前摄
1907,未佩戴安全帽,2026-08-13 15:10:48,前摄像头,是,前摄
1908,未佩戴安全帽,2026-08-13 15:10:53,前摄像头,是,前摄
1909,未佩戴安全帽,2026-08-13 15:10:58,前摄像头,是,前摄
1910,未佩戴安全帽,2026-08-13 15:11:03,前摄像头,是,前摄
1911,未佩戴安全帽,2026-08-13 15:11:08,前摄像头,是,前摄
1912,未佩戴安全帽,2026-08-13 15:11:13,前摄像头,是,前摄
1913,未佩戴安全帽,2026-08-13 15:11:18,前摄像头,是,前摄
1914,未佩戴安全帽,2026-08-13 15:11:23,前摄像头,是,前摄
1915,未佩戴安全帽,2026-08-13 15:11:28,前摄像头,是,前摄
1916,未佩戴安全帽,2026-08-13 15:11:33,前摄像头,是,前摄
1917,未佩戴安全帽,2026-08-13 15:11:38,前摄像头,是,前摄
1918,door,2026-08-13 15:11:45,前摄像头,否,前摄
1919,door,2026-08-13 15:11:47,前摄像头,否,前摄
1920,door,2026-08-13 15:11:49,前摄像头,否,前摄
1921,未佩戴安全帽,2026-08-13 15:11:51,前摄像头,是,前摄
1922,door,2026-08-13 15:11:52,前摄像头,否,前摄
1923,door,2026-08-13 15:11:54,前摄像头,否,前摄
1924,door,2026-08-13 15:11:56,前摄像头,否,前摄
1925,door,2026-08-13 15:11:58,前摄像头,否,前摄
1926,door,2026-08-13 15:12:00,前摄像头,否,前摄
1927,未佩戴安全帽,2026-08-13 15:12:01,前摄像头,是,前摄
1928,door,2026-08-13 15:12:06,前摄像头,否,前摄
1929,未佩戴安全帽,2026-08-13 15:12:06,前摄像头,是,前摄
1930,door,2026-08-13 15:12:08,前摄像头,否,前摄
1931,未佩戴安全帽,2026-08-13 15:12:12,前摄像头,是,前摄
1932,door,2026-08-13 15:12:13,前摄像头,否,前摄
1933,door,2026-08-13 15:12:15,前摄像头,否,前摄
1934,door,2026-08-13 15:12:18,前摄像头,否,前摄
1935,door,2026-08-13 15:12:21,前摄像头,否,前摄
1936,未佩戴安全帽,2026-08-13 15:12:21,前摄像头,是,前摄
1937,未佩戴安全帽,2026-08-13 15:12:26,前摄像头,是,前摄
1938,未佩戴安全帽,2026-08-13 15:12:31,前摄像头,是,前摄
1939,未佩戴安全帽,2026-08-13 15:12:36,前摄像头,是,前摄
1940,未佩戴安全帽,2026-08-13 15:12:41,前摄像头,是,前摄
1941,未佩戴安全帽,2026-08-13 15:12:46,前摄像头,是,前摄
1942,未佩戴安全帽,2026-08-13 15:12:51,前摄像头,是,前摄
1943,未佩戴安全帽,2026-08-13 15:12:56,前摄像头,是,前摄
1944,未佩戴安全帽,2026-08-13 15:13:01,前摄像头,是,前摄
1945,未佩戴安全帽,2026-08-13 15:13:06,前摄像头,是,前摄
1946,未佩戴安全帽,2026-08-13 15:13:11,前摄像头,是,前摄
1947,未佩戴安全帽,2026-08-13 15:13:16,前摄像头,是,前摄
1948,未佩戴安全帽,2026-08-13 15:13:21,前摄像头,是,前摄
1949,未佩戴安全帽,2026-08-13 15:13:26,前摄像头,是,前摄
1950,未佩戴安全帽,2026-08-13 15:13:31,前摄像头,是,前摄
1951,未佩戴安全帽,2026-08-13 15:13:36,前摄像头,是,前摄
1952,未佩戴安全帽,2026-08-13 15:13:41,前摄像头,是,前摄
1953,未佩戴安全帽,2026-08-13 15:13:46,前摄像头,是,前摄
1954,未佩戴安全帽,2026-08-13 15:13:51,前摄像头,是,前摄
1955,未佩戴安全帽,2026-08-13 15:13:56,前摄像头,是,前摄
1956,未佩戴安全帽,2026-08-13 15:14:01,前摄像头,是,前摄
1957,未佩戴安全帽,2026-08-13 15:14:06,前摄像头,是,前摄
1958,未佩戴安全帽,2026-08-13 15:14:11,前摄像头,是,前摄
1959,未佩戴安全帽,2026-08-13 15:14:16,前摄像头,是,前摄
1960,未佩戴安全帽,2026-08-13 15:14:21,前摄像头,是,前摄
1961,未佩戴安全帽,2026-08-13 15:14:26,前摄像头,是,前摄
1962,未佩戴安全帽,2026-08-13 15:14:31,前摄像头,是,前摄
1963,未佩戴安全帽,2026-08-13 15:14:36,前摄像头,是,前摄
1964,未佩戴安全帽,2026-08-13 15:14:41,前摄像头,是,前摄
1965,doorvehicle,2026-08-13 15:15:07,前摄像头,否,前摄
1966,doorvehicle,2026-08-13 15:15:25,前摄像头,否,前摄
1967,未佩戴安全帽,2026-08-13 15:16:06,后摄像头,是,后摄
1968,未佩戴安全帽,2026-08-13 15:16:16,后摄像头,是,后摄
1967,未佩戴安全帽,2026-08-13 15:16:25,前摄像头,是,前摄
1969,未佩戴安全帽,2026-08-13 15:16:26,后摄像头,是,后摄
1968,未佩戴安全帽,2026-08-13 15:16:30,前摄像头,是,前摄
1969,未佩戴安全帽,2026-08-13 15:16:35,前摄像头,是,前摄
1970,未佩戴安全帽,2026-08-13 15:16:36,后摄像头,是,后摄
1970,未佩戴安全帽,2026-08-13 15:16:40,前摄像头,是,前摄
1971,未佩戴安全帽,2026-08-13 15:16:45,前摄像头,是,前摄
1971,未佩戴安全帽,2026-08-13 15:16:47,后摄像头,是,后摄
1972,未佩戴安全帽,2026-08-13 15:16:50,前摄像头,是,前摄
1973,未佩戴安全帽,2026-08-13 15:16:55,前摄像头,是,前摄
1972,未佩戴安全帽,2026-08-13 15:16:57,后摄像头,是,后摄
1974,未佩戴安全帽,2026-08-13 15:17:00,前摄像头,是,前摄
1975,未佩戴安全帽,2026-08-13 15:17:05,前摄像头,是,前摄
1973,未佩戴安全帽,2026-08-13 15:17:07,后摄像头,是,后摄
1976,未佩戴安全帽,2026-08-13 15:17:10,前摄像头,是,前摄
1977,未佩戴安全帽,2026-08-13 15:17:15,前摄像头,是,前摄
1974,未佩戴安全帽,2026-08-13 15:17:17,后摄像头,是,后摄
1978,未佩戴安全帽,2026-08-13 15:17:20,前摄像头,是,前摄
1979,未佩戴安全帽,2026-08-13 15:17:25,前摄像头,是,前摄
1975,未佩戴安全帽,2026-08-13 15:17:27,后摄像头,是,后摄
1980,未佩戴安全帽,2026-08-13 15:17:31,前摄像头,是,前摄
1981,未佩戴安全帽,2026-08-13 15:17:36,前摄像头,是,前摄
1976,未佩戴安全帽,2026-08-13 15:17:37,后摄像头,是,后摄
1982,未佩戴安全帽,2026-08-13 15:17:41,前摄像头,是,前摄
1977,未佩戴安全帽,2026-08-13 15:17:47,后摄像头,是,后摄
1983,未佩戴安全帽,2026-08-13 15:17:47,前摄像头,是,前摄
1984,未佩戴安全帽,2026-08-13 15:17:53,前摄像头,是,前摄
1985,未佩戴安全帽,2026-08-13 15:17:58,前摄像头,是,前摄
1986,未佩戴安全帽,2026-08-13 15:18:05,前摄像头,是,前摄
1987,未佩戴安全帽,2026-08-13 15:18:11,前摄像头,是,前摄
1988,未佩戴安全帽,2026-08-13 15:18:16,前摄像头,是,前摄
1989,未佩戴安全帽,2026-08-13 15:18:22,前摄像头,是,前摄
1990,未佩戴安全帽,2026-08-13 15:18:27,前摄像头,是,前摄
1991,未佩戴安全帽,2026-08-13 15:18:32,前摄像头,是,前摄
1992,未佩戴安全帽,2026-08-13 15:18:37,前摄像头,是,前摄
1993,未佩戴安全帽,2026-08-13 15:18:42,前摄像头,是,前摄
1994,未佩戴安全帽,2026-08-13 15:18:48,前摄像头,是,前摄
1995,未佩戴安全帽,2026-08-13 15:18:53,前摄像头,是,前摄
1996,未佩戴安全帽,2026-08-13 15:18:58,前摄像头,是,前摄
1997,未佩戴安全帽,2026-08-13 15:19:03,前摄像头,是,前摄
1998,未佩戴安全帽,2026-08-13 15:19:08,前摄像头,是,前摄
1999,未佩戴安全帽,2026-08-13 15:19:13,前摄像头,是,前摄
2000,未佩戴安全帽,2026-08-13 15:19:18,前摄像头,是,前摄
2001,未佩戴安全帽,2026-08-13 15:19:23,前摄像头,是,前摄
2002,未佩戴安全帽,2026-08-13 15:19:29,前摄像头,是,前摄
2003,未佩戴安全帽,2026-08-13 15:19:35,前摄像头,是,前摄
2004,未佩戴安全帽,2026-08-13 15:19:41,前摄像头,是,前摄
2005,未佩戴安全帽,2026-08-13 15:19:46,前摄像头,是,前摄
2006,未佩戴安全帽,2026-08-13 15:19:51,前摄像头,是,前摄
2007,未佩戴安全帽,2026-08-13 15:19:56,前摄像头,是,前摄
2008,未佩戴安全帽,2026-08-13 15:20:01,前摄像头,是,前摄
2009,未佩戴安全帽,2026-08-13 15:20:06,前摄像头,是,前摄
2010,未佩戴安全帽,2026-08-13 15:20:11,前摄像头,是,前摄
2011,未佩戴安全帽,2026-08-13 15:20:16,前摄像头,是,前摄
2012,未佩戴安全帽,2026-08-13 15:20:21,前摄像头,是,前摄
2013,未佩戴安全帽,2026-08-13 15:20:26,前摄像头,是,前摄
2014,未佩戴安全帽,2026-08-13 15:20:31,前摄像头,是,前摄
2015,未佩戴安全帽,2026-08-13 15:20:36,前摄像头,是,前摄
2016,未佩戴安全帽,2026-08-13 15:20:41,前摄像头,是,前摄
2017,未佩戴安全帽,2026-08-13 15:20:46,前摄像头,是,前摄
2018,未佩戴安全帽,2026-08-13 15:20:51,前摄像头,是,前摄
2019,未佩戴安全帽,2026-08-13 15:20:56,前摄像头,是,前摄
2020,未佩戴安全帽,2026-08-13 15:21:01,前摄像头,是,前摄
2021,未佩戴安全帽,2026-08-13 15:21:06,前摄像头,是,前摄
2022,未佩戴安全帽,2026-08-13 15:21:11,前摄像头,是,前摄
2023,未佩戴安全帽,2026-08-13 15:21:16,前摄像头,是,前摄
2024,未佩戴安全帽,2026-08-13 15:21:21,前摄像头,是,前摄
2025,未佩戴安全帽,2026-08-13 15:21:26,前摄像头,是,前摄
2026,未佩戴安全帽,2026-08-13 15:21:31,前摄像头,是,前摄
2027,未佩戴安全帽,2026-08-13 15:21:36,前摄像头,是,前摄
2028,未佩戴安全帽,2026-08-13 15:21:41,前摄像头,是,前摄
2029,未佩戴安全帽,2026-08-13 15:21:46,前摄像头,是,前摄
2030,未佩戴安全帽,2026-08-13 15:21:51,前摄像头,是,前摄
2031,未佩戴安全帽,2026-08-13 15:21:56,前摄像头,是,前摄
2032,未佩戴安全帽,2026-08-13 15:22:01,前摄像头,是,前摄
2033,未佩戴安全帽,2026-08-13 15:22:06,前摄像头,是,前摄
2034,未佩戴安全帽,2026-08-13 15:22:11,前摄像头,是,前摄
2035,未佩戴安全帽,2026-08-13 15:22:16,前摄像头,是,前摄
2036,未佩戴安全帽,2026-08-13 15:22:21,前摄像头,是,前摄
2037,未佩戴安全帽,2026-08-13 15:22:26,前摄像头,是,前摄
2038,未佩戴安全帽,2026-08-13 15:22:32,前摄像头,是,前摄
2039,未佩戴安全帽,2026-08-13 15:22:37,前摄像头,是,前摄
2040,未佩戴安全帽,2026-08-13 15:22:42,前摄像头,是,前摄
2041,未佩戴安全帽,2026-08-13 15:22:47,前摄像头,是,前摄
2042,未佩戴安全帽,2026-08-13 15:22:52,前摄像头,是,前摄
2043,未佩戴安全帽,2026-08-13 15:22:57,前摄像头,是,前摄
2044,未佩戴安全帽,2026-08-13 15:23:02,前摄像头,是,前摄
2045,未佩戴安全帽,2026-08-13 15:23:07,前摄像头,是,前摄
2046,未佩戴安全帽,2026-08-13 15:23:12,前摄像头,是,前摄
2047,未佩戴安全帽,2026-08-13 15:23:18,前摄像头,是,前摄
2048,未佩戴安全帽,2026-08-13 15:23:24,前摄像头,是,前摄
2049,未佩戴安全帽,2026-08-13 15:23:29,前摄像头,是,前摄
2050,未佩戴安全帽,2026-08-13 15:23:34,前摄像头,是,前摄
2051,未佩戴安全帽,2026-08-13 15:23:41,前摄像头,是,前摄
2052,未佩戴安全帽,2026-08-13 15:23:50,前摄像头,是,前摄
2053,未佩戴安全帽,2026-08-13 15:23:55,前摄像头,是,前摄
2054,未佩戴安全帽,2026-08-13 15:24:00,前摄像头,是,前摄
2055,未佩戴安全帽,2026-08-13 15:24:05,前摄像头,是,前摄
2056,未佩戴安全帽,2026-08-13 15:24:10,前摄像头,是,前摄
2057,未佩戴安全帽,2026-08-13 15:24:21,前摄像头,是,前摄
2058,未佩戴安全帽,2026-08-13 15:24:26,前摄像头,是,前摄
2059,未佩戴安全帽,2026-08-13 15:24:31,前摄像头,是,前摄
2060,未佩戴安全帽,2026-08-13 15:24:36,前摄像头,是,前摄
2061,未佩戴安全帽,2026-08-13 15:24:41,前摄像头,是,前摄
2062,未佩戴安全帽,2026-08-13 15:24:46,前摄像头,是,前摄
2063,未佩戴安全帽,2026-08-13 15:24:53,前摄像头,是,前摄
2064,未佩戴安全帽,2026-08-13 15:24:58,前摄像头,是,前摄
2065,未佩戴安全帽,2026-08-13 15:25:04,前摄像头,是,前摄
2066,未佩戴安全帽,2026-08-13 15:25:09,前摄像头,是,前摄
2067,未佩戴安全帽,2026-08-13 15:25:23,前摄像头,是,前摄
2068,未佩戴安全帽,2026-08-13 15:25:30,前摄像头,是,前摄
2069,未佩戴安全帽,2026-08-13 15:26:12,后摄像头,是,后摄
2070,未佩戴安全帽,2026-08-13 15:26:22,后摄像头,是,后摄
2071,未佩戴安全帽,2026-08-13 15:26:32,后摄像头,是,后摄
2072,未佩戴安全帽,2026-08-13 15:26:42,后摄像头,是,后摄
2073,未佩戴安全帽,2026-08-13 15:26:52,后摄像头,是,后摄
2074,未佩戴安全帽,2026-08-13 15:27:02,后摄像头,是,后摄
2075,未佩戴安全帽,2026-08-13 15:27:13,后摄像头,是,后摄
2076,未佩戴安全帽,2026-08-13 15:27:23,后摄像头,是,后摄
2077,未佩戴安全帽,2026-08-13 15:27:33,后摄像头,是,后摄
2078,未佩戴安全帽,2026-08-13 15:27:43,后摄像头,是,后摄
2079,未佩戴安全帽,2026-08-13 15:27:53,后摄像头,是,后摄
2080,未佩戴安全帽,2026-08-13 15:28:03,后摄像头,是,后摄
2081,未佩戴安全帽,2026-08-13 15:28:13,后摄像头,是,后摄
2082,未佩戴安全帽,2026-08-13 15:28:23,后摄像头,是,后摄
2083,未佩戴安全帽,2026-08-13 15:28:33,后摄像头,是,后摄
2084,未佩戴安全帽,2026-08-13 15:28:43,后摄像头,是,后摄
2085,未佩戴安全帽,2026-08-13 15:28:53,后摄像头,是,后摄
2086,未佩戴安全帽,2026-08-13 15:29:03,后摄像头,是,后摄
2087,未佩戴安全帽,2026-08-13 15:29:13,后摄像头,是,后摄
2088,未佩戴安全帽,2026-08-13 15:29:23,后摄像头,是,后摄
2089,未佩戴安全帽,2026-08-13 15:29:33,后摄像头,是,后摄
2090,未佩戴安全帽,2026-08-13 15:29:43,后摄像头,是,后摄
2091,未佩戴安全帽,2026-08-13 15:29:53,后摄像头,是,后摄
2092,未佩戴安全帽,2026-08-13 15:30:03,后摄像头,是,后摄
2093,未佩戴安全帽,2026-08-13 15:30:13,后摄像头,是,后摄
2094,未佩戴安全帽,2026-08-13 15:30:23,后摄像头,是,后摄
2095,未佩戴安全帽,2026-08-13 15:30:33,后摄像头,是,后摄
2096,未佩戴安全帽,2026-08-13 15:30:43,后摄像头,是,后摄
2097,未佩戴安全帽,2026-08-13 15:30:53,后摄像头,是,后摄
2098,未佩戴安全帽,2026-08-13 15:31:03,后摄像头,是,后摄
2099,未佩戴安全帽,2026-08-13 15:31:13,后摄像头,是,后摄
2100,未佩戴安全帽,2026-08-13 15:31:23,后摄像头,是,后摄
2101,未佩戴安全帽,2026-08-13 15:31:33,后摄像头,是,后摄
2102,"person,oven,helmet",2026-08-13 15:31:36,后摄像头,否,后摄
2103,"person,helmet",2026-08-13 15:31:38,后摄像头,否,后摄
2104,未佩戴安全帽,2026-08-13 15:31:43,后摄像头,是,后摄
2105,未佩戴安全帽,2026-08-13 15:31:53,后摄像头,是,后摄
2106,未佩戴安全帽,2026-08-13 15:32:03,后摄像头,是,后摄
2107,未佩戴安全帽,2026-08-13 15:32:13,后摄像头,是,后摄
2108,未佩戴安全帽,2026-08-13 15:32:23,后摄像头,是,后摄
2109,未佩戴安全帽,2026-08-13 15:32:33,后摄像头,是,后摄
2110,未佩戴安全帽,2026-08-13 15:32:43,后摄像头,是,后摄
2111,未佩戴安全帽,2026-08-13 15:32:53,后摄像头,是,后摄
2112,未佩戴安全帽,2026-08-13 15:33:03,后摄像头,是,后摄
2113,未佩戴安全帽,2026-08-13 15:33:13,后摄像头,是,后摄
2114,未佩戴安全帽,2026-08-13 15:33:23,后摄像头,是,后摄
2115,未佩戴安全帽,2026-08-13 15:33:33,后摄像头,是,后摄
2116,未佩戴安全帽,2026-08-13 15:33:43,后摄像头,是,后摄
2117,未佩戴安全帽,2026-08-13 15:33:53,后摄像头,是,后摄
2118,未佩戴安全帽,2026-08-13 15:34:03,后摄像头,是,后摄
2119,未佩戴安全帽,2026-08-13 15:34:13,后摄像头,是,后摄
2120,未佩戴安全帽,2026-08-13 15:34:23,后摄像头,是,后摄
2069,未佩戴安全帽,2026-08-13 15:41:05,前摄像头,是,前摄
2070,未佩戴安全帽,2026-08-13 15:41:10,前摄像头,是,前摄
2071,chair,2026-08-13 15:41:19,前摄像头,否,前摄
2072,chair,2026-08-13 15:41:21,前摄像头,否,前摄
2073,chair,2026-08-13 15:41:23,前摄像头,否,前摄
2074,chair,2026-08-13 15:41:25,前摄像头,否,前摄
2075,chair,2026-08-13 15:41:27,前摄像头,否,前摄
2076,chair,2026-08-13 15:41:29,前摄像头,否,前摄
2077,chair,2026-08-13 15:41:31,前摄像头,否,前摄
2078,chair,2026-08-13 15:41:33,前摄像头,否,前摄
2079,chair,2026-08-13 15:41:35,前摄像头,否,前摄
2080,未佩戴安全帽,2026-08-13 15:41:35,前摄像头,是,前摄
2081,chair,2026-08-13 15:41:37,前摄像头,否,前摄
2082,未佩戴安全帽,2026-08-13 15:41:40,前摄像头,是,前摄
2083,未佩戴安全帽,2026-08-13 15:41:45,前摄像头,是,前摄
2084,未佩戴安全帽,2026-08-13 15:41:50,前摄像头,是,前摄
2085,未佩戴安全帽,2026-08-13 15:41:55,前摄像头,是,前摄
2086,未佩戴安全帽,2026-08-13 15:42:00,前摄像头,是,前摄
2087,chair,2026-08-13 15:42:02,前摄像头,否,前摄
2088,chair,2026-08-13 15:42:04,前摄像头,否,前摄
2089,未佩戴安全帽,2026-08-13 15:42:05,前摄像头,是,前摄
2090,chair,2026-08-13 15:42:08,前摄像头,否,前摄
2091,chair,2026-08-13 15:42:10,前摄像头,否,前摄
2092,未佩戴安全帽,2026-08-13 15:42:10,前摄像头,是,前摄
2093,未佩戴安全帽,2026-08-13 15:42:15,前摄像头,是,前摄
2094,未佩戴安全帽,2026-08-13 15:42:20,前摄像头,是,前摄
2095,chair,2026-08-13 15:42:21,前摄像头,否,前摄
2096,chair,2026-08-13 15:42:23,前摄像头,否,前摄
2097,chair,2026-08-13 15:42:25,前摄像头,否,前摄
2098,chair,2026-08-13 15:42:27,前摄像头,否,前摄
2099,chair,2026-08-13 15:42:29,前摄像头,否,前摄
2100,chair,2026-08-13 15:42:31,前摄像头,否,前摄
2101,chair,2026-08-13 15:42:33,前摄像头,否,前摄
2102,chair,2026-08-13 15:42:35,前摄像头,否,前摄
2103,未佩戴安全帽,2026-08-13 15:42:35,前摄像头,是,前摄
2104,chair,2026-08-13 15:42:37,前摄像头,否,前摄
2105,chair,2026-08-13 15:42:39,前摄像头,否,前摄
2106,chair,2026-08-13 15:42:41,前摄像头,否,前摄
2107,未佩戴安全帽,2026-08-13 15:42:41,前摄像头,是,前摄
2108,chair,2026-08-13 15:42:43,前摄像头,否,前摄
2109,chair,2026-08-13 15:42:45,前摄像头,否,前摄
2110,chair,2026-08-13 15:42:47,前摄像头,否,前摄
2111,未佩戴安全帽,2026-08-13 15:42:48,前摄像头,是,前摄
2112,chair,2026-08-13 15:42:49,前摄像头,否,前摄
2113,chair,2026-08-13 15:42:51,前摄像头,否,前摄
2114,未佩戴安全帽,2026-08-13 15:42:53,前摄像头,是,前摄
2115,chair,2026-08-13 15:42:54,前摄像头,否,前摄
2116,chair,2026-08-13 15:42:56,前摄像头,否,前摄
2117,chair,2026-08-13 15:42:58,前摄像头,否,前摄
2118,未佩戴安全帽,2026-08-13 15:42:58,前摄像头,是,前摄
2119,未佩戴安全帽,2026-08-13 15:43:03,前摄像头,是,前摄
2120,chair,2026-08-13 15:43:05,前摄像头,否,前摄
2121,chair,2026-08-13 15:43:07,前摄像头,否,前摄
2122,未佩戴安全帽,2026-08-13 15:43:09,前摄像头,是,前摄
2123,chair,2026-08-13 15:43:09,前摄像头,否,前摄
2124,chair,2026-08-13 15:43:12,前摄像头,否,前摄
2125,chair,2026-08-13 15:43:14,前摄像头,否,前摄
2126,未佩戴安全帽,2026-08-13 15:43:14,前摄像头,是,前摄
2127,chair,2026-08-13 15:43:16,前摄像头,否,前摄
2128,cup,2026-08-13 15:43:49,前摄像头,否,前摄
2129,未佩戴安全帽,2026-08-13 15:45:53,前摄像头,是,前摄
2130,cup,2026-08-13 15:46:28,前摄像头,否,前摄
2131,cup,2026-08-13 15:47:10,前摄像头,否,前摄
2132,未佩戴安全帽,2026-08-13 15:47:18,前摄像头,是,前摄
2133,未佩戴安全帽,2026-08-13 15:47:23,前摄像头,是,前摄
2134,cup,2026-08-13 15:47:47,前摄像头,否,前摄
2135,未佩戴安全帽,2026-08-13 15:51:30,前摄像头,是,前摄
2136,未佩戴安全帽,2026-08-13 15:51:34,前摄像头,是,前摄
2137,未佩戴安全帽,2026-08-13 15:51:39,前摄像头,是,前摄
2138,未佩戴安全帽,2026-08-13 15:51:44,前摄像头,是,前摄
2139,未佩戴安全帽,2026-08-13 15:51:49,前摄像头,是,前摄
2140,未佩戴安全帽,2026-08-13 15:51:54,前摄像头,是,前摄
2141,未佩戴安全帽,2026-08-13 15:51:59,前摄像头,是,前摄
2142,未佩戴安全帽,2026-08-13 15:52:04,前摄像头,是,前摄
2143,未佩戴安全帽,2026-08-13 15:52:09,前摄像头,是,前摄
2144,未佩戴安全帽,2026-08-13 15:52:14,前摄像头,是,前摄
2145,未佩戴安全帽,2026-08-13 15:52:19,前摄像头,是,前摄
2146,未佩戴安全帽,2026-08-13 15:52:24,前摄像头,是,前摄
2147,未佩戴安全帽,2026-08-13 15:52:29,前摄像头,是,前摄
2148,未佩戴安全帽,2026-08-13 15:52:34,前摄像头,是,前摄
2149,未佩戴安全帽,2026-08-13 15:52:39,前摄像头,是,前摄
2150,未佩戴安全帽,2026-08-13 15:52:44,前摄像头,是,前摄
2151,未佩戴安全帽,2026-08-13 15:52:49,前摄像头,是,前摄
2152,未佩戴安全帽,2026-08-13 15:52:54,前摄像头,是,前摄
2153,未佩戴安全帽,2026-08-13 15:53:00,前摄像头,是,前摄
2154,未佩戴安全帽,2026-08-13 15:53:06,前摄像头,是,前摄
2155,未佩戴安全帽,2026-08-13 15:53:11,前摄像头,是,前摄
2156,未佩戴安全帽,2026-08-13 15:53:16,前摄像头,是,前摄
2157,未佩戴安全帽,2026-08-13 15:53:21,前摄像头,是,前摄
2158,未佩戴安全帽,2026-08-13 15:53:26,前摄像头,是,前摄
2159,未佩戴安全帽,2026-08-13 15:53:31,前摄像头,是,前摄
2160,未佩戴安全帽,2026-08-13 15:53:37,前摄像头,是,前摄
2161,未佩戴安全帽,2026-08-13 15:53:42,前摄像头,是,前摄
2162,未佩戴安全帽,2026-08-13 15:53:47,前摄像头,是,前摄
2163,未佩戴安全帽,2026-08-13 15:53:52,前摄像头,是,前摄
2164,未佩戴安全帽,2026-08-13 15:53:57,前摄像头,是,前摄
2165,未佩戴安全帽,2026-08-13 15:54:02,前摄像头,是,前摄
2166,未佩戴安全帽,2026-08-13 15:54:07,前摄像头,是,前摄
2167,未佩戴安全帽,2026-08-13 15:54:12,前摄像头,是,前摄
2168,未佩戴安全帽,2026-08-13 15:54:17,前摄像头,是,前摄
2169,未佩戴安全帽,2026-08-13 15:54:22,前摄像头,是,前摄
2170,未佩戴安全帽,2026-08-13 15:54:27,前摄像头,是,前摄
2171,未佩戴安全帽,2026-08-13 15:54:32,前摄像头,是,前摄
2172,未佩戴安全帽,2026-08-13 15:54:37,前摄像头,是,前摄
2173,未佩戴安全帽,2026-08-13 15:54:42,前摄像头,是,前摄
2174,未佩戴安全帽,2026-08-13 15:54:47,前摄像头,是,前摄
2175,未佩戴安全帽,2026-08-13 15:54:52,前摄像头,是,前摄
2176,未佩戴安全帽,2026-08-13 15:55:46,前摄像头,是,前摄
2177,未佩戴安全帽,2026-08-13 15:55:51,前摄像头,是,前摄
2178,cup,2026-08-13 16:11:30,前摄像头,否,前摄
2179,未佩戴安全帽,2026-08-13 16:12:11,前摄像头,是,前摄
2180,未佩戴安全帽,2026-08-13 16:13:04,前摄像头,是,前摄
2181,未佩戴安全帽,2026-08-13 16:13:10,前摄像头,是,前摄
2182,未佩戴安全帽,2026-08-13 16:13:15,前摄像头,是,前摄
2183,未佩戴安全帽,2026-08-13 16:13:27,前摄像头,是,前摄
2184,未佩戴安全帽,2026-08-13 16:13:34,前摄像头,是,前摄
2185,未佩戴安全帽,2026-08-13 16:13:39,前摄像头,是,前摄
2186,未佩戴安全帽,2026-08-13 16:13:44,前摄像头,是,前摄
2187,未佩戴安全帽,2026-08-13 16:13:52,前摄像头,是,前摄
2188,未佩戴安全帽,2026-08-13 16:14:02,前摄像头,是,前摄
2189,未佩戴安全帽,2026-08-13 16:14:15,前摄像头,是,前摄
2190,未佩戴安全帽,2026-08-13 16:14:20,前摄像头,是,前摄
2191,未佩戴安全帽,2026-08-13 16:14:42,前摄像头,是,前摄
2192,未佩戴安全帽,2026-08-13 16:14:51,前摄像头,是,前摄
2193,未佩戴安全帽,2026-08-13 16:14:58,前摄像头,是,前摄
2194,未佩戴安全帽,2026-08-13 16:15:04,前摄像头,是,前摄
2195,未佩戴安全帽,2026-08-13 16:15:11,前摄像头,是,前摄
2196,未佩戴安全帽,2026-08-13 16:15:21,前摄像头,是,前摄
2197,未佩戴安全帽,2026-08-13 16:17:10,前摄像头,是,前摄
2198,未佩戴安全帽,2026-08-13 16:17:19,前摄像头,是,前摄
2199,未佩戴安全帽,2026-08-13 16:17:25,前摄像头,是,前摄
2200,未佩戴安全帽,2026-08-13 16:17:32,前摄像头,是,前摄
2201,未佩戴安全帽,2026-08-13 16:17:38,前摄像头,是,前摄
2202,未佩戴安全帽,2026-08-13 16:17:44,前摄像头,是,前摄
2203,未佩戴安全帽,2026-08-13 16:17:50,前摄像头,是,前摄
2204,未佩戴安全帽,2026-08-13 16:18:01,前摄像头,是,前摄
2205,未佩戴安全帽,2026-08-13 16:18:06,前摄像头,是,前摄
2206,未佩戴安全帽,2026-08-13 16:18:19,前摄像头,是,前摄
2207,未佩戴安全帽,2026-08-13 16:18:24,前摄像头,是,前摄
2208,未佩戴安全帽,2026-08-13 16:18:33,前摄像头,是,前摄
2209,未佩戴安全帽,2026-08-13 16:18:42,前摄像头,是,前摄
2210,未佩戴安全帽,2026-08-13 16:18:50,前摄像头,是,前摄
2211,未佩戴安全帽,2026-08-13 16:18:55,前摄像头,是,前摄
2212,未佩戴安全帽,2026-08-13 16:19:03,前摄像头,是,前摄
2213,未佩戴安全帽,2026-08-13 16:19:11,前摄像头,是,前摄
2214,未佩戴安全帽,2026-08-13 16:19:18,前摄像头,是,前摄
2215,未佩戴安全帽,2026-08-13 16:19:24,前摄像头,是,前摄
2216,未佩戴安全帽,2026-08-13 16:19:34,前摄像头,是,前摄
2217,未佩戴安全帽,2026-08-13 16:19:47,前摄像头,是,前摄
2218,未佩戴安全帽,2026-08-13 16:19:55,前摄像头,是,前摄
2219,未佩戴安全帽,2026-08-13 16:20:11,前摄像头,是,前摄
2220,未佩戴安全帽,2026-08-13 16:20:19,前摄像头,是,前摄
2221,未佩戴安全帽,2026-08-13 16:20:25,前摄像头,是,前摄
2222,未佩戴安全帽,2026-08-13 16:20:46,前摄像头,是,前摄
2223,未佩戴安全帽,2026-08-13 16:20:53,前摄像头,是,前摄
2224,未佩戴安全帽,2026-08-13 16:20:58,前摄像头,是,前摄
2225,未佩戴安全帽,2026-08-13 16:21:12,前摄像头,是,前摄
2226,未佩戴安全帽,2026-08-13 16:21:25,前摄像头,是,前摄
2227,未佩戴安全帽,2026-08-13 16:21:32,前摄像头,是,前摄
2228,未佩戴安全帽,2026-08-13 16:21:45,前摄像头,是,前摄
2229,未佩戴安全帽,2026-08-13 16:22:10,前摄像头,是,前摄
2230,未佩戴安全帽,2026-08-13 16:22:25,前摄像头,是,前摄
2231,未佩戴安全帽,2026-08-13 16:22:44,前摄像头,是,前摄
2232,未佩戴安全帽,2026-08-13 16:23:05,前摄像头,是,前摄
2233,未佩戴安全帽,2026-08-13 16:23:21,前摄像头,是,前摄
2234,未佩戴安全帽,2026-08-13 16:23:26,前摄像头,是,前摄
2235,未佩戴安全帽,2026-08-13 16:23:35,前摄像头,是,前摄
2236,未佩戴安全帽,2026-08-13 16:23:40,前摄像头,是,前摄
2237,未佩戴安全帽,2026-08-13 16:23:45,前摄像头,是,前摄
2238,未佩戴安全帽,2026-08-13 16:23:50,前摄像头,是,前摄
2239,未佩戴安全帽,2026-08-13 16:23:55,前摄像头,是,前摄
2240,未佩戴安全帽,2026-08-13 16:24:00,前摄像头,是,前摄
2241,未佩戴安全帽,2026-08-13 16:24:05,前摄像头,是,前摄
2242,未佩戴安全帽,2026-08-13 16:24:10,前摄像头,是,前摄
2243,未佩戴安全帽,2026-08-13 16:24:17,前摄像头,是,前摄
2244,未佩戴安全帽,2026-08-13 16:24:22,前摄像头,是,前摄
2245,未佩戴安全帽,2026-08-13 16:24:30,前摄像头,是,前摄
2246,未佩戴安全帽,2026-08-13 16:24:35,前摄像头,是,前摄
2247,未佩戴安全帽,2026-08-13 16:24:40,前摄像头,是,前摄
2248,未佩戴安全帽,2026-08-13 16:24:45,前摄像头,是,前摄
2249,未佩戴安全帽,2026-08-13 16:24:52,前摄像头,是,前摄
2250,未佩戴安全帽,2026-08-13 16:24:57,前摄像头,是,前摄
2251,未佩戴安全帽,2026-08-13 16:25:02,前摄像头,是,前摄
2252,未佩戴安全帽,2026-08-13 16:25:07,前摄像头,是,前摄
2253,未佩戴安全帽,2026-08-13 16:25:12,前摄像头,是,前摄
2254,未佩戴安全帽,2026-08-13 16:25:18,前摄像头,是,前摄
2255,未佩戴安全帽,2026-08-13 16:25:23,前摄像头,是,前摄
2256,未佩戴安全帽,2026-08-13 16:25:28,前摄像头,是,前摄
2257,chair,2026-08-13 16:25:32,前摄像头,否,前摄
2258,未佩戴安全帽,2026-08-13 16:25:33,前摄像头,是,前摄
2259,chair,2026-08-13 16:25:34,前摄像头,否,前摄
2260,chair,2026-08-13 16:25:36,前摄像头,否,前摄
2261,未佩戴安全帽,2026-08-13 16:25:38,前摄像头,是,前摄
2262,chair,2026-08-13 16:25:38,前摄像头,否,前摄
2263,chair,2026-08-13 16:25:40,前摄像头,否,前摄
2264,chair,2026-08-13 16:25:42,前摄像头,否,前摄
2265,未佩戴安全帽,2026-08-13 16:25:43,前摄像头,是,前摄
2266,chair,2026-08-13 16:25:44,前摄像头,否,前摄
2267,chair,2026-08-13 16:25:46,前摄像头,否,前摄
2268,未佩戴安全帽,2026-08-13 16:25:48,前摄像头,是,前摄
2269,chair,2026-08-13 16:25:48,前摄像头,否,前摄
2270,chair,2026-08-13 16:25:51,前摄像头,否,前摄
2271,未佩戴安全帽,2026-08-13 16:25:53,前摄像头,是,前摄
2272,chair,2026-08-13 16:25:53,前摄像头,否,前摄
2273,chair,2026-08-13 16:25:55,前摄像头,否,前摄
2274,chair,2026-08-13 16:25:57,前摄像头,否,前摄
2275,未佩戴安全帽,2026-08-13 16:25:58,前摄像头,是,前摄
2276,chair,2026-08-13 16:25:59,前摄像头,否,前摄
2277,chair,2026-08-13 16:26:01,前摄像头,否,前摄
2278,chair,2026-08-13 16:26:03,前摄像头,否,前摄
2279,chair,2026-08-13 16:26:05,前摄像头,否,前摄
2280,未佩戴安全帽,2026-08-13 16:26:05,前摄像头,是,前摄
2281,chair,2026-08-13 16:26:07,前摄像头,否,前摄
2282,chair,2026-08-13 16:26:09,前摄像头,否,前摄
2283,chair,2026-08-13 16:26:11,前摄像头,否,前摄
2284,未佩戴安全帽,2026-08-13 16:26:12,前摄像头,是,前摄
2285,chair,2026-08-13 16:26:13,前摄像头,否,前摄
2286,chair,2026-08-13 16:26:15,前摄像头,否,前摄
2287,未佩戴安全帽,2026-08-13 16:26:17,前摄像头,是,前摄
2288,chair,2026-08-13 16:26:17,前摄像头,否,前摄
2289,chair,2026-08-13 16:26:20,前摄像头,否,前摄
2290,chair,2026-08-13 16:26:22,前摄像头,否,前摄
2291,未佩戴安全帽,2026-08-13 16:26:23,前摄像头,是,前摄
2292,chair,2026-08-13 16:26:24,前摄像头,否,前摄
2293,"chair,shoe",2026-08-13 16:26:26,前摄像头,否,前摄
2294,chair,2026-08-13 16:26:28,前摄像头,否,前摄
2295,未佩戴安全帽,2026-08-13 16:26:28,前摄像头,是,前摄
2296,"chair,shoe",2026-08-13 16:26:30,前摄像头,否,前摄
2297,chair,2026-08-13 16:26:32,前摄像头,否,前摄
2298,未佩戴安全帽,2026-08-13 16:26:33,前摄像头,是,前摄
2299,chair,2026-08-13 16:26:34,前摄像头,否,前摄
2300,chair,2026-08-13 16:26:36,前摄像头,否,前摄
2301,chair,2026-08-13 16:26:38,前摄像头,否,前摄
2302,未佩戴安全帽,2026-08-13 16:26:38,前摄像头,是,前摄
2303,"chair,shoe",2026-08-13 16:26:40,前摄像头,否,前摄
2304,chair,2026-08-13 16:26:42,前摄像头,否,前摄
2305,未佩戴安全帽,2026-08-13 16:26:43,前摄像头,是,前摄
2306,chair,2026-08-13 16:26:44,前摄像头,否,前摄
2307,chair,2026-08-13 16:26:46,前摄像头,否,前摄
2308,未佩戴安全帽,2026-08-13 16:26:48,前摄像头,是,前摄
2309,"chair,shoe",2026-08-13 16:26:49,前摄像头,否,前摄
2310,未佩戴安全帽,2026-08-13 16:26:53,前摄像头,是,前摄
2311,shoe,2026-08-13 16:26:55,前摄像头,否,前摄
2312,chair,2026-08-13 16:26:57,前摄像头,否,前摄
2313,未佩戴安全帽,2026-08-13 16:26:58,前摄像头,是,前摄
2314,chair,2026-08-13 16:26:59,前摄像头,否,前摄
2315,chair,2026-08-13 16:27:01,前摄像头,否,前摄
2316,chair,2026-08-13 16:27:03,前摄像头,否,前摄
2317,"chair,shoe",2026-08-13 16:27:05,前摄像头,否,前摄
2318,未佩戴安全帽,2026-08-13 16:27:07,前摄像头,是,前摄
2319,chair,2026-08-13 16:27:07,前摄像头,否,前摄
2320,chair,2026-08-13 16:27:09,前摄像头,否,前摄
2321,chair,2026-08-13 16:27:12,前摄像头,否,前摄
2322,未佩戴安全帽,2026-08-13 16:27:12,前摄像头,是,前摄
2323,chair,2026-08-13 16:27:14,前摄像头,否,前摄
2324,chair,2026-08-13 16:27:16,前摄像头,否,前摄
2325,未佩戴安全帽,2026-08-13 16:27:17,前摄像头,是,前摄
2326,chair,2026-08-13 16:27:19,前摄像头,否,前摄
2327,chair,2026-08-13 16:27:21,前摄像头,否,前摄
2328,未佩戴安全帽,2026-08-13 16:27:22,前摄像头,是,前摄
2329,chair,2026-08-13 16:27:23,前摄像头,否,前摄
2330,"chair,shoe",2026-08-13 16:27:25,前摄像头,否,前摄
2331,未佩戴安全帽,2026-08-13 16:27:27,前摄像头,是,前摄
2332,"chair,shoe",2026-08-13 16:27:28,前摄像头,否,前摄
2333,chair,2026-08-13 16:27:30,前摄像头,否,前摄
2334,chair,2026-08-13 16:27:32,前摄像头,否,前摄
2335,未佩戴安全帽,2026-08-13 16:27:32,前摄像头,是,前摄
2336,chair,2026-08-13 16:27:34,前摄像头,否,前摄
2337,chair,2026-08-13 16:27:36,前摄像头,否,前摄
2338,chair,2026-08-13 16:27:38,前摄像头,否,前摄
2339,未佩戴安全帽,2026-08-13 16:27:38,前摄像头,是,前摄
2340,未佩戴安全帽,2026-08-13 16:27:43,前摄像头,是,前摄
2341,chair,2026-08-13 16:27:45,前摄像头,否,前摄
2342,"chair,shoe",2026-08-13 16:27:47,前摄像头,否,前摄
2343,未佩戴安全帽,2026-08-13 16:27:48,前摄像头,是,前摄
2344,chair,2026-08-13 16:27:49,前摄像头,否,前摄
2345,"chair,shoe",2026-08-13 16:27:52,前摄像头,否,前摄
2346,未佩戴安全帽,2026-08-13 16:27:53,前摄像头,是,前摄
2347,chair,2026-08-13 16:27:54,前摄像头,否,前摄
2348,"chair,shoe",2026-08-13 16:27:56,前摄像头,否,前摄
2349,chair,2026-08-13 16:27:58,前摄像头,否,前摄
2350,未佩戴安全帽,2026-08-13 16:27:59,前摄像头,是,前摄
2351,"chair,shoe",2026-08-13 16:28:00,前摄像头,否,前摄
2352,"chair,shoe",2026-08-13 16:28:02,前摄像头,否,前摄
2353,未佩戴安全帽,2026-08-13 16:28:04,前摄像头,是,前摄
2354,chair,2026-08-13 16:28:04,前摄像头,否,前摄
2355,"chair,shoe",2026-08-13 16:28:06,前摄像头,否,前摄
2356,chair,2026-08-13 16:28:08,前摄像头,否,前摄
2357,未佩戴安全帽,2026-08-13 16:28:09,前摄像头,是,前摄
2358,"chair,shoe",2026-08-13 16:28:10,前摄像头,否,前摄
2359,chair,2026-08-13 16:28:12,前摄像头,否,前摄
2360,未佩戴安全帽,2026-08-13 16:28:14,前摄像头,是,前摄
2361,chair,2026-08-13 16:28:14,前摄像头,否,前摄
2362,"chair,shoe",2026-08-13 16:28:16,前摄像头,否,前摄
2363,chair,2026-08-13 16:28:18,前摄像头,否,前摄
2364,未佩戴安全帽,2026-08-13 16:28:19,前摄像头,是,前摄
2365,chair,2026-08-13 16:28:20,前摄像头,否,前摄
2366,chair,2026-08-13 16:28:22,前摄像头,否,前摄
2367,"chair,shoe",2026-08-13 16:28:24,前摄像头,否,前摄
2368,未佩戴安全帽,2026-08-13 16:28:25,前摄像头,是,前摄
2369,chair,2026-08-13 16:28:27,前摄像头,否,前摄
2370,chair,2026-08-13 16:28:29,前摄像头,否,前摄
2371,未佩戴安全帽,2026-08-13 16:28:30,前摄像头,是,前摄
2372,chair,2026-08-13 16:28:31,前摄像头,否,前摄
2373,chair,2026-08-13 16:28:33,前摄像头,否,前摄
2374,未佩戴安全帽,2026-08-13 16:28:35,前摄像头,是,前摄
2375,chair,2026-08-13 16:28:35,前摄像头,否,前摄
2376,chair,2026-08-13 16:28:37,前摄像头,否,前摄
2377,chair,2026-08-13 16:28:39,前摄像头,否,前摄
2378,未佩戴安全帽,2026-08-13 16:28:41,前摄像头,是,前摄
2379,chair,2026-08-13 16:28:41,前摄像头,否,前摄
2380,chair,2026-08-13 16:28:43,前摄像头,否,前摄
2381,chair,2026-08-13 16:28:45,前摄像头,否,前摄
2382,未佩戴安全帽,2026-08-13 16:28:46,前摄像头,是,前摄
2383,chair,2026-08-13 16:28:47,前摄像头,否,前摄
2384,chair,2026-08-13 16:28:50,前摄像头,否,前摄
2385,未佩戴安全帽,2026-08-13 16:28:51,前摄像头,是,前摄
2386,chair,2026-08-13 16:28:52,前摄像头,否,前摄
2387,chair,2026-08-13 16:28:54,前摄像头,否,前摄
2388,未佩戴安全帽,2026-08-13 16:28:56,前摄像头,是,前摄
2389,chair,2026-08-13 16:28:56,前摄像头,否,前摄
2390,chair,2026-08-13 16:28:59,前摄像头,否,前摄
2391,"chair,shoe",2026-08-13 16:29:01,前摄像头,否,前摄
2392,未佩戴安全帽,2026-08-13 16:29:02,前摄像头,是,前摄
2393,chair,2026-08-13 16:29:03,前摄像头,否,前摄
2394,chair,2026-08-13 16:29:05,前摄像头,否,前摄
2395,未佩戴安全帽,2026-08-13 16:29:07,前摄像头,是,前摄
2396,shoe,2026-08-13 16:29:08,前摄像头,否,前摄
2397,chair,2026-08-13 16:29:11,前摄像头,否,前摄
2398,未佩戴安全帽,2026-08-13 16:29:12,前摄像头,是,前摄
2399,chair,2026-08-13 16:29:13,前摄像头,否,前摄
2400,shoe,2026-08-13 16:29:15,前摄像头,否,前摄
2401,未佩戴安全帽,2026-08-13 16:29:17,前摄像头,是,前摄
2402,未佩戴安全帽,2026-08-13 16:29:22,前摄像头,是,前摄
2403,shoe,2026-08-13 16:29:26,前摄像头,否,前摄
2404,未佩戴安全帽,2026-08-13 16:29:27,前摄像头,是,前摄
2405,shoe,2026-08-13 16:29:29,前摄像头,否,前摄
2406,shoe,2026-08-13 16:29:31,前摄像头,否,前摄
2407,未佩戴安全帽,2026-08-13 16:29:32,前摄像头,是,前摄
2408,shoe,2026-08-13 16:29:33,前摄像头,否,前摄
2409,shoe,2026-08-13 16:29:35,前摄像头,否,前摄
2410,未佩戴安全帽,2026-08-13 16:29:37,前摄像头,是,前摄
2411,shoe,2026-08-13 16:29:38,前摄像头,否,前摄
2412,未佩戴安全帽,2026-08-13 16:29:42,前摄像头,是,前摄
2413,shoe,2026-08-13 16:29:43,前摄像头,否,前摄
2414,shoe,2026-08-13 16:29:47,前摄像头,否,前摄
2415,未佩戴安全帽,2026-08-13 16:29:48,前摄像头,是,前摄
2416,未佩戴安全帽,2026-08-13 16:29:53,前摄像头,是,前摄
2417,shoe,2026-08-13 16:29:55,前摄像头,否,前摄
2418,shoe,2026-08-13 16:29:58,前摄像头,否,前摄
2419,未佩戴安全帽,2026-08-13 16:29:58,前摄像头,是,前摄
2420,shoe,2026-08-13 16:30:03,前摄像头,否,前摄
2421,未佩戴安全帽,2026-08-13 16:30:03,前摄像头,是,前摄
2422,chair,2026-08-13 16:30:05,前摄像头,否,前摄
2423,chair,2026-08-13 16:30:07,前摄像头,否,前摄
2424,未佩戴安全帽,2026-08-13 16:30:08,前摄像头,是,前摄
2425,shoe,2026-08-13 16:30:12,前摄像头,否,前摄
2426,shoe,2026-08-13 16:30:15,前摄像头,否,前摄
2427,未佩戴安全帽,2026-08-13 16:30:15,前摄像头,是,前摄
2428,shoe,2026-08-13 16:30:18,前摄像头,否,前摄
2429,未佩戴安全帽,2026-08-13 16:30:20,前摄像头,是,前摄
2430,shoe,2026-08-13 16:30:22,前摄像头,否,前摄
2431,未佩戴安全帽,2026-08-13 16:30:25,前摄像头,是,前摄
2432,shoe,2026-08-13 16:30:26,前摄像头,否,前摄
2433,shoe,2026-08-13 16:30:30,前摄像头,否,前摄
2434,未佩戴安全帽,2026-08-13 16:30:31,前摄像头,是,前摄
2435,未佩戴安全帽,2026-08-13 16:30:36,前摄像头,是,前摄
2436,shoe,2026-08-13 16:30:37,前摄像头,否,前摄
2437,shoe,2026-08-13 16:30:39,前摄像头,否,前摄
2438,shoe,2026-08-13 16:30:41,前摄像头,否,前摄
2439,未佩戴安全帽,2026-08-13 16:30:41,前摄像头,是,前摄
2440,未佩戴安全帽,2026-08-13 16:30:46,前摄像头,是,前摄
2441,shoe,2026-08-13 16:30:47,前摄像头,否,前摄
2442,shoe,2026-08-13 16:30:50,前摄像头,否,前摄
2443,未佩戴安全帽,2026-08-13 16:30:51,前摄像头,是,前摄
2444,shoe,2026-08-13 16:30:53,前摄像头,否,前摄
2445,shoe,2026-08-13 16:30:55,前摄像头,否,前摄
2446,未佩戴安全帽,2026-08-13 16:30:57,前摄像头,是,前摄
2447,shoe,2026-08-13 16:31:01,前摄像头,否,前摄
2448,未佩戴安全帽,2026-08-13 16:31:02,前摄像头,是,前摄
2449,shoe,2026-08-13 16:31:03,前摄像头,否,前摄
2450,未佩戴安全帽,2026-08-13 16:31:08,前摄像头,是,前摄
2451,shoe,2026-08-13 16:31:08,前摄像头,否,前摄
2452,"chair,shoe",2026-08-13 16:31:10,前摄像头,否,前摄
2453,未佩戴安全帽,2026-08-13 16:31:13,前摄像头,是,前摄
2454,shoe,2026-08-13 16:31:13,前摄像头,否,前摄
2455,shoe,2026-08-13 16:31:15,前摄像头,否,前摄
2456,未佩戴安全帽,2026-08-13 16:31:18,前摄像头,是,前摄
2457,shoe,2026-08-13 16:31:19,前摄像头,否,前摄
2458,"chair,shoe",2026-08-13 16:31:21,前摄像头,否,前摄
2459,未佩戴安全帽,2026-08-13 16:31:23,前摄像头,是,前摄
2460,shoe,2026-08-13 16:31:28,前摄像头,否,前摄
2461,未佩戴安全帽,2026-08-13 16:31:29,前摄像头,是,前摄
2462,shoe,2026-08-13 16:31:30,前摄像头,否,前摄
2463,未佩戴安全帽,2026-08-13 16:31:35,前摄像头,是,前摄
2464,shoe,2026-08-13 16:31:35,前摄像头,否,前摄
2465,未佩戴安全帽,2026-08-13 16:31:40,前摄像头,是,前摄
2466,shoe,2026-08-13 16:31:42,前摄像头,否,前摄
2467,shoe,2026-08-13 16:31:45,前摄像头,否,前摄
2468,未佩戴安全帽,2026-08-13 16:31:45,前摄像头,是,前摄
2469,shoe,2026-08-13 16:31:47,前摄像头,否,前摄
2470,shoe,2026-08-13 16:31:49,前摄像头,否,前摄
2471,未佩戴安全帽,2026-08-13 16:31:50,前摄像头,是,前摄
2472,未佩戴安全帽,2026-08-13 16:31:55,前摄像头,是,前摄
2473,chair,2026-08-13 16:31:56,前摄像头,否,前摄
2474,shoe,2026-08-13 16:31:59,前摄像头,否,前摄
2475,未佩戴安全帽,2026-08-13 16:32:01,前摄像头,是,前摄
2476,chair,2026-08-13 16:32:02,前摄像头,否,前摄
2477,shoe,2026-08-13 16:32:04,前摄像头,否,前摄
2478,未佩戴安全帽,2026-08-13 16:32:06,前摄像头,是,前摄
2479,shoe,2026-08-13 16:32:08,前摄像头,否,前摄
2480,shoe,2026-08-13 16:32:10,前摄像头,否,前摄
2481,未佩戴安全帽,2026-08-13 16:32:11,前摄像头,是,前摄
2482,未佩戴安全帽,2026-08-13 16:32:16,前摄像头,是,前摄
2483,"chair,shoe",2026-08-13 16:32:16,前摄像头,否,前摄
2484,未佩戴安全帽,2026-08-13 16:32:21,前摄像头,是,前摄
2485,chair,2026-08-13 16:32:24,前摄像头,否,前摄
2486,未佩戴安全帽,2026-08-13 16:32:26,前摄像头,是,前摄
2487,chair,2026-08-13 16:32:26,前摄像头,否,前摄
2488,chair,2026-08-13 16:32:28,前摄像头,否,前摄
2489,chair,2026-08-13 16:32:30,前摄像头,否,前摄
2490,未佩戴安全帽,2026-08-13 16:32:31,前摄像头,是,前摄
2491,chair,2026-08-13 16:32:32,前摄像头,否,前摄
2492,chair,2026-08-13 16:32:34,前摄像头,否,前摄
2493,未佩戴安全帽,2026-08-13 16:32:36,前摄像头,是,前摄
2494,chair,2026-08-13 16:32:36,前摄像头,否,前摄
2495,chair,2026-08-13 16:32:38,前摄像头,否,前摄
2496,"chair,shoe",2026-08-13 16:32:40,前摄像头,否,前摄
2497,未佩戴安全帽,2026-08-13 16:32:42,前摄像头,是,前摄
2498,chair,2026-08-13 16:32:42,前摄像头,否,前摄
2499,chair,2026-08-13 16:32:44,前摄像头,否,前摄
2500,chair,2026-08-13 16:32:46,前摄像头,否,前摄
2501,未佩戴安全帽,2026-08-13 16:32:47,前摄像头,是,前摄
2502,chair,2026-08-13 16:32:49,前摄像头,否,前摄
2503,chair,2026-08-13 16:32:51,前摄像头,否,前摄
2504,未佩戴安全帽,2026-08-13 16:32:52,前摄像头,是,前摄
2505,chair,2026-08-13 16:32:53,前摄像头,否,前摄
2506,chair,2026-08-13 16:32:55,前摄像头,否,前摄
2507,chair,2026-08-13 16:32:57,前摄像头,否,前摄
2508,未佩戴安全帽,2026-08-13 16:32:57,前摄像头,是,前摄
2509,chair,2026-08-13 16:32:59,前摄像头,否,前摄
2510,chair,2026-08-13 16:33:01,前摄像头,否,前摄
2511,未佩戴安全帽,2026-08-13 16:33:03,前摄像头,是,前摄
2512,chair,2026-08-13 16:33:03,前摄像头,否,前摄
2513,chair,2026-08-13 16:33:05,前摄像头,否,前摄
2514,chair,2026-08-13 16:33:07,前摄像头,否,前摄
2515,未佩戴安全帽,2026-08-13 16:33:08,前摄像头,是,前摄
2516,chair,2026-08-13 16:33:10,前摄像头,否,前摄
2517,chair,2026-08-13 16:33:12,前摄像头,否,前摄
2518,未佩戴安全帽,2026-08-13 16:33:13,前摄像头,是,前摄
2519,chair,2026-08-13 16:33:14,前摄像头,否,前摄
2520,chair,2026-08-13 16:33:16,前摄像头,否,前摄
2521,未佩戴安全帽,2026-08-13 16:33:18,前摄像头,是,前摄
2522,chair,2026-08-13 16:33:18,前摄像头,否,前摄
2523,chair,2026-08-13 16:33:20,前摄像头,否,前摄
2524,chair,2026-08-13 16:33:22,前摄像头,否,前摄
2525,未佩戴安全帽,2026-08-13 16:33:23,前摄像头,是,前摄
2526,chair,2026-08-13 16:33:24,前摄像头,否,前摄
2527,chair,2026-08-13 16:33:26,前摄像头,否,前摄
2528,未佩戴安全帽,2026-08-13 16:33:28,前摄像头,是,前摄
2529,chair,2026-08-13 16:33:28,前摄像头,否,前摄
2530,chair,2026-08-13 16:33:30,前摄像头,否,前摄
2531,chair,2026-08-13 16:33:32,前摄像头,否,前摄
2532,未佩戴安全帽,2026-08-13 16:33:33,前摄像头,是,前摄
2533,chair,2026-08-13 16:33:34,前摄像头,否,前摄
2534,chair,2026-08-13 16:33:36,前摄像头,否,前摄
2535,未佩戴安全帽,2026-08-13 16:33:38,前摄像头,是,前摄
2536,chair,2026-08-13 16:33:38,前摄像头,否,前摄
2537,chair,2026-08-13 16:33:41,前摄像头,否,前摄
2538,chair,2026-08-13 16:33:43,前摄像头,否,前摄
2539,未佩戴安全帽,2026-08-13 16:33:43,前摄像头,是,前摄
2540,chair,2026-08-13 16:33:45,前摄像头,否,前摄
2541,chair,2026-08-13 16:33:47,前摄像头,否,前摄
2542,未佩戴安全帽,2026-08-13 16:33:48,前摄像头,是,前摄
2543,chair,2026-08-13 16:33:49,前摄像头,否,前摄
2544,chair,2026-08-13 16:33:51,前摄像头,否,前摄
2545,chair,2026-08-13 16:33:53,前摄像头,否,前摄
2546,未佩戴安全帽,2026-08-13 16:33:53,前摄像头,是,前摄
2547,chair,2026-08-13 16:33:55,前摄像头,否,前摄
2548,chair,2026-08-13 16:33:57,前摄像头,否,前摄
2549,未佩戴安全帽,2026-08-13 16:33:58,前摄像头,是,前摄
2550,chair,2026-08-13 16:33:59,前摄像头,否,前摄
2551,chair,2026-08-13 16:34:01,前摄像头,否,前摄
2552,chair,2026-08-13 16:34:03,前摄像头,否,前摄
2553,未佩戴安全帽,2026-08-13 16:34:03,前摄像头,是,前摄
2554,chair,2026-08-13 16:34:05,前摄像头,否,前摄
2555,chair,2026-08-13 16:34:07,前摄像头,否,前摄
2556,未佩戴安全帽,2026-08-13 16:34:08,前摄像头,是,前摄
2557,chair,2026-08-13 16:34:09,前摄像头,否,前摄
2558,chair,2026-08-13 16:34:11,前摄像头,否,前摄
2559,未佩戴安全帽,2026-08-13 16:34:13,前摄像头,是,前摄
2560,chair,2026-08-13 16:34:13,前摄像头,否,前摄
2561,chair,2026-08-13 16:34:16,前摄像头,否,前摄
2562,chair,2026-08-13 16:34:18,前摄像头,否,前摄
2563,未佩戴安全帽,2026-08-13 16:34:19,前摄像头,是,前摄
2564,chair,2026-08-13 16:34:20,前摄像头,否,前摄
2565,chair,2026-08-13 16:34:22,前摄像头,否,前摄
2566,chair,2026-08-13 16:34:24,前摄像头,否,前摄
2567,未佩戴安全帽,2026-08-13 16:34:24,前摄像头,是,前摄
2568,chair,2026-08-13 16:34:26,前摄像头,否,前摄
2569,chair,2026-08-13 16:34:29,前摄像头,否,前摄
2570,未佩戴安全帽,2026-08-13 16:34:29,前摄像头,是,前摄
2571,chair,2026-08-13 16:34:31,前摄像头,否,前摄
2572,chair,2026-08-13 16:34:33,前摄像头,否,前摄
2573,chair,2026-08-13 16:34:35,前摄像头,否,前摄
2574,未佩戴安全帽,2026-08-13 16:34:36,前摄像头,是,前摄
2575,chair,2026-08-13 16:34:37,前摄像头,否,前摄
2576,chair,2026-08-13 16:34:39,前摄像头,否,前摄
2577,chair,2026-08-13 16:34:41,前摄像头,否,前摄
2578,未佩戴安全帽,2026-08-13 16:34:41,前摄像头,是,前摄
2579,chair,2026-08-13 16:34:43,前摄像头,否,前摄
2580,chair,2026-08-13 16:34:45,前摄像头,否,前摄
2581,未佩戴安全帽,2026-08-13 16:34:47,前摄像头,是,前摄
2582,chair,2026-08-13 16:34:47,前摄像头,否,前摄
2583,chair,2026-08-13 16:34:49,前摄像头,否,前摄
2584,chair,2026-08-13 16:34:51,前摄像头,否,前摄
2585,未佩戴安全帽,2026-08-13 16:34:52,前摄像头,是,前摄
2586,chair,2026-08-13 16:34:53,前摄像头,否,前摄
2587,chair,2026-08-13 16:34:55,前摄像头,否,前摄
2588,未佩戴安全帽,2026-08-13 16:34:57,前摄像头,是,前摄
2589,chair,2026-08-13 16:34:57,前摄像头,否,前摄
2590,chair,2026-08-13 16:34:59,前摄像头,否,前摄
2591,chair,2026-08-13 16:35:01,前摄像头,否,前摄
2592,未佩戴安全帽,2026-08-13 16:35:02,前摄像头,是,前摄
2593,chair,2026-08-13 16:35:03,前摄像头,否,前摄
2594,chair,2026-08-13 16:35:05,前摄像头,否,前摄
2595,chair,2026-08-13 16:35:07,前摄像头,否,前摄
2596,未佩戴安全帽,2026-08-13 16:35:07,前摄像头,是,前摄
2597,chair,2026-08-13 16:35:09,前摄像头,否,前摄
2598,"chair,shoe",2026-08-13 16:35:11,前摄像头,否,前摄
2599,未佩戴安全帽,2026-08-13 16:35:12,前摄像头,是,前摄
2600,chair,2026-08-13 16:35:13,前摄像头,否,前摄
2601,chair,2026-08-13 16:35:15,前摄像头,否,前摄
2602,"chair,shoe",2026-08-13 16:35:17,前摄像头,否,前摄
2603,未佩戴安全帽,2026-08-13 16:35:17,前摄像头,是,前摄
2604,chair,2026-08-13 16:35:19,前摄像头,否,前摄
2605,chair,2026-08-13 16:35:21,前摄像头,否,前摄
2606,未佩戴安全帽,2026-08-13 16:35:23,前摄像头,是,前摄
2607,chair,2026-08-13 16:35:24,前摄像头,否,前摄
2608,"chair,shoe",2026-08-13 16:35:26,前摄像头,否,前摄
2609,未佩戴安全帽,2026-08-13 16:35:28,前摄像头,是,前摄
2610,chair,2026-08-13 16:35:28,前摄像头,否,前摄
2611,chair,2026-08-13 16:35:30,前摄像头,否,前摄
2612,chair,2026-08-13 16:35:32,前摄像头,否,前摄
2613,未佩戴安全帽,2026-08-13 16:35:33,前摄像头,是,前摄
2614,chair,2026-08-13 16:35:34,前摄像头,否,前摄
2615,chair,2026-08-13 16:35:36,前摄像头,否,前摄
2616,未佩戴安全帽,2026-08-13 16:35:38,前摄像头,是,前摄
2617,"chair,shoe",2026-08-13 16:35:38,前摄像头,否,前摄
2618,chair,2026-08-13 16:35:40,前摄像头,否,前摄
2619,chair,2026-08-13 16:35:42,前摄像头,否,前摄
2620,未佩戴安全帽,2026-08-13 16:35:43,前摄像头,是,前摄
2621,chair,2026-08-13 16:35:44,前摄像头,否,前摄
2622,chair,2026-08-13 16:35:46,前摄像头,否,前摄
2623,未佩戴安全帽,2026-08-13 16:35:48,前摄像头,是,前摄
2624,chair,2026-08-13 16:35:49,前摄像头,否,前摄
2625,chair,2026-08-13 16:35:51,前摄像头,否,前摄
2626,chair,2026-08-13 16:35:53,前摄像头,否,前摄
2627,未佩戴安全帽,2026-08-13 16:35:53,前摄像头,是,前摄
2628,chair,2026-08-13 16:35:55,前摄像头,否,前摄
2629,chair,2026-08-13 16:35:57,前摄像头,否,前摄
2630,未佩戴安全帽,2026-08-13 16:35:58,前摄像头,是,前摄
2631,chair,2026-08-13 16:35:59,前摄像头,否,前摄
2632,chair,2026-08-13 16:36:01,前摄像头,否,前摄
2633,chair,2026-08-13 16:36:03,前摄像头,否,前摄
2634,未佩戴安全帽,2026-08-13 16:36:04,前摄像头,是,前摄
2635,chair,2026-08-13 16:36:05,前摄像头,否,前摄
2636,chair,2026-08-13 16:36:07,前摄像头,否,前摄
2637,chair,2026-08-13 16:36:09,前摄像头,否,前摄
2638,未佩戴安全帽,2026-08-13 16:36:09,前摄像头,是,前摄
2639,chair,2026-08-13 16:36:12,前摄像头,否,前摄
2640,未佩戴安全帽,2026-08-13 16:36:14,前摄像头,是,前摄
2641,未佩戴安全帽,2026-08-13 16:36:19,前摄像头,是,前摄
2642,chair,2026-08-13 16:36:24,前摄像头,否,前摄
2643,未佩戴安全帽,2026-08-13 16:36:24,前摄像头,是,前摄
2644,"chair,shoe",2026-08-13 16:36:26,前摄像头,否,前摄
2645,未佩戴安全帽,2026-08-13 16:36:29,前摄像头,是,前摄
2646,chair,2026-08-13 16:36:32,前摄像头,否,前摄
2647,未佩戴安全帽,2026-08-13 16:36:34,前摄像头,是,前摄
2648,chair,2026-08-13 16:36:34,前摄像头,否,前摄
2649,chair,2026-08-13 16:36:37,前摄像头,否,前摄
2650,chair,2026-08-13 16:36:39,前摄像头,否,前摄
2651,未佩戴安全帽,2026-08-13 16:36:40,前摄像头,是,前摄
2652,chair,2026-08-13 16:36:41,前摄像头,否,前摄
2653,chair,2026-08-13 16:36:43,前摄像头,否,前摄
2654,未佩戴安全帽,2026-08-13 16:36:45,前摄像头,是,前摄
2655,chair,2026-08-13 16:36:45,前摄像头,否,前摄
2656,"chair,shoe",2026-08-13 16:36:47,前摄像头,否,前摄
2657,chair,2026-08-13 16:36:49,前摄像头,否,前摄
2658,未佩戴安全帽,2026-08-13 16:36:50,前摄像头,是,前摄
2659,chair,2026-08-13 16:36:51,前摄像头,否,前摄
2660,chair,2026-08-13 16:36:53,前摄像头,否,前摄
2661,chair,2026-08-13 16:36:55,前摄像头,否,前摄
2662,未佩戴安全帽,2026-08-13 16:36:56,前摄像头,是,前摄
2663,chair,2026-08-13 16:36:57,前摄像头,否,前摄
2664,chair,2026-08-13 16:36:59,前摄像头,否,前摄
2665,未佩戴安全帽,2026-08-13 16:37:01,前摄像头,是,前摄
2666,chair,2026-08-13 16:37:01,前摄像头,否,前摄
2667,chair,2026-08-13 16:37:03,前摄像头,否,前摄
2668,chair,2026-08-13 16:37:05,前摄像头,否,前摄
2669,未佩戴安全帽,2026-08-13 16:37:06,前摄像头,是,前摄
2670,chair,2026-08-13 16:37:07,前摄像头,否,前摄
2671,chair,2026-08-13 16:37:09,前摄像头,否,前摄
2672,未佩戴安全帽,2026-08-13 16:37:11,前摄像头,是,前摄
2673,chair,2026-08-13 16:37:11,前摄像头,否,前摄
2674,chair,2026-08-13 16:37:13,前摄像头,否,前摄
2675,chair,2026-08-13 16:37:15,前摄像头,否,前摄
2676,未佩戴安全帽,2026-08-13 16:37:16,前摄像头,是,前摄
2677,chair,2026-08-13 16:37:17,前摄像头,否,前摄
2678,chair,2026-08-13 16:37:19,前摄像头,否,前摄
2679,chair,2026-08-13 16:37:21,前摄像头,否,前摄
2680,未佩戴安全帽,2026-08-13 16:37:21,前摄像头,是,前摄
2681,chair,2026-08-13 16:37:24,前摄像头,否,前摄
2682,chair,2026-08-13 16:37:26,前摄像头,否,前摄
2683,未佩戴安全帽,2026-08-13 16:37:26,前摄像头,是,前摄
2684,chair,2026-08-13 16:37:28,前摄像头,否,前摄
2685,chair,2026-08-13 16:37:30,前摄像头,否,前摄
2686,未佩戴安全帽,2026-08-13 16:37:32,前摄像头,是,前摄
2687,chair,2026-08-13 16:37:32,前摄像头,否,前摄
2688,chair,2026-08-13 16:37:34,前摄像头,否,前摄
2689,chair,2026-08-13 16:37:36,前摄像头,否,前摄
2690,未佩戴安全帽,2026-08-13 16:37:38,前摄像头,是,前摄
2691,chair,2026-08-13 16:37:38,前摄像头,否,前摄
2692,chair,2026-08-13 16:37:40,前摄像头,否,前摄
2693,chair,2026-08-13 16:37:42,前摄像头,否,前摄
2694,未佩戴安全帽,2026-08-13 16:37:43,前摄像头,是,前摄
2695,chair,2026-08-13 16:37:44,前摄像头,否,前摄
2696,chair,2026-08-13 16:37:46,前摄像头,否,前摄
2697,未佩戴安全帽,2026-08-13 16:37:48,前摄像头,是,前摄
2698,chair,2026-08-13 16:37:48,前摄像头,否,前摄
2699,chair,2026-08-13 16:37:50,前摄像头,否,前摄
2700,chair,2026-08-13 16:37:53,前摄像头,否,前摄
2701,未佩戴安全帽,2026-08-13 16:37:54,前摄像头,是,前摄
2702,chair,2026-08-13 16:37:55,前摄像头,否,前摄
2703,chair,2026-08-13 16:37:57,前摄像头,否,前摄
2704,未佩戴安全帽,2026-08-13 16:37:59,前摄像头,是,前摄
2705,chair,2026-08-13 16:37:59,前摄像头,否,前摄
2706,chair,2026-08-13 16:38:01,前摄像头,否,前摄
2707,chair,2026-08-13 16:38:03,前摄像头,否,前摄
2708,未佩戴安全帽,2026-08-13 16:38:04,前摄像头,是,前摄
2709,chair,2026-08-13 16:38:05,前摄像头,否,前摄
2710,chair,2026-08-13 16:38:08,前摄像头,否,前摄
2711,未佩戴安全帽,2026-08-13 16:38:09,前摄像头,是,前摄
2712,chair,2026-08-13 16:38:10,前摄像头,否,前摄
2713,"chair,shoe",2026-08-13 16:38:12,前摄像头,否,前摄
2714,chair,2026-08-13 16:38:14,前摄像头,否,前摄
2715,未佩戴安全帽,2026-08-13 16:38:14,前摄像头,是,前摄
2716,chair,2026-08-13 16:38:16,前摄像头,否,前摄
2717,chair,2026-08-13 16:38:18,前摄像头,否,前摄
2718,未佩戴安全帽,2026-08-13 16:38:19,前摄像头,是,前摄
2719,chair,2026-08-13 16:38:20,前摄像头,否,前摄
2720,chair,2026-08-13 16:38:22,前摄像头,否,前摄
2721,chair,2026-08-13 16:38:24,前摄像头,否,前摄
2722,未佩戴安全帽,2026-08-13 16:38:24,前摄像头,是,前摄
2723,chair,2026-08-13 16:38:26,前摄像头,否,前摄
2724,chair,2026-08-13 16:38:28,前摄像头,否,前摄
2725,chair,2026-08-13 16:38:30,前摄像头,否,前摄
2726,未佩戴安全帽,2026-08-13 16:38:30,前摄像头,是,前摄
2727,chair,2026-08-13 16:38:32,前摄像头,否,前摄
2728,chair,2026-08-13 16:38:34,前摄像头,否,前摄
2729,chair,2026-08-13 16:38:36,前摄像头,否,前摄
2730,未佩戴安全帽,2026-08-13 16:38:36,前摄像头,是,前摄
2731,chair,2026-08-13 16:38:38,前摄像头,否,前摄
2732,chair,2026-08-13 16:38:40,前摄像头,否,前摄
2733,未佩戴安全帽,2026-08-13 16:38:41,前摄像头,是,前摄
2734,chair,2026-08-13 16:38:43,前摄像头,否,前摄
2735,chair,2026-08-13 16:38:45,前摄像头,否,前摄
2736,未佩戴安全帽,2026-08-13 16:38:46,前摄像头,是,前摄
2737,chair,2026-08-13 16:38:47,前摄像头,否,前摄
2738,chair,2026-08-13 16:38:49,前摄像头,否,前摄
2739,未佩戴安全帽,2026-08-13 16:38:51,前摄像头,是,前摄
2740,chair,2026-08-13 16:38:51,前摄像头,否,前摄
2741,chair,2026-08-13 16:38:53,前摄像头,否,前摄
2742,chair,2026-08-13 16:38:55,前摄像头,否,前摄
2743,未佩戴安全帽,2026-08-13 16:38:56,前摄像头,是,前摄
2744,chair,2026-08-13 16:38:58,前摄像头,否,前摄
2745,chair,2026-08-13 16:39:00,前摄像头,否,前摄
2746,chair,2026-08-13 16:39:02,前摄像头,否,前摄
2747,未佩戴安全帽,2026-08-13 16:39:02,前摄像头,是,前摄
2748,chair,2026-08-13 16:39:04,前摄像头,否,前摄
2749,chair,2026-08-13 16:39:06,前摄像头,否,前摄
2750,未佩戴安全帽,2026-08-13 16:39:07,前摄像头,是,前摄
2751,chair,2026-08-13 16:39:08,前摄像头,否,前摄
2752,chair,2026-08-13 16:39:10,前摄像头,否,前摄
2753,未佩戴安全帽,2026-08-13 16:39:12,前摄像头,是,前摄
2754,chair,2026-08-13 16:39:12,前摄像头,否,前摄
2755,chair,2026-08-13 16:39:14,前摄像头,否,前摄
2756,chair,2026-08-13 16:39:16,前摄像头,否,前摄
2757,未佩戴安全帽,2026-08-13 16:39:17,前摄像头,是,前摄
2758,chair,2026-08-13 16:39:18,前摄像头,否,前摄
2759,chair,2026-08-13 16:39:20,前摄像头,否,前摄
2760,chair,2026-08-13 16:39:22,前摄像头,否,前摄
2761,未佩戴安全帽,2026-08-13 16:39:22,前摄像头,是,前摄
2762,chair,2026-08-13 16:39:24,前摄像头,否,前摄
2763,chair,2026-08-13 16:39:26,前摄像头,否,前摄
2764,chair,2026-08-13 16:39:28,前摄像头,否,前摄
2765,未佩戴安全帽,2026-08-13 16:39:29,前摄像头,是,前摄
2766,chair,2026-08-13 16:39:31,前摄像头,否,前摄
2767,chair,2026-08-13 16:39:33,前摄像头,否,前摄
2768,"chair,shoe",2026-08-13 16:39:35,前摄像头,否,前摄
2769,未佩戴安全帽,2026-08-13 16:39:35,前摄像头,是,前摄
2770,chair,2026-08-13 16:39:37,前摄像头,否,前摄
2771,chair,2026-08-13 16:39:39,前摄像头,否,前摄
2772,未佩戴安全帽,2026-08-13 16:39:40,前摄像头,是,前摄
2773,chair,2026-08-13 16:39:41,前摄像头,否,前摄
2774,chair,2026-08-13 16:39:43,前摄像头,否,前摄
2775,chair,2026-08-13 16:39:45,前摄像头,否,前摄
2776,未佩戴安全帽,2026-08-13 16:39:45,前摄像头,是,前摄
2777,chair,2026-08-13 16:39:47,前摄像头,否,前摄
2778,chair,2026-08-13 16:39:49,前摄像头,否,前摄
2779,未佩戴安全帽,2026-08-13 16:39:50,前摄像头,是,前摄
2780,chair,2026-08-13 16:39:51,前摄像头,否,前摄
2781,chair,2026-08-13 16:39:53,前摄像头,否,前摄
2782,chair,2026-08-13 16:39:55,前摄像头,否,前摄
2783,未佩戴安全帽,2026-08-13 16:39:55,前摄像头,是,前摄
2784,chair,2026-08-13 16:39:57,前摄像头,否,前摄
2785,chair,2026-08-13 16:39:59,前摄像头,否,前摄
2786,"chair,shoe",2026-08-13 16:40:01,前摄像头,否,前摄
2787,未佩戴安全帽,2026-08-13 16:40:02,前摄像头,是,前摄
2788,chair,2026-08-13 16:40:04,前摄像头,否,前摄
2789,chair,2026-08-13 16:40:06,前摄像头,否,前摄
2790,未佩戴安全帽,2026-08-13 16:40:07,前摄像头,是,前摄
2791,chair,2026-08-13 16:40:08,前摄像头,否,前摄
2792,chair,2026-08-13 16:40:10,前摄像头,否,前摄
2793,未佩戴安全帽,2026-08-13 16:40:12,前摄像头,是,前摄
2794,chair,2026-08-13 16:40:12,前摄像头,否,前摄
2795,chair,2026-08-13 16:40:14,前摄像头,否,前摄
2796,chair,2026-08-13 16:40:16,前摄像头,否,前摄
2797,未佩戴安全帽,2026-08-13 16:40:17,前摄像头,是,前摄
2798,"chair,shoe",2026-08-13 16:40:18,前摄像头,否,前摄
2799,chair,2026-08-13 16:40:20,前摄像头,否,前摄
2800,未佩戴安全帽,2026-08-13 16:40:22,前摄像头,是,前摄
2801,chair,2026-08-13 16:40:22,前摄像头,否,前摄
2802,chair,2026-08-13 16:40:25,前摄像头,否,前摄
2803,chair,2026-08-13 16:40:27,前摄像头,否,前摄
2804,未佩戴安全帽,2026-08-13 16:40:27,前摄像头,是,前摄
2805,chair,2026-08-13 16:40:29,前摄像头,否,前摄
2806,chair,2026-08-13 16:40:31,前摄像头,否,前摄
2807,未佩戴安全帽,2026-08-13 16:40:32,前摄像头,是,前摄
2808,chair,2026-08-13 16:40:33,前摄像头,否,前摄
2809,chair,2026-08-13 16:40:36,前摄像头,否,前摄
2810,未佩戴安全帽,2026-08-13 16:40:38,前摄像头,是,前摄
2811,"chair,shoe",2026-08-13 16:40:38,前摄像头,否,前摄
2812,"chair,shoe",2026-08-13 16:40:42,前摄像头,否,前摄
2813,未佩戴安全帽,2026-08-13 16:40:43,前摄像头,是,前摄
2814,chair,2026-08-13 16:40:44,前摄像头,否,前摄
2815,未佩戴安全帽,2026-08-13 16:40:48,前摄像头,是,前摄
2816,chair,2026-08-13 16:40:52,前摄像头,否,前摄
2817,chair,2026-08-13 16:40:54,前摄像头,否,前摄
2818,未佩戴安全帽,2026-08-13 16:40:56,前摄像头,是,前摄
2819,chair,2026-08-13 16:40:56,前摄像头,否,前摄
2820,chair,2026-08-13 16:40:58,前摄像头,否,前摄
2821,chair,2026-08-13 16:41:00,前摄像头,否,前摄
2822,未佩戴安全帽,2026-08-13 16:41:01,前摄像头,是,前摄
2823,chair,2026-08-13 16:41:02,前摄像头,否,前摄
2824,"chair,shoe",2026-08-13 16:41:04,前摄像头,否,前摄
2825,未佩戴安全帽,2026-08-13 16:41:06,前摄像头,是,前摄
2826,chair,2026-08-13 16:41:06,前摄像头,否,前摄
2827,"chair,shoe",2026-08-13 16:41:08,前摄像头,否,前摄
2828,chair,2026-08-13 16:41:11,前摄像头,否,前摄
2829,未佩戴安全帽,2026-08-13 16:41:11,前摄像头,是,前摄
2830,chair,2026-08-13 16:41:13,前摄像头,否,前摄
2831,chair,2026-08-13 16:41:15,前摄像头,否,前摄
2832,未佩戴安全帽,2026-08-13 16:41:16,前摄像头,是,前摄
2833,chair,2026-08-13 16:41:17,前摄像头,否,前摄
2834,chair,2026-08-13 16:41:19,前摄像头,否,前摄
2835,chair,2026-08-13 16:41:21,前摄像头,否,前摄
2836,未佩戴安全帽,2026-08-13 16:41:22,前摄像头,是,前摄
2837,"chair,shoe",2026-08-13 16:41:23,前摄像头,否,前摄
2838,chair,2026-08-13 16:41:25,前摄像头,否,前摄
2839,未佩戴安全帽,2026-08-13 16:41:27,前摄像头,是,前摄
2840,chair,2026-08-13 16:41:30,前摄像头,否,前摄
2841,chair,2026-08-13 16:41:32,前摄像头,否,前摄
2842,未佩戴安全帽,2026-08-13 16:41:33,前摄像头,是,前摄
2843,chair,2026-08-13 16:41:35,前摄像头,否,前摄
2844,chair,2026-08-13 16:41:37,前摄像头,否,前摄
2845,chair,2026-08-13 16:41:39,前摄像头,否,前摄
2846,chair,2026-08-13 16:41:41,前摄像头,否,前摄
2847,未佩戴安全帽,2026-08-13 16:41:42,前摄像头,是,前摄
2848,chair,2026-08-13 16:41:43,前摄像头,否,前摄
2849,chair,2026-08-13 16:41:45,前摄像头,否,前摄
2850,chair,2026-08-13 16:41:47,前摄像头,否,前摄
2851,未佩戴安全帽,2026-08-13 16:41:48,前摄像头,是,前摄
2852,"chair,shoe",2026-08-13 16:41:51,前摄像头,否,前摄
2853,chair,2026-08-13 16:41:53,前摄像头,否,前摄
2854,未佩戴安全帽,2026-08-13 16:41:54,前摄像头,是,前摄
2855,未佩戴安全帽,2026-08-13 16:41:59,前摄像头,是,前摄
2856,未佩戴安全帽,2026-08-13 16:42:04,前摄像头,是,前摄
2857,未佩戴安全帽,2026-08-13 16:42:09,前摄像头,是,前摄
2858,未佩戴安全帽,2026-08-13 16:42:14,前摄像头,是,前摄
2859,未佩戴安全帽,2026-08-13 16:42:19,前摄像头,是,前摄
2860,未佩戴安全帽,2026-08-13 16:42:24,前摄像头,是,前摄
2861,未佩戴安全帽,2026-08-13 16:42:29,前摄像头,是,前摄
2862,未佩戴安全帽,2026-08-13 16:42:34,前摄像头,是,前摄
2863,未佩戴安全帽,2026-08-13 16:42:39,前摄像头,是,前摄
2864,未佩戴安全帽,2026-08-13 16:42:44,前摄像头,是,前摄
2865,未佩戴安全帽,2026-08-13 16:42:49,前摄像头,是,前摄
2866,未佩戴安全帽,2026-08-13 16:42:54,前摄像头,是,前摄
2867,chair,2026-08-13 16:42:57,前摄像头,否,前摄
2868,未佩戴安全帽,2026-08-13 16:44:27,前摄像头,是,前摄
2869,未佩戴安全帽,2026-08-13 16:44:33,前摄像头,是,前摄
2870,chair,2026-08-13 16:44:34,前摄像头,否,前摄
2871,chair,2026-08-13 16:44:36,前摄像头,否,前摄
2872,"chair,shoe",2026-08-13 16:44:38,前摄像头,否,前摄
2873,未佩戴安全帽,2026-08-13 16:44:39,前摄像头,是,前摄
2874,chair,2026-08-13 16:44:40,前摄像头,否,前摄
2875,chair,2026-08-13 16:44:42,前摄像头,否,前摄
2876,chair,2026-08-13 16:44:44,前摄像头,否,前摄
2877,未佩戴安全帽,2026-08-13 16:44:44,前摄像头,是,前摄
2878,chair,2026-08-13 16:44:46,前摄像头,否,前摄
2879,chair,2026-08-13 16:44:48,前摄像头,否,前摄
2880,未佩戴安全帽,2026-08-13 16:44:49,前摄像头,是,前摄
2881,chair,2026-08-13 16:44:50,前摄像头,否,前摄
2882,chair,2026-08-13 16:44:52,前摄像头,否,前摄
2883,未佩戴安全帽,2026-08-13 16:44:54,前摄像头,是,前摄
2884,chair,2026-08-13 16:44:54,前摄像头,否,前摄
2885,chair,2026-08-13 16:44:56,前摄像头,否,前摄
2886,chair,2026-08-13 16:44:58,前摄像头,否,前摄
2887,未佩戴安全帽,2026-08-13 16:44:59,前摄像头,是,前摄
2888,chair,2026-08-13 16:45:00,前摄像头,否,前摄
2889,chair,2026-08-13 16:45:02,前摄像头,否,前摄
2890,chair,2026-08-13 16:45:04,前摄像头,否,前摄
2891,未佩戴安全帽,2026-08-13 16:45:05,前摄像头,是,前摄
2892,chair,2026-08-13 16:45:06,前摄像头,否,前摄
2893,chair,2026-08-13 16:45:08,前摄像头,否,前摄
2894,chair,2026-08-13 16:45:10,前摄像头,否,前摄
2895,chair,2026-08-13 16:45:12,前摄像头,否,前摄
2896,未佩戴安全帽,2026-08-13 16:45:13,前摄像头,是,前摄
2897,chair,2026-08-13 16:45:14,前摄像头,否,前摄
2898,chair,2026-08-13 16:45:18,前摄像头,否,前摄
2899,未佩戴安全帽,2026-08-13 16:45:18,前摄像头,是,前摄
2900,chair,2026-08-13 16:45:20,前摄像头,否,前摄
2901,chair,2026-08-13 16:45:22,前摄像头,否,前摄
2902,未佩戴安全帽,2026-08-13 16:45:24,前摄像头,是,前摄
2903,chair,2026-08-13 16:45:24,前摄像头,否,前摄
2904,chair,2026-08-13 16:45:26,前摄像头,否,前摄
2905,chair,2026-08-13 16:45:28,前摄像头,否,前摄
2906,未佩戴安全帽,2026-08-13 16:45:29,前摄像头,是,前摄
2907,chair,2026-08-13 16:45:30,前摄像头,否,前摄
2908,chair,2026-08-13 16:45:32,前摄像头,否,前摄
2909,未佩戴安全帽,2026-08-13 16:45:34,前摄像头,是,前摄
2910,chair,2026-08-13 16:45:34,前摄像头,否,前摄
2911,"chair,shoe",2026-08-13 16:45:36,前摄像头,否,前摄
2912,chair,2026-08-13 16:45:38,前摄像头,否,前摄
2913,未佩戴安全帽,2026-08-13 16:45:39,前摄像头,是,前摄
2914,chair,2026-08-13 16:45:41,前摄像头,否,前摄
2915,chair,2026-08-13 16:45:43,前摄像头,否,前摄
2916,未佩戴安全帽,2026-08-13 16:45:44,前摄像头,是,前摄
2917,"chair,shoe",2026-08-13 16:45:45,前摄像头,否,前摄
2918,chair,2026-08-13 16:45:47,前摄像头,否,前摄
2919,chair,2026-08-13 16:45:49,前摄像头,否,前摄
2920,未佩戴安全帽,2026-08-13 16:45:49,前摄像头,是,前摄
2921,chair,2026-08-13 16:45:51,前摄像头,否,前摄
2922,chair,2026-08-13 16:45:53,前摄像头,否,前摄
2923,未佩戴安全帽,2026-08-13 16:45:54,前摄像头,是,前摄
2924,chair,2026-08-13 16:45:55,前摄像头,否,前摄
2925,chair,2026-08-13 16:45:57,前摄像头,否,前摄
2926,chair,2026-08-13 16:45:59,前摄像头,否,前摄
2927,未佩戴安全帽,2026-08-13 16:45:59,前摄像头,是,前摄
2928,"chair,shoe",2026-08-13 16:46:01,前摄像头,否,前摄
2929,"chair,shoe",2026-08-13 16:46:03,前摄像头,否,前摄
2930,未佩戴安全帽,2026-08-13 16:46:04,前摄像头,是,前摄
2931,chair,2026-08-13 16:46:05,前摄像头,否,前摄
2932,"chair,shoe",2026-08-13 16:46:07,前摄像头,否,前摄
2933,chair,2026-08-13 16:46:09,前摄像头,否,前摄
2934,未佩戴安全帽,2026-08-13 16:46:10,前摄像头,是,前摄
2935,"chair,shoe",2026-08-13 16:46:11,前摄像头,否,前摄
2936,"chair,shoe",2026-08-13 16:46:13,前摄像头,否,前摄
2937,未佩戴安全帽,2026-08-13 16:46:15,前摄像头,是,前摄
2938,chair,2026-08-13 16:46:15,前摄像头,否,前摄
2939,chair,2026-08-13 16:46:17,前摄像头,否,前摄
2940,chair,2026-08-13 16:46:19,前摄像头,否,前摄
2941,未佩戴安全帽,2026-08-13 16:46:20,前摄像头,是,前摄
2942,chair,2026-08-13 16:46:21,前摄像头,否,前摄
2943,chair,2026-08-13 16:46:23,前摄像头,否,前摄
2944,未佩戴安全帽,2026-08-13 16:46:25,前摄像头,是,前摄
2945,chair,2026-08-13 16:46:25,前摄像头,否,前摄
2946,chair,2026-08-13 16:46:27,前摄像头,否,前摄
2947,未佩戴安全帽,2026-08-13 16:46:30,前摄像头,是,前摄
2948,未佩戴安全帽,2026-08-13 16:46:35,前摄像头,是,前摄
2949,未佩戴安全帽,2026-08-13 16:46:40,前摄像头,是,前摄
2950,未佩戴安全帽,2026-08-13 16:46:45,前摄像头,是,前摄
2951,未佩戴安全帽,2026-08-13 16:46:50,前摄像头,是,前摄
2952,chair,2026-08-13 16:46:51,前摄像头,否,前摄
2953,chair,2026-08-13 16:46:55,前摄像头,否,前摄
2954,未佩戴安全帽,2026-08-13 16:46:56,前摄像头,是,前摄
2955,chair,2026-08-13 16:46:56,前摄像头,否,前摄
2956,chair,2026-08-13 16:46:58,前摄像头,否,前摄
2957,chair,2026-08-13 16:47:00,前摄像头,否,前摄
2958,未佩戴安全帽,2026-08-13 16:47:01,前摄像头,是,前摄
2959,chair,2026-08-13 16:47:02,前摄像头,否,前摄
2960,"chair,shoe",2026-08-13 16:47:04,前摄像头,否,前摄
2961,未佩戴安全帽,2026-08-13 16:47:06,前摄像头,是,前摄
2962,chair,2026-08-13 16:47:06,前摄像头,否,前摄
2963,chair,2026-08-13 16:47:08,前摄像头,否,前摄
2964,chair,2026-08-13 16:47:10,前摄像头,否,前摄
2965,未佩戴安全帽,2026-08-13 16:47:11,前摄像头,是,前摄
2966,chair,2026-08-13 16:47:12,前摄像头,否,前摄
2967,chair,2026-08-13 16:47:14,前摄像头,否,前摄
2968,chair,2026-08-13 16:47:16,前摄像头,否,前摄
2969,未佩戴安全帽,2026-08-13 16:47:17,前摄像头,是,前摄
2970,chair,2026-08-13 16:47:18,前摄像头,否,前摄
2971,chair,2026-08-13 16:47:20,前摄像头,否,前摄
2972,未佩戴安全帽,2026-08-13 16:47:22,前摄像头,是,前摄
2973,"chair,shoe",2026-08-13 16:47:22,前摄像头,否,前摄
2974,chair,2026-08-13 16:47:24,前摄像头,否,前摄
2975,"chair,shoe",2026-08-13 16:47:26,前摄像头,否,前摄
2976,"chair,shoe",2026-08-13 16:47:28,前摄像头,否,前摄
2977,"chair,shoe",2026-08-13 16:47:30,前摄像头,否,前摄
2978,"chair,shoe",2026-08-13 16:47:32,前摄像头,否,前摄
2979,未佩戴安全帽,2026-08-13 16:47:33,前摄像头,是,前摄
2980,chair,2026-08-13 16:47:34,前摄像头,否,前摄
2981,chair,2026-08-13 16:47:37,前摄像头,否,前摄
2982,未佩戴安全帽,2026-08-13 16:47:38,前摄像头,是,前摄
2983,chair,2026-08-13 16:47:39,前摄像头,否,前摄
2984,chair,2026-08-13 16:47:41,前摄像头,否,前摄
2985,chair,2026-08-13 16:47:43,前摄像头,否,前摄
2986,未佩戴安全帽,2026-08-13 16:47:43,前摄像头,是,前摄
2987,chair,2026-08-13 16:47:45,前摄像头,否,前摄
2988,chair,2026-08-13 16:47:47,前摄像头,否,前摄
2989,未佩戴安全帽,2026-08-13 16:47:49,前摄像头,是,前摄
2990,chair,2026-08-13 16:47:49,前摄像头,否,前摄
2991,chair,2026-08-13 16:47:51,前摄像头,否,前摄
2992,"chair,shoe",2026-08-13 16:47:53,前摄像头,否,前摄
2993,未佩戴安全帽,2026-08-13 16:47:54,前摄像头,是,前摄
2994,chair,2026-08-13 16:47:55,前摄像头,否,前摄
2995,chair,2026-08-13 16:47:57,前摄像头,否,前摄
2996,未佩戴安全帽,2026-08-13 16:47:59,前摄像头,是,前摄
2997,chair,2026-08-13 16:47:59,前摄像头,否,前摄
2998,"chair,shoe",2026-08-13 16:48:01,前摄像头,否,前摄
2999,chair,2026-08-13 16:48:03,前摄像头,否,前摄
3000,未佩戴安全帽,2026-08-13 16:48:04,前摄像头,是,前摄
3001,chair,2026-08-13 16:48:05,前摄像头,否,前摄
3002,chair,2026-08-13 16:48:07,前摄像头,否,前摄
3003,chair,2026-08-13 16:48:09,前摄像头,否,前摄
3004,未佩戴安全帽,2026-08-13 16:48:10,前摄像头,是,前摄
3005,chair,2026-08-13 16:48:11,前摄像头,否,前摄
3006,"chair,shoe",2026-08-13 16:48:13,前摄像头,否,前摄
3007,chair,2026-08-13 16:48:15,前摄像头,否,前摄
3008,未佩戴安全帽,2026-08-13 16:48:16,前摄像头,是,前摄
3009,chair,2026-08-13 16:48:17,前摄像头,否,前摄
3010,chair,2026-08-13 16:48:19,前摄像头,否,前摄
3011,未佩戴安全帽,2026-08-13 16:48:21,前摄像头,是,前摄
3012,chair,2026-08-13 16:48:21,前摄像头,否,前摄
3013,chair,2026-08-13 16:48:23,前摄像头,否,前摄
3014,chair,2026-08-13 16:48:26,前摄像头,否,前摄
3015,未佩戴安全帽,2026-08-13 16:48:26,前摄像头,是,前摄
3016,chair,2026-08-13 16:48:28,前摄像头,否,前摄
3017,chair,2026-08-13 16:48:30,前摄像头,否,前摄
3018,chair,2026-08-13 16:48:32,前摄像头,否,前摄
3019,未佩戴安全帽,2026-08-13 16:48:32,前摄像头,是,前摄
3020,chair,2026-08-13 16:48:34,前摄像头,否,前摄
3021,chair,2026-08-13 16:48:36,前摄像头,否,前摄
3022,未佩戴安全帽,2026-08-13 16:48:37,前摄像头,是,前摄
3023,chair,2026-08-13 16:48:38,前摄像头,否,前摄
3024,chair,2026-08-13 16:48:40,前摄像头,否,前摄
3025,未佩戴安全帽,2026-08-13 16:48:42,前摄像头,是,前摄
3026,chair,2026-08-13 16:48:42,前摄像头,否,前摄
3027,chair,2026-08-13 16:48:44,前摄像头,否,前摄
3028,chair,2026-08-13 16:48:46,前摄像头,否,前摄
3029,未佩戴安全帽,2026-08-13 16:48:47,前摄像头,是,前摄
3030,chair,2026-08-13 16:48:48,前摄像头,否,前摄
3031,chair,2026-08-13 16:48:50,前摄像头,否,前摄
3032,未佩戴安全帽,2026-08-13 16:48:52,前摄像头,是,前摄
3033,chair,2026-08-13 16:48:52,前摄像头,否,前摄
3034,chair,2026-08-13 16:48:54,前摄像头,否,前摄
3035,chair,2026-08-13 16:48:56,前摄像头,否,前摄
3036,未佩戴安全帽,2026-08-13 16:48:57,前摄像头,是,前摄
3037,chair,2026-08-13 16:48:58,前摄像头,否,前摄
3038,chair,2026-08-13 16:49:00,前摄像头,否,前摄
3039,chair,2026-08-13 16:49:02,前摄像头,否,前摄
3040,未佩戴安全帽,2026-08-13 16:49:03,前摄像头,是,前摄
3041,chair,2026-08-13 16:49:04,前摄像头,否,前摄
3042,chair,2026-08-13 16:49:06,前摄像头,否,前摄
3043,chair,2026-08-13 16:49:08,前摄像头,否,前摄
3044,未佩戴安全帽,2026-08-13 16:49:09,前摄像头,是,前摄
3045,"chair,shoe",2026-08-13 16:49:10,前摄像头,否,前摄
3046,"chair,shoe",2026-08-13 16:49:12,前摄像头,否,前摄
3047,未佩戴安全帽,2026-08-13 16:49:14,前摄像头,是,前摄
3048,chair,2026-08-13 16:49:14,前摄像头,否,前摄
3049,chair,2026-08-13 16:49:16,前摄像头,否,前摄
3050,chair,2026-08-13 16:49:18,前摄像头,否,前摄
3051,未佩戴安全帽,2026-08-13 16:49:19,前摄像头,是,前摄
3052,chair,2026-08-13 16:49:20,前摄像头,否,前摄
3053,chair,2026-08-13 16:49:22,前摄像头,否,前摄
3054,chair,2026-08-13 16:49:24,前摄像头,否,前摄
3055,未佩戴安全帽,2026-08-13 16:49:24,前摄像头,是,前摄
3056,chair,2026-08-13 16:49:26,前摄像头,否,前摄
3057,"chair,shoe",2026-08-13 16:49:28,前摄像头,否,前摄
3058,未佩戴安全帽,2026-08-13 16:49:30,前摄像头,是,前摄
3059,chair,2026-08-13 16:49:30,前摄像头,否,前摄
3060,chair,2026-08-13 16:49:32,前摄像头,否,前摄
3061,chair,2026-08-13 16:49:34,前摄像头,否,前摄
3062,未佩戴安全帽,2026-08-13 16:49:35,前摄像头,是,前摄
3063,chair,2026-08-13 16:49:36,前摄像头,否,前摄
3064,chair,2026-08-13 16:49:38,前摄像头,否,前摄
3065,"chair,shoe",2026-08-13 16:49:40,前摄像头,否,前摄
3066,未佩戴安全帽,2026-08-13 16:49:41,前摄像头,是,前摄
3067,chair,2026-08-13 16:49:43,前摄像头,否,前摄
3068,chair,2026-08-13 16:49:45,前摄像头,否,前摄
3069,未佩戴安全帽,2026-08-13 16:49:46,前摄像头,是,前摄
3070,chair,2026-08-13 16:49:47,前摄像头,否,前摄
3071,chair,2026-08-13 16:49:49,前摄像头,否,前摄
3072,未佩戴安全帽,2026-08-13 16:49:51,前摄像头,是,前摄
3073,chair,2026-08-13 16:49:51,前摄像头,否,前摄
3074,chair,2026-08-13 16:49:53,前摄像头,否,前摄
3075,chair,2026-08-13 16:49:55,前摄像头,否,前摄
3076,未佩戴安全帽,2026-08-13 16:49:57,前摄像头,是,前摄
3077,"chair,shoe",2026-08-13 16:49:57,前摄像头,否,前摄
3078,chair,2026-08-13 16:49:59,前摄像头,否,前摄
3079,chair,2026-08-13 16:50:01,前摄像头,否,前摄
3080,chair,2026-08-13 16:50:03,前摄像头,否,前摄
3081,未佩戴安全帽,2026-08-13 16:50:03,前摄像头,是,前摄
3082,chair,2026-08-13 16:50:05,前摄像头,否,前摄
3083,chair,2026-08-13 16:50:07,前摄像头,否,前摄
3084,未佩戴安全帽,2026-08-13 16:50:09,前摄像头,是,前摄
3085,chair,2026-08-13 16:50:09,前摄像头,否,前摄
3086,chair,2026-08-13 16:50:11,前摄像头,否,前摄
3087,chair,2026-08-13 16:50:13,前摄像头,否,前摄
3088,未佩戴安全帽,2026-08-13 16:50:14,前摄像头,是,前摄
3089,chair,2026-08-13 16:50:15,前摄像头,否,前摄
3090,chair,2026-08-13 16:50:17,前摄像头,否,前摄
3091,chair,2026-08-13 16:50:19,前摄像头,否,前摄
3092,未佩戴安全帽,2026-08-13 16:50:20,前摄像头,是,前摄
3093,chair,2026-08-13 16:50:21,前摄像头,否,前摄
3094,chair,2026-08-13 16:50:23,前摄像头,否,前摄
3095,chair,2026-08-13 16:50:25,前摄像头,否,前摄
3096,未佩戴安全帽,2026-08-13 16:50:25,前摄像头,是,前摄
3097,chair,2026-08-13 16:50:27,前摄像头,否,前摄
3098,chair,2026-08-13 16:50:29,前摄像头,否,前摄
3099,chair,2026-08-13 16:50:31,前摄像头,否,前摄
3100,未佩戴安全帽,2026-08-13 16:50:32,前摄像头,是,前摄
3101,chair,2026-08-13 16:50:33,前摄像头,否,前摄
3102,chair,2026-08-13 16:50:35,前摄像头,否,前摄
3103,未佩戴安全帽,2026-08-13 16:50:37,前摄像头,是,前摄
3104,"chair,shoe",2026-08-13 16:50:37,前摄像头,否,前摄
3105,chair,2026-08-13 16:50:39,前摄像头,否,前摄
3106,chair,2026-08-13 16:50:41,前摄像头,否,前摄
3107,chair,2026-08-13 16:50:43,前摄像头,否,前摄
3108,chair,2026-08-13 16:50:45,前摄像头,否,前摄
3109,chair,2026-08-13 16:50:47,前摄像头,否,前摄
3110,chair,2026-08-13 16:50:49,前摄像头,否,前摄
3111,chair,2026-08-13 16:50:51,前摄像头,否,前摄
3112,chair,2026-08-13 16:50:53,前摄像头,否,前摄
3113,未佩戴安全帽,2026-08-13 16:50:54,前摄像头,是,前摄
3114,chair,2026-08-13 16:50:55,前摄像头,否,前摄
3115,chair,2026-08-13 16:50:57,前摄像头,否,前摄
3116,未佩戴安全帽,2026-08-13 16:50:59,前摄像头,是,前摄
3117,chair,2026-08-13 16:51:00,前摄像头,否,前摄
3118,chair,2026-08-13 16:51:02,前摄像头,否,前摄
3119,chair,2026-08-13 16:51:04,前摄像头,否,前摄
3120,未佩戴安全帽,2026-08-13 16:51:04,前摄像头,是,前摄
3121,chair,2026-08-13 16:51:06,前摄像头,否,前摄
3122,chair,2026-08-13 16:51:08,前摄像头,否,前摄
3123,未佩戴安全帽,2026-08-13 16:51:09,前摄像头,是,前摄
3124,chair,2026-08-13 16:51:10,前摄像头,否,前摄
3125,chair,2026-08-13 16:51:12,前摄像头,否,前摄
3126,chair,2026-08-13 16:51:14,前摄像头,否,前摄
3127,未佩戴安全帽,2026-08-13 16:51:14,前摄像头,是,前摄
3128,chair,2026-08-13 16:51:16,前摄像头,否,前摄
3129,"chair,shoe",2026-08-13 16:51:18,前摄像头,否,前摄
3130,"chair,shoe",2026-08-13 16:51:20,前摄像头,否,前摄
3131,chair,2026-08-13 16:51:22,前摄像头,否,前摄
3132,未佩戴安全帽,2026-08-13 16:51:22,前摄像头,是,前摄
3133,chair,2026-08-13 16:51:24,前摄像头,否,前摄
3134,chair,2026-08-13 16:51:26,前摄像头,否,前摄
3135,"chair,shoe",2026-08-13 16:51:28,前摄像头,否,前摄
3136,"chair,shoe",2026-08-13 16:51:30,前摄像头,否,前摄
3137,未佩戴安全帽,2026-08-13 16:51:30,前摄像头,是,前摄
3138,chair,2026-08-13 16:51:32,前摄像头,否,前摄
3139,chair,2026-08-13 16:51:34,前摄像头,否,前摄
3140,chair,2026-08-13 16:51:36,前摄像头,否,前摄
3141,未佩戴安全帽,2026-08-13 16:51:37,前摄像头,是,前摄
3142,chair,2026-08-13 16:51:38,前摄像头,否,前摄
3143,chair,2026-08-13 16:51:40,前摄像头,否,前摄
3144,chair,2026-08-13 16:51:42,前摄像头,否,前摄
3145,未佩戴安全帽,2026-08-13 16:51:43,前摄像头,是,前摄
3146,chair,2026-08-13 16:51:44,前摄像头,否,前摄
3147,chair,2026-08-13 16:51:46,前摄像头,否,前摄
3148,未佩戴安全帽,2026-08-13 16:51:48,前摄像头,是,前摄
3149,chair,2026-08-13 16:51:48,前摄像头,否,前摄
3150,chair,2026-08-13 16:51:50,前摄像头,否,前摄
3151,chair,2026-08-13 16:51:52,前摄像头,否,前摄
3152,未佩戴安全帽,2026-08-13 16:51:53,前摄像头,是,前摄
3153,chair,2026-08-13 16:51:54,前摄像头,否,前摄
3154,chair,2026-08-13 16:51:56,前摄像头,否,前摄
3155,未佩戴安全帽,2026-08-13 16:51:58,前摄像头,是,前摄
3156,chair,2026-08-13 16:51:58,前摄像头,否,前摄
3157,chair,2026-08-13 16:52:00,前摄像头,否,前摄
3158,chair,2026-08-13 16:52:02,前摄像头,否,前摄
3159,未佩戴安全帽,2026-08-13 16:52:03,前摄像头,是,前摄
3160,chair,2026-08-13 16:52:04,前摄像头,否,前摄
3161,chair,2026-08-13 16:52:06,前摄像头,否,前摄
3162,chair,2026-08-13 16:52:08,前摄像头,否,前摄
3163,未佩戴安全帽,2026-08-13 16:52:09,前摄像头,是,前摄
3164,chair,2026-08-13 16:52:10,前摄像头,否,前摄
3165,chair,2026-08-13 16:52:12,前摄像头,否,前摄
3166,chair,2026-08-13 16:52:14,前摄像头,否,前摄
3167,未佩戴安全帽,2026-08-13 16:52:15,前摄像头,是,前摄
3168,chair,2026-08-13 16:52:16,前摄像头,否,前摄
3169,chair,2026-08-13 16:52:18,前摄像头,否,前摄
3170,chair,2026-08-13 16:52:20,前摄像头,否,前摄
3171,未佩戴安全帽,2026-08-13 16:52:20,前摄像头,是,前摄
3172,chair,2026-08-13 16:52:22,前摄像头,否,前摄
3173,chair,2026-08-13 16:52:24,前摄像头,否,前摄
3174,chair,2026-08-13 16:52:26,前摄像头,否,前摄
3175,未佩戴安全帽,2026-08-13 16:52:26,前摄像头,是,前摄
3176,chair,2026-08-13 16:52:28,前摄像头,否,前摄
3177,"chair,shoe",2026-08-13 16:52:30,前摄像头,否,前摄
3178,未佩戴安全帽,2026-08-13 16:52:32,前摄像头,是,前摄
3179,chair,2026-08-13 16:52:32,前摄像头,否,前摄
3180,chair,2026-08-13 16:52:34,前摄像头,否,前摄
3181,chair,2026-08-13 16:52:36,前摄像头,否,前摄
3182,未佩戴安全帽,2026-08-13 16:52:37,前摄像头,是,前摄
3183,"chair,shoe",2026-08-13 16:52:38,前摄像头,否,前摄
3184,chair,2026-08-13 16:52:40,前摄像头,否,前摄
3185,未佩戴安全帽,2026-08-13 16:52:42,前摄像头,是,前摄
3186,chair,2026-08-13 16:52:42,前摄像头,否,前摄
3187,chair,2026-08-13 16:52:44,前摄像头,否,前摄
3188,"chair,shoe",2026-08-13 16:52:46,前摄像头,否,前摄
3189,未佩戴安全帽,2026-08-13 16:52:48,前摄像头,是,前摄
3190,chair,2026-08-13 16:52:48,前摄像头,否,前摄
3191,"chair,shoe",2026-08-13 16:52:51,前摄像头,否,前摄
3192,chair,2026-08-13 16:52:53,前摄像头,否,前摄
3193,未佩戴安全帽,2026-08-13 16:52:53,前摄像头,是,前摄
3194,chair,2026-08-13 16:52:55,前摄像头,否,前摄
3195,chair,2026-08-13 16:52:57,前摄像头,否,前摄
3196,"chair,shoe",2026-08-13 16:52:59,前摄像头,否,前摄
3197,未佩戴安全帽,2026-08-13 16:52:59,前摄像头,是,前摄
3198,chair,2026-08-13 16:53:01,前摄像头,否,前摄
3199,chair,2026-08-13 16:53:03,前摄像头,否,前摄
3200,chair,2026-08-13 16:53:05,前摄像头,否,前摄
3201,未佩戴安全帽,2026-08-13 16:53:05,前摄像头,是,前摄
3202,chair,2026-08-13 16:53:07,前摄像头,否,前摄
3203,chair,2026-08-13 16:53:09,前摄像头,否,前摄
3204,未佩戴安全帽,2026-08-13 16:53:10,前摄像头,是,前摄
3205,chair,2026-08-13 16:53:11,前摄像头,否,前摄
3206,chair,2026-08-13 16:53:13,前摄像头,否,前摄
3207,chair,2026-08-13 16:53:15,前摄像头,否,前摄
3208,chair,2026-08-13 16:53:17,前摄像头,否,前摄
3209,未佩戴安全帽,2026-08-13 16:53:17,前摄像头,是,前摄
3210,chair,2026-08-13 16:53:19,前摄像头,否,前摄
3211,"chair,shoe",2026-08-13 16:53:21,前摄像头,否,前摄
3212,chair,2026-08-13 16:53:23,前摄像头,否,前摄
3213,chair,2026-08-13 16:53:25,前摄像头,否,前摄
3214,未佩戴安全帽,2026-08-13 16:53:25,前摄像头,是,前摄
3215,chair,2026-08-13 16:53:27,前摄像头,否,前摄
3216,chair,2026-08-13 16:53:29,前摄像头,否,前摄
3217,未佩戴安全帽,2026-08-13 16:53:30,前摄像头,是,前摄
3218,chair,2026-08-13 16:53:31,前摄像头,否,前摄
3219,chair,2026-08-13 16:53:33,前摄像头,否,前摄
3220,chair,2026-08-13 16:53:35,前摄像头,否,前摄
3221,未佩戴安全帽,2026-08-13 16:53:35,前摄像头,是,前摄
3222,chair,2026-08-13 16:53:37,前摄像头,否,前摄
3223,chair,2026-08-13 16:53:39,前摄像头,否,前摄
3224,未佩戴安全帽,2026-08-13 16:53:40,前摄像头,是,前摄
3225,chair,2026-08-13 16:53:41,前摄像头,否,前摄
3226,chair,2026-08-13 16:53:43,前摄像头,否,前摄
3227,chair,2026-08-13 16:53:45,前摄像头,否,前摄
3228,未佩戴安全帽,2026-08-13 16:53:46,前摄像头,是,前摄
3229,"chair,shoe",2026-08-13 16:53:47,前摄像头,否,前摄
3230,"chair,shoe",2026-08-13 16:53:49,前摄像头,否,前摄
3231,chair,2026-08-13 16:53:51,前摄像头,否,前摄
3232,未佩戴安全帽,2026-08-13 16:53:51,前摄像头,是,前摄
3233,chair,2026-08-13 16:53:53,前摄像头,否,前摄
3234,chair,2026-08-13 16:53:55,前摄像头,否,前摄
3235,未佩戴安全帽,2026-08-13 16:53:56,前摄像头,是,前摄
3236,chair,2026-08-13 16:53:57,前摄像头,否,前摄
3237,chair,2026-08-13 16:53:59,前摄像头,否,前摄
3238,chair,2026-08-13 16:54:01,前摄像头,否,前摄
3239,未佩戴安全帽,2026-08-13 16:54:02,前摄像头,是,前摄
3240,chair,2026-08-13 16:54:04,前摄像头,否,前摄
3241,chair,2026-08-13 16:54:06,前摄像头,否,前摄
3242,未佩戴安全帽,2026-08-13 16:54:07,前摄像头,是,前摄
3243,chair,2026-08-13 16:54:08,前摄像头,否,前摄
3244,chair,2026-08-13 16:54:10,前摄像头,否,前摄
3245,chair,2026-08-13 16:54:12,前摄像头,否,前摄
3246,chair,2026-08-13 16:54:14,前摄像头,否,前摄
3247,chair,2026-08-13 16:54:16,前摄像头,否,前摄
3248,未佩戴安全帽,2026-08-13 16:54:16,前摄像头,是,前摄
3249,chair,2026-08-13 16:54:18,前摄像头,否,前摄
3250,chair,2026-08-13 16:54:20,前摄像头,否,前摄
3251,chair,2026-08-13 16:54:22,前摄像头,否,前摄
3252,未佩戴安全帽,2026-08-13 16:54:23,前摄像头,是,前摄
3253,"chair,shoe",2026-08-13 16:54:24,前摄像头,否,前摄
3254,chair,2026-08-13 16:54:26,前摄像头,否,前摄
3255,chair,2026-08-13 16:54:28,前摄像头,否,前摄
3256,未佩戴安全帽,2026-08-13 16:54:28,前摄像头,是,前摄
3257,chair,2026-08-13 16:54:30,前摄像头,否,前摄
3258,chair,2026-08-13 16:54:32,前摄像头,否,前摄
3259,未佩戴安全帽,2026-08-13 16:54:34,前摄像头,是,前摄
3260,未佩戴安全帽,2026-08-13 16:54:40,前摄像头,是,前摄
3261,未佩戴安全帽,2026-08-13 16:54:45,前摄像头,是,前摄
3262,未佩戴安全帽,2026-08-13 16:54:51,前摄像头,是,前摄
3263,未佩戴安全帽,2026-08-13 16:54:56,前摄像头,是,前摄
3264,未佩戴安全帽,2026-08-13 16:55:02,前摄像头,是,前摄
3265,未佩戴安全帽,2026-08-13 16:55:07,前摄像头,是,前摄
3266,未佩戴安全帽,2026-08-13 16:55:12,前摄像头,是,前摄
3267,未佩戴安全帽,2026-08-13 16:55:18,前摄像头,是,前摄
3268,未佩戴安全帽,2026-08-13 16:55:28,前摄像头,是,前摄
3269,未佩戴安全帽,2026-08-13 16:55:33,前摄像头,是,前摄
3270,未佩戴安全帽,2026-08-13 16:55:38,前摄像头,是,前摄
3271,未佩戴安全帽,2026-08-13 16:55:43,前摄像头,是,前摄
3272,未佩戴安全帽,2026-08-13 16:55:49,前摄像头,是,前摄
3273,未佩戴安全帽,2026-08-13 16:55:54,前摄像头,是,前摄
3274,未佩戴安全帽,2026-08-13 16:55:59,前摄像头,是,前摄
3275,未佩戴安全帽,2026-08-13 16:56:04,前摄像头,是,前摄
3276,未佩戴安全帽,2026-08-13 16:56:10,前摄像头,是,前摄
3277,未佩戴安全帽,2026-08-13 16:56:15,前摄像头,是,前摄
3278,未佩戴安全帽,2026-08-13 16:56:20,前摄像头,是,前摄
3279,未佩戴安全帽,2026-08-13 16:56:25,前摄像头,是,前摄
3280,未佩戴安全帽,2026-08-13 16:56:30,前摄像头,是,前摄
3281,未佩戴安全帽,2026-08-13 16:56:35,前摄像头,是,前摄
3282,未佩戴安全帽,2026-08-13 16:56:40,前摄像头,是,前摄
3283,未佩戴安全帽,2026-08-13 16:56:45,前摄像头,是,前摄
3284,未佩戴安全帽,2026-08-13 16:56:52,前摄像头,是,前摄
3285,未佩戴安全帽,2026-08-13 16:56:57,前摄像头,是,前摄
3286,未佩戴安全帽,2026-08-13 16:57:02,前摄像头,是,前摄
3287,未佩戴安全帽,2026-08-13 16:57:07,前摄像头,是,前摄
3288,未佩戴安全帽,2026-08-13 16:57:13,前摄像头,是,前摄
3287,cup,2026-08-13 16:57:17,后摄像头,否,后摄
3289,未佩戴安全帽,2026-08-13 16:57:19,前摄像头,是,前摄
3288,cup,2026-08-13 16:57:20,后摄像头,否,后摄
3289,cup,2026-08-13 16:57:23,后摄像头,否,后摄
3290,未佩戴安全帽,2026-08-13 16:57:24,前摄像头,是,前摄
3290,chair,2026-08-13 16:57:25,后摄像头,否,后摄
3291,chair,2026-08-13 16:57:27,后摄像头,否,后摄
3292,chair,2026-08-13 16:57:29,后摄像头,否,后摄
3291,未佩戴安全帽,2026-08-13 16:57:29,前摄像头,是,前摄
3293,chair,2026-08-13 16:57:31,后摄像头,否,后摄
3294,chair,2026-08-13 16:57:33,后摄像头,否,后摄
3292,未佩戴安全帽,2026-08-13 16:57:35,前摄像头,是,前摄
3295,chair,2026-08-13 16:57:35,后摄像头,否,后摄
3296,chair,2026-08-13 16:57:37,后摄像头,否,后摄
3297,chair,2026-08-13 16:57:39,后摄像头,否,后摄
3293,未佩戴安全帽,2026-08-13 16:57:40,前摄像头,是,前摄
3298,chair,2026-08-13 16:57:41,后摄像头,否,后摄
3299,chair,2026-08-13 16:57:43,后摄像头,否,后摄
3294,未佩戴安全帽,2026-08-13 16:57:45,前摄像头,是,前摄
3300,chair,2026-08-13 16:57:45,后摄像头,否,后摄
3301,chair,2026-08-13 16:57:47,后摄像头,否,后摄
3302,chair,2026-08-13 16:57:49,后摄像头,否,后摄
3295,未佩戴安全帽,2026-08-13 16:57:50,前摄像头,是,前摄
3303,chair,2026-08-13 16:57:51,后摄像头,否,后摄
3304,chair,2026-08-13 16:57:53,后摄像头,否,后摄
3305,chair,2026-08-13 16:57:55,后摄像头,否,后摄
3306,chair,2026-08-13 16:57:57,后摄像头,否,后摄
3296,未佩戴安全帽,2026-08-13 16:57:57,前摄像头,是,前摄
3307,chair,2026-08-13 16:57:59,后摄像头,否,后摄
3308,chair,2026-08-13 16:58:01,后摄像头,否,后摄
3309,chair,2026-08-13 16:58:03,后摄像头,否,后摄
3297,未佩戴安全帽,2026-08-13 16:58:04,前摄像头,是,前摄
3310,chair,2026-08-13 16:58:05,后摄像头,否,后摄
3311,chair,2026-08-13 16:58:07,后摄像头,否,后摄
3312,chair,2026-08-13 16:58:09,后摄像头,否,后摄
3298,未佩戴安全帽,2026-08-13 16:58:10,前摄像头,是,前摄
3313,chair,2026-08-13 16:58:11,后摄像头,否,后摄
3314,chair,2026-08-13 16:58:13,后摄像头,否,后摄
3315,chair,2026-08-13 16:58:15,后摄像头,否,后摄
3316,chair,2026-08-13 16:58:18,后摄像头,否,后摄
3299,未佩戴安全帽,2026-08-13 16:58:18,前摄像头,是,前摄
3317,chair,2026-08-13 16:58:20,后摄像头,否,后摄
3318,chair,2026-08-13 16:58:22,后摄像头,否,后摄
3319,chair,2026-08-13 16:58:24,后摄像头,否,后摄
3300,未佩戴安全帽,2026-08-13 16:58:25,前摄像头,是,前摄
3320,chair,2026-08-13 16:58:26,后摄像头,否,后摄
3321,chair,2026-08-13 16:58:28,后摄像头,否,后摄
3322,chair,2026-08-13 16:58:30,后摄像头,否,后摄
3301,未佩戴安全帽,2026-08-13 16:58:31,前摄像头,是,前摄
3323,chair,2026-08-13 16:58:32,后摄像头,否,后摄
3324,chair,2026-08-13 16:58:34,后摄像头,否,后摄
3325,chair,2026-08-13 16:58:36,后摄像头,否,后摄
3326,chair,2026-08-13 16:58:38,后摄像头,否,后摄
3302,未佩戴安全帽,2026-08-13 16:58:39,前摄像头,是,前摄
3327,chair,2026-08-13 16:58:40,后摄像头,否,后摄
3328,chair,2026-08-13 16:58:42,后摄像头,否,后摄
3329,chair,2026-08-13 16:58:44,后摄像头,否,后摄
3303,未佩戴安全帽,2026-08-13 16:58:44,前摄像头,是,前摄
3330,chair,2026-08-13 16:58:46,后摄像头,否,后摄
3331,chair,2026-08-13 16:58:48,后摄像头,否,后摄
3304,未佩戴安全帽,2026-08-13 16:58:49,前摄像头,是,前摄
3332,chair,2026-08-13 16:58:50,后摄像头,否,后摄
3333,chair,2026-08-13 16:58:52,后摄像头,否,后摄
3334,chair,2026-08-13 16:58:54,后摄像头,否,后摄
3305,未佩戴安全帽,2026-08-13 16:58:54,前摄像头,是,前摄
3335,chair,2026-08-13 16:58:56,后摄像头,否,后摄
3336,chair,2026-08-13 16:58:58,后摄像头,否,后摄
3337,chair,2026-08-13 16:59:00,后摄像头,否,后摄
3306,未佩戴安全帽,2026-08-13 16:59:00,前摄像头,是,前摄
3338,chair,2026-08-13 16:59:02,后摄像头,否,后摄
3339,chair,2026-08-13 16:59:04,后摄像头,否,后摄
3307,未佩戴安全帽,2026-08-13 16:59:06,前摄像头,是,前摄
3340,chair,2026-08-13 16:59:06,后摄像头,否,后摄
3341,chair,2026-08-13 16:59:08,后摄像头,否,后摄
3342,chair,2026-08-13 16:59:10,后摄像头,否,后摄
3308,未佩戴安全帽,2026-08-13 16:59:11,前摄像头,是,前摄
3343,chair,2026-08-13 16:59:12,后摄像头,否,后摄
3344,chair,2026-08-13 16:59:14,后摄像头,否,后摄
3345,chair,2026-08-13 16:59:16,后摄像头,否,后摄
3309,未佩戴安全帽,2026-08-13 16:59:17,前摄像头,是,前摄
3346,chair,2026-08-13 16:59:18,后摄像头,否,后摄
3347,chair,2026-08-13 16:59:20,后摄像头,否,后摄
3348,chair,2026-08-13 16:59:22,后摄像头,否,后摄
3349,chair,2026-08-13 16:59:24,后摄像头,否,后摄
3310,未佩戴安全帽,2026-08-13 16:59:24,前摄像头,是,前摄
3350,chair,2026-08-13 16:59:26,后摄像头,否,后摄
3351,chair,2026-08-13 16:59:28,后摄像头,否,后摄
3352,chair,2026-08-13 16:59:30,后摄像头,否,后摄
3311,未佩戴安全帽,2026-08-13 16:59:30,前摄像头,是,前摄
3353,chair,2026-08-13 16:59:32,后摄像头,否,后摄
3354,chair,2026-08-13 16:59:34,后摄像头,否,后摄
3355,chair,2026-08-13 16:59:36,后摄像头,否,后摄
3356,chair,2026-08-13 16:59:38,后摄像头,否,后摄
3357,chair,2026-08-13 16:59:40,后摄像头,否,后摄
3312,未佩戴安全帽,2026-08-13 16:59:41,前摄像头,是,前摄
3358,chair,2026-08-13 16:59:42,后摄像头,否,后摄
3359,chair,2026-08-13 16:59:44,后摄像头,否,后摄
3360,chair,2026-08-13 16:59:46,后摄像头,否,后摄
3313,未佩戴安全帽,2026-08-13 16:59:46,前摄像头,是,前摄
3361,chair,2026-08-13 16:59:48,后摄像头,否,后摄
3362,chair,2026-08-13 16:59:50,后摄像头,否,后摄
3363,chair,2026-08-13 16:59:52,后摄像头,否,后摄
3314,未佩戴安全帽,2026-08-13 16:59:52,前摄像头,是,前摄
3364,chair,2026-08-13 16:59:54,后摄像头,否,后摄
3365,chair,2026-08-13 16:59:56,后摄像头,否,后摄
3315,未佩戴安全帽,2026-08-13 16:59:58,前摄像头,是,前摄
3366,chair,2026-08-13 16:59:58,后摄像头,否,后摄
3367,chair,2026-08-13 17:00:00,后摄像头,否,后摄
3368,chair,2026-08-13 17:00:02,后摄像头,否,后摄
3316,未佩戴安全帽,2026-08-13 17:00:03,前摄像头,是,前摄
3369,chair,2026-08-13 17:00:04,后摄像头,否,后摄
3370,chair,2026-08-13 17:00:06,后摄像头,否,后摄
3317,未佩戴安全帽,2026-08-13 17:00:08,前摄像头,是,前摄
3371,chair,2026-08-13 17:00:08,后摄像头,否,后摄
3372,chair,2026-08-13 17:00:10,后摄像头,否,后摄
3373,chair,2026-08-13 17:00:12,后摄像头,否,后摄
3318,未佩戴安全帽,2026-08-13 17:00:13,前摄像头,是,前摄
3374,chair,2026-08-13 17:00:14,后摄像头,否,后摄
3375,chair,2026-08-13 17:00:16,后摄像头,否,后摄
3319,未佩戴安全帽,2026-08-13 17:00:18,前摄像头,是,前摄
3376,chair,2026-08-13 17:00:19,后摄像头,否,后摄
3377,chair,2026-08-13 17:00:21,后摄像头,否,后摄
3378,chair,2026-08-13 17:00:23,后摄像头,否,后摄
3320,未佩戴安全帽,2026-08-13 17:00:23,前摄像头,是,前摄
3379,chair,2026-08-13 17:00:25,后摄像头,否,后摄
3380,chair,2026-08-13 17:00:27,后摄像头,否,后摄
3321,未佩戴安全帽,2026-08-13 17:00:28,前摄像头,是,前摄
3381,chair,2026-08-13 17:00:29,后摄像头,否,后摄
3382,chair,2026-08-13 17:00:31,后摄像头,否,后摄
3383,chair,2026-08-13 17:00:33,后摄像头,否,后摄
3384,chair,2026-08-13 17:00:35,后摄像头,否,后摄
3385,chair,2026-08-13 17:00:37,后摄像头,否,后摄
3386,chair,2026-08-13 17:00:39,后摄像头,否,后摄
3387,chair,2026-08-13 17:00:41,后摄像头,否,后摄
3388,chair,2026-08-13 17:00:43,后摄像头,否,后摄
3389,chair,2026-08-13 17:00:45,后摄像头,否,后摄
3322,未佩戴安全帽,2026-08-13 17:00:45,前摄像头,是,前摄
3390,chair,2026-08-13 17:00:47,后摄像头,否,后摄
3391,chair,2026-08-13 17:00:49,后摄像头,否,后摄
3323,未佩戴安全帽,2026-08-13 17:00:50,前摄像头,是,前摄
3392,chair,2026-08-13 17:00:51,后摄像头,否,后摄
3393,chair,2026-08-13 17:00:53,后摄像头,否,后摄
3394,chair,2026-08-13 17:00:55,后摄像头,否,后摄
3324,未佩戴安全帽,2026-08-13 17:00:55,前摄像头,是,前摄
3395,chair,2026-08-13 17:00:57,后摄像头,否,后摄
3396,chair,2026-08-13 17:00:59,后摄像头,否,后摄
3325,未佩戴安全帽,2026-08-13 17:01:01,前摄像头,是,前摄
3397,chair,2026-08-13 17:01:01,后摄像头,否,后摄
3398,chair,2026-08-13 17:01:03,后摄像头,否,后摄
3399,chair,2026-08-13 17:01:05,后摄像头,否,后摄
3326,未佩戴安全帽,2026-08-13 17:01:06,前摄像头,是,前摄
3400,chair,2026-08-13 17:01:07,后摄像头,否,后摄
3401,chair,2026-08-13 17:01:09,后摄像头,否,后摄
3402,chair,2026-08-13 17:01:11,后摄像头,否,后摄
3327,未佩戴安全帽,2026-08-13 17:01:11,前摄像头,是,前摄
3403,chair,2026-08-13 17:01:13,后摄像头,否,后摄
3404,chair,2026-08-13 17:01:15,后摄像头,否,后摄
3328,未佩戴安全帽,2026-08-13 17:01:16,前摄像头,是,前摄
3405,chair,2026-08-13 17:01:17,后摄像头,否,后摄
3406,chair,2026-08-13 17:01:19,后摄像头,否,后摄
3329,未佩戴安全帽,2026-08-13 17:01:21,前摄像头,是,前摄
3407,chair,2026-08-13 17:01:21,后摄像头,否,后摄
3408,chair,2026-08-13 17:01:23,后摄像头,否,后摄
3409,chair,2026-08-13 17:01:25,后摄像头,否,后摄
3330,未佩戴安全帽,2026-08-13 17:01:26,前摄像头,是,前摄
3410,chair,2026-08-13 17:01:27,后摄像头,否,后摄
3411,chair,2026-08-13 17:01:29,后摄像头,否,后摄
3331,未佩戴安全帽,2026-08-13 17:01:31,前摄像头,是,前摄
3412,chair,2026-08-13 17:01:31,后摄像头,否,后摄
3413,chair,2026-08-13 17:01:33,后摄像头,否,后摄
3414,chair,2026-08-13 17:01:35,后摄像头,否,后摄
3332,未佩戴安全帽,2026-08-13 17:01:36,前摄像头,是,前摄
3415,chair,2026-08-13 17:01:37,后摄像头,否,后摄
3416,chair,2026-08-13 17:01:39,后摄像头,否,后摄
3333,未佩戴安全帽,2026-08-13 17:01:41,前摄像头,是,前摄
3417,chair,2026-08-13 17:01:41,后摄像头,否,后摄
3418,chair,2026-08-13 17:01:43,后摄像头,否,后摄
3419,chair,2026-08-13 17:01:45,后摄像头,否,后摄
3334,未佩戴安全帽,2026-08-13 17:01:46,前摄像头,是,前摄
3420,chair,2026-08-13 17:01:47,后摄像头,否,后摄
3421,chair,2026-08-13 17:01:49,后摄像头,否,后摄
3335,未佩戴安全帽,2026-08-13 17:01:51,前摄像头,是,前摄
3422,chair,2026-08-13 17:01:51,后摄像头,否,后摄
3336,未佩戴安全帽,2026-08-13 17:01:56,前摄像头,是,前摄
3337,未佩戴安全帽,2026-08-13 17:02:01,前摄像头,是,前摄
3338,未佩戴安全帽,2026-08-13 17:02:06,前摄像头,是,前摄
3423,cup,2026-08-13 17:02:10,后摄像头,否,后摄
3339,未佩戴安全帽,2026-08-13 17:02:11,前摄像头,是,前摄
3424,cup,2026-08-13 17:02:13,后摄像头,否,后摄
3340,未佩戴安全帽,2026-08-13 17:02:16,前摄像头,是,前摄
3425,chair,2026-08-13 17:02:19,后摄像头,否,后摄
3426,chair,2026-08-13 17:02:21,后摄像头,否,后摄
3341,未佩戴安全帽,2026-08-13 17:02:21,前摄像头,是,前摄
3427,chair,2026-08-13 17:02:23,后摄像头,否,后摄
3428,chair,2026-08-13 17:02:25,后摄像头,否,后摄
3342,未佩戴安全帽,2026-08-13 17:02:26,前摄像头,是,前摄
3429,chair,2026-08-13 17:02:27,后摄像头,否,后摄
3430,chair,2026-08-13 17:02:29,后摄像头,否,后摄
3431,chair,2026-08-13 17:02:31,后摄像头,否,后摄
3343,未佩戴安全帽,2026-08-13 17:02:31,前摄像头,是,前摄
3432,chair,2026-08-13 17:02:33,后摄像头,否,后摄
3433,chair,2026-08-13 17:02:35,后摄像头,否,后摄
3344,未佩戴安全帽,2026-08-13 17:02:36,前摄像头,是,前摄
3434,chair,2026-08-13 17:02:37,后摄像头,否,后摄
3435,chair,2026-08-13 17:02:39,后摄像头,否,后摄
3436,chair,2026-08-13 17:02:41,后摄像头,否,后摄
3345,未佩戴安全帽,2026-08-13 17:02:41,前摄像头,是,前摄
3437,chair,2026-08-13 17:02:43,后摄像头,否,后摄
3438,chair,2026-08-13 17:02:45,后摄像头,否,后摄
3346,未佩戴安全帽,2026-08-13 17:02:46,前摄像头,是,前摄
3439,chair,2026-08-13 17:02:47,后摄像头,否,后摄
3440,chair,2026-08-13 17:02:49,后摄像头,否,后摄
3441,chair,2026-08-13 17:02:51,后摄像头,否,后摄
3347,未佩戴安全帽,2026-08-13 17:02:51,前摄像头,是,前摄
3442,chair,2026-08-13 17:02:53,后摄像头,否,后摄
3443,chair,2026-08-13 17:02:55,后摄像头,否,后摄
3444,chair,2026-08-13 17:02:57,后摄像头,否,后摄
3445,chair,2026-08-13 17:02:59,后摄像头,否,后摄
3446,chair,2026-08-13 17:03:01,后摄像头,否,后摄
3447,chair,2026-08-13 17:03:03,后摄像头,否,后摄
3448,chair,2026-08-13 17:03:05,后摄像头,否,后摄
3449,chair,2026-08-13 17:03:07,后摄像头,否,后摄
3450,chair,2026-08-13 17:03:09,后摄像头,否,后摄
3451,chair,2026-08-13 17:03:11,后摄像头,否,后摄
3452,chair,2026-08-13 17:03:13,后摄像头,否,后摄
3453,chair,2026-08-13 17:03:15,后摄像头,否,后摄
3454,chair,2026-08-13 17:03:17,后摄像头,否,后摄
3455,chair,2026-08-13 17:03:19,后摄像头,否,后摄
3456,chair,2026-08-13 17:03:21,后摄像头,否,后摄
3457,chair,2026-08-13 17:03:23,后摄像头,否,后摄
3458,chair,2026-08-13 17:03:25,后摄像头,否,后摄
3459,chair,2026-08-13 17:03:27,后摄像头,否,后摄
3460,chair,2026-08-13 17:03:29,后摄像头,否,后摄
3461,chair,2026-08-13 17:03:31,后摄像头,否,后摄
3462,chair,2026-08-13 17:03:33,后摄像头,否,后摄
3463,chair,2026-08-13 17:03:35,后摄像头,否,后摄
3464,chair,2026-08-13 17:03:37,后摄像头,否,后摄
3465,chair,2026-08-13 17:03:39,后摄像头,否,后摄
3466,chair,2026-08-13 17:03:41,后摄像头,否,后摄
3467,chair,2026-08-13 17:03:43,后摄像头,否,后摄
3348,cup,2026-08-13 17:04:29,前摄像头,否,前摄
3349,cup,2026-08-13 17:04:31,前摄像头,否,前摄
3350,cup,2026-08-13 17:04:37,前摄像头,否,前摄
3351,cup,2026-08-13 17:04:41,前摄像头,否,前摄
3352,cup,2026-08-13 17:04:53,前摄像头,否,前摄
3353,cup,2026-08-13 17:04:59,前摄像头,否,前摄
3354,cup,2026-08-13 17:05:06,前摄像头,否,前摄
3355,cup,2026-08-13 17:05:12,前摄像头,否,前摄
3356,cup,2026-08-13 17:05:22,前摄像头,否,前摄
3357,cup,2026-08-13 17:05:33,前摄像头,否,前摄
3358,cup,2026-08-13 17:05:42,前摄像头,否,前摄
3359,cup,2026-08-13 17:05:47,前摄像头,否,前摄
3360,cup,2026-08-13 17:05:56,前摄像头,否,前摄
3361,cup,2026-08-13 17:06:03,前摄像头,否,前摄
3362,cup,2026-08-13 17:06:07,前摄像头,否,前摄
3363,cup,2026-08-13 17:06:12,前摄像头,否,前摄
3364,cup,2026-08-13 17:06:16,前摄像头,否,前摄
3365,cup,2026-08-13 17:06:45,前摄像头,否,前摄
3366,cup,2026-08-13 17:06:57,前摄像头,否,前摄
3367,cup,2026-08-13 17:07:00,前摄像头,否,前摄
3368,cup,2026-08-13 17:07:39,前摄像头,否,前摄
3369,cup,2026-08-13 17:08:31,前摄像头,否,前摄
3370,cup,2026-08-13 17:11:17,前摄像头,否,前摄
3371,cup,2026-08-13 17:11:31,前摄像头,否,前摄
3372,cup,2026-08-13 17:11:41,前摄像头,否,前摄
3373,cup,2026-08-13 17:11:47,前摄像头,否,前摄
3374,cup,2026-08-13 17:12:11,前摄像头,否,前摄
3468,chair,2026-08-13 17:13:28,后摄像头,否,后摄
3469,chair,2026-08-13 17:13:30,后摄像头,否,后摄
3470,chair,2026-08-13 17:13:32,后摄像头,否,后摄
3471,chair,2026-08-13 17:13:34,后摄像头,否,后摄
3472,chair,2026-08-13 17:13:36,后摄像头,否,后摄
3473,chair,2026-08-13 17:13:38,后摄像头,否,后摄
3474,chair,2026-08-13 17:13:40,后摄像头,否,后摄
3475,chair,2026-08-13 17:13:42,后摄像头,否,后摄
3476,chair,2026-08-13 17:17:43,后摄像头,否,后摄
3477,chair,2026-08-13 17:17:45,后摄像头,否,后摄
3478,chair,2026-08-13 17:17:47,后摄像头,否,后摄
3479,chair,2026-08-13 17:17:49,后摄像头,否,后摄
3480,chair,2026-08-13 17:17:51,后摄像头,否,后摄
3481,chair,2026-08-13 17:17:53,后摄像头,否,后摄
3482,chair,2026-08-13 17:17:55,后摄像头,否,后摄
3483,cup,2026-08-13 17:32:12,后摄像头,否,后摄
3483,cup,2026-08-13 17:32:17,后摄像头,否,后摄
3484,cup,2026-08-13 17:32:18,后摄像头,否,后摄
3485,cup,2026-08-13 17:32:20,后摄像头,否,后摄
3484,cup,2026-08-13 17:32:22,后摄像头,否,后摄
3486,cup,2026-08-13 17:32:23,后摄像头,否,后摄
3485,cup,2026-08-13 17:32:26,后摄像头,否,后摄
3487,cup,2026-08-13 17:32:26,后摄像头,否,后摄
3486,cup,2026-08-13 17:32:30,后摄像头,否,后摄
3488,cup,2026-08-13 17:32:31,后摄像头,否,后摄
3487,cup,2026-08-13 17:32:34,后摄像头,否,后摄
3489,cup,2026-08-13 17:32:35,后摄像头,否,后摄
3488,cup,2026-08-13 17:32:39,后摄像头,否,后摄
3490,cup,2026-08-13 17:32:40,后摄像头,否,后摄
3489,chair,2026-08-13 17:32:41,后摄像头,否,后摄
3490,chair,2026-08-13 17:32:43,后摄像头,否,后摄
3491,chair,2026-08-13 17:32:45,后摄像头,否,后摄
3491,cup,2026-08-13 17:32:46,后摄像头,否,后摄
3492,chair,2026-08-13 17:32:47,后摄像头,否,后摄
3492,cup,2026-08-13 17:32:48,后摄像头,否,后摄
3493,chair,2026-08-13 17:32:49,后摄像头,否,后摄
3493,cup,2026-08-13 17:32:50,后摄像头,否,后摄
3494,chair,2026-08-13 17:32:51,后摄像头,否,后摄
3495,chair,2026-08-13 17:32:53,后摄像头,否,后摄
3496,未佩戴安全帽,2026-08-13 18:00:59,后摄像头,是,后摄
3496,未佩戴安全帽,2026-08-13 18:01:04,后摄像头,是,后摄
3497,未佩戴安全帽,2026-08-13 18:01:08,后摄像头,是,后摄
3497,未佩戴安全帽,2026-08-13 18:01:09,后摄像头,是,后摄
3498,未佩戴安全帽,2026-08-13 18:01:14,后摄像头,是,后摄
3498,未佩戴安全帽,2026-08-13 18:01:18,后摄像头,是,后摄
3499,未佩戴安全帽,2026-08-13 18:01:19,后摄像头,是,后摄
3500,未佩戴安全帽,2026-08-13 18:01:24,后摄像头,是,后摄
3499,未佩戴安全帽,2026-08-13 18:01:28,后摄像头,是,后摄
3501,未佩戴安全帽,2026-08-13 18:01:29,后摄像头,是,后摄
3502,未佩戴安全帽,2026-08-13 18:01:34,后摄像头,是,后摄
3500,未佩戴安全帽,2026-08-13 18:01:38,后摄像头,是,后摄
3503,未佩戴安全帽,2026-08-13 18:01:39,后摄像头,是,后摄
3504,未佩戴安全帽,2026-08-13 18:01:44,后摄像头,是,后摄
3501,未佩戴安全帽,2026-08-13 18:01:48,后摄像头,是,后摄
3505,未佩戴安全帽,2026-08-13 18:01:49,后摄像头,是,后摄
3506,未佩戴安全帽,2026-08-13 18:01:54,后摄像头,是,后摄
3502,未佩戴安全帽,2026-08-13 18:01:58,后摄像头,是,后摄
3503,未佩戴安全帽,2026-08-13 18:02:08,后摄像头,是,后摄
3507,未佩戴安全帽,2026-08-13 18:04:49,后摄像头,是,后摄
3507,未佩戴安全帽,2026-08-13 18:04:52,后摄像头,是,后摄
3508,cup,2026-08-13 18:05:16,后摄像头,否,后摄
3508,cup,2026-08-13 18:05:17,后摄像头,否,后摄
3509,cup,2026-08-13 18:05:28,后摄像头,否,后摄
3510,cup,2026-08-13 18:05:30,后摄像头,否,后摄
3511,cup,2026-08-13 18:05:33,后摄像头,否,后摄
3512,cup,2026-08-13 18:05:39,后摄像头,否,后摄
3513,cup,2026-08-13 18:06:04,后摄像头,否,后摄
3514,cup,2026-08-13 18:06:15,后摄像头,否,后摄
3515,cup,2026-08-13 18:06:19,后摄像头,否,后摄
3515,cup,2026-08-13 18:06:33,后摄像头,否,后摄
3516,cup,2026-08-13 18:06:53,后摄像头,否,后摄
3517,cup,2026-08-13 18:07:39,后摄像头,否,后摄
3518,cup,2026-08-13 18:08:16,后摄像头,否,后摄
3519,cup,2026-08-13 18:08:19,后摄像头,否,后摄
3520,cup,2026-08-13 18:08:27,后摄像头,否,后摄
3521,cup,2026-08-13 18:08:31,后摄像头,否,后摄
3522,cup,2026-08-13 18:08:45,后摄像头,否,后摄
3523,cup,2026-08-13 18:08:55,后摄像头,否,后摄
3524,cup,2026-08-13 18:09:17,后摄像头,否,后摄
3525,cup,2026-08-13 18:10:15,后摄像头,否,后摄
3526,cup,2026-08-13 18:10:36,后摄像头,否,后摄
3525,cup,2026-08-13 18:10:37,后摄像头,否,后摄
3527,cup,2026-08-13 18:11:36,后摄像头,否,后摄
3528,cup,2026-08-13 18:11:38,后摄像头,否,后摄
3529,cup,2026-08-13 18:11:52,后摄像头,否,后摄
3530,cup,2026-08-13 18:12:19,后摄像头,否,后摄
3531,cup,2026-08-13 18:12:25,后摄像头,否,后摄
3532,未佩戴安全帽,2026-08-13 18:12:41,后摄像头,是,后摄
3533,未佩戴安全帽,2026-08-13 18:12:46,后摄像头,是,后摄
3534,未佩戴安全帽,2026-08-13 18:12:51,后摄像头,是,后摄
3533,cup,2026-08-13 18:12:54,后摄像头,否,后摄
3535,未佩戴安全帽,2026-08-13 18:12:56,后摄像头,是,后摄
3536,未佩戴安全帽,2026-08-13 18:13:01,后摄像头,是,后摄
3537,未佩戴安全帽,2026-08-13 18:13:06,后摄像头,是,后摄
3534,cup,2026-08-13 18:13:25,后摄像头,否,后摄
3535,cup,2026-08-13 18:13:34,后摄像头,否,后摄
3536,cup,2026-08-13 18:13:49,后摄像头,否,后摄
3537,cup,2026-08-13 18:13:54,后摄像头,否,后摄
3538,未佩戴安全帽,2026-08-13 18:13:57,后摄像头,是,后摄
3539,未佩戴安全帽,2026-08-13 18:14:02,后摄像头,是,后摄
3538,cup,2026-08-13 18:14:05,后摄像头,否,后摄
3540,未佩戴安全帽,2026-08-13 18:14:07,后摄像头,是,后摄
3541,未佩戴安全帽,2026-08-13 18:14:13,后摄像头,是,后摄
3542,未佩戴安全帽,2026-08-13 18:14:18,后摄像头,是,后摄
3539,cup,2026-08-13 18:14:19,后摄像头,否,后摄
3543,未佩戴安全帽,2026-08-13 18:14:23,后摄像头,是,后摄
3544,未佩戴安全帽,2026-08-13 18:14:28,后摄像头,是,后摄
3540,chair,2026-08-13 18:14:32,后摄像头,否,后摄
3545,未佩戴安全帽,2026-08-13 18:14:33,后摄像头,是,后摄
3541,chair,2026-08-13 18:14:34,后摄像头,否,后摄
3542,chair,2026-08-13 18:14:36,后摄像头,否,后摄
3543,chair,2026-08-13 18:14:38,后摄像头,否,后摄
3546,未佩戴安全帽,2026-08-13 18:14:38,后摄像头,是,后摄
3544,chair,2026-08-13 18:14:40,后摄像头,否,后摄
3545,chair,2026-08-13 18:14:42,后摄像头,否,后摄
3547,未佩戴安全帽,2026-08-13 18:14:43,后摄像头,是,后摄
3546,chair,2026-08-13 18:14:44,后摄像头,否,后摄
3547,chair,2026-08-13 18:14:46,后摄像头,否,后摄
3548,chair,2026-08-13 18:14:48,后摄像头,否,后摄
3548,未佩戴安全帽,2026-08-13 18:14:48,后摄像头,是,后摄
3549,chair,2026-08-13 18:14:50,后摄像头,否,后摄
3550,chair,2026-08-13 18:14:52,后摄像头,否,后摄
3549,未佩戴安全帽,2026-08-13 18:14:54,后摄像头,是,后摄
3551,chair,2026-08-13 18:14:54,后摄像头,否,后摄
3552,chair,2026-08-13 18:14:56,后摄像头,否,后摄
3553,chair,2026-08-13 18:14:58,后摄像头,否,后摄
3550,未佩戴安全帽,2026-08-13 18:14:59,后摄像头,是,后摄
3554,chair,2026-08-13 18:15:00,后摄像头,否,后摄
3555,chair,2026-08-13 18:15:02,后摄像头,否,后摄
3556,chair,2026-08-13 18:15:04,后摄像头,否,后摄
3551,未佩戴安全帽,2026-08-13 18:15:04,后摄像头,是,后摄
3557,chair,2026-08-13 18:15:06,后摄像头,否,后摄
3558,chair,2026-08-13 18:15:08,后摄像头,否,后摄
3552,未佩戴安全帽,2026-08-13 18:15:09,后摄像头,是,后摄
3559,chair,2026-08-13 18:15:10,后摄像头,否,后摄
3560,chair,2026-08-13 18:15:12,后摄像头,否,后摄
3561,chair,2026-08-13 18:15:14,后摄像头,否,后摄
3553,未佩戴安全帽,2026-08-13 18:15:14,后摄像头,是,后摄
3562,chair,2026-08-13 18:15:16,后摄像头,否,后摄
3563,chair,2026-08-13 18:15:18,后摄像头,否,后摄
3554,未佩戴安全帽,2026-08-13 18:15:19,后摄像头,是,后摄
3564,chair,2026-08-13 18:15:20,后摄像头,否,后摄
3565,chair,2026-08-13 18:15:22,后摄像头,否,后摄
3566,chair,2026-08-13 18:15:24,后摄像头,否,后摄
3555,未佩戴安全帽,2026-08-13 18:15:24,后摄像头,是,后摄
3567,chair,2026-08-13 18:15:26,后摄像头,否,后摄
3568,chair,2026-08-13 18:15:28,后摄像头,否,后摄
3556,未佩戴安全帽,2026-08-13 18:15:29,后摄像头,是,后摄
3569,chair,2026-08-13 18:15:30,后摄像头,否,后摄
3570,chair,2026-08-13 18:15:32,后摄像头,否,后摄
3571,chair,2026-08-13 18:15:34,后摄像头,否,后摄
3557,未佩戴安全帽,2026-08-13 18:15:34,后摄像头,是,后摄
3572,chair,2026-08-13 18:15:36,后摄像头,否,后摄
3573,chair,2026-08-13 18:15:38,后摄像头,否,后摄
3558,未佩戴安全帽,2026-08-13 18:15:40,后摄像头,是,后摄
3574,chair,2026-08-13 18:15:40,后摄像头,否,后摄
3575,chair,2026-08-13 18:15:42,后摄像头,否,后摄
3576,chair,2026-08-13 18:15:44,后摄像头,否,后摄
3559,未佩戴安全帽,2026-08-13 18:15:45,后摄像头,是,后摄
3577,chair,2026-08-13 18:15:46,后摄像头,否,后摄
3578,chair,2026-08-13 18:15:48,后摄像头,否,后摄
3579,chair,2026-08-13 18:15:50,后摄像头,否,后摄
3560,未佩戴安全帽,2026-08-13 18:15:50,后摄像头,是,后摄
3580,chair,2026-08-13 18:15:52,后摄像头,否,后摄
3581,chair,2026-08-13 18:15:54,后摄像头,否,后摄
3561,未佩戴安全帽,2026-08-13 18:15:55,后摄像头,是,后摄
3582,chair,2026-08-13 18:15:56,后摄像头,否,后摄
3583,chair,2026-08-13 18:15:58,后摄像头,否,后摄
3584,chair,2026-08-13 18:16:00,后摄像头,否,后摄
3562,未佩戴安全帽,2026-08-13 18:16:00,后摄像头,是,后摄
3585,chair,2026-08-13 18:16:02,后摄像头,否,后摄
3586,chair,2026-08-13 18:16:04,后摄像头,否,后摄
3563,未佩戴安全帽,2026-08-13 18:16:05,后摄像头,是,后摄
3587,chair,2026-08-13 18:16:06,后摄像头,否,后摄
3588,chair,2026-08-13 18:16:08,后摄像头,否,后摄
3589,chair,2026-08-13 18:16:10,后摄像头,否,后摄
3564,未佩戴安全帽,2026-08-13 18:16:11,后摄像头,是,后摄
3590,chair,2026-08-13 18:16:12,后摄像头,否,后摄
3591,chair,2026-08-13 18:16:14,后摄像头,否,后摄
3592,chair,2026-08-13 18:16:16,后摄像头,否,后摄
3565,未佩戴安全帽,2026-08-13 18:16:16,后摄像头,是,后摄
3593,chair,2026-08-13 18:16:18,后摄像头,否,后摄
3594,chair,2026-08-13 18:16:20,后摄像头,否,后摄
3595,chair,2026-08-13 18:16:22,后摄像头,否,后摄
3566,未佩戴安全帽,2026-08-13 18:16:23,后摄像头,是,后摄
3596,chair,2026-08-13 18:16:24,后摄像头,否,后摄
3597,chair,2026-08-13 18:16:26,后摄像头,否,后摄
3598,chair,2026-08-13 18:16:28,后摄像头,否,后摄
3567,未佩戴安全帽,2026-08-13 18:16:28,后摄像头,是,后摄
3599,chair,2026-08-13 18:16:30,后摄像头,否,后摄
3600,chair,2026-08-13 18:16:32,后摄像头,否,后摄
3568,未佩戴安全帽,2026-08-13 18:16:34,后摄像头,是,后摄
3601,chair,2026-08-13 18:16:34,后摄像头,否,后摄
3602,chair,2026-08-13 18:16:36,后摄像头,否,后摄
3603,chair,2026-08-13 18:16:38,后摄像头,否,后摄
3569,未佩戴安全帽,2026-08-13 18:16:39,后摄像头,是,后摄
3604,chair,2026-08-13 18:16:40,后摄像头,否,后摄
3605,chair,2026-08-13 18:16:42,后摄像头,否,后摄
3570,未佩戴安全帽,2026-08-13 18:16:44,后摄像头,是,后摄
3606,chair,2026-08-13 18:16:44,后摄像头,否,后摄
3607,chair,2026-08-13 18:16:46,后摄像头,否,后摄
3608,chair,2026-08-13 18:16:48,后摄像头,否,后摄
3571,未佩戴安全帽,2026-08-13 18:16:49,后摄像头,是,后摄
3609,chair,2026-08-13 18:16:50,后摄像头,否,后摄
3610,chair,2026-08-13 18:16:52,后摄像头,否,后摄
3572,未佩戴安全帽,2026-08-13 18:16:54,后摄像头,是,后摄
3611,chair,2026-08-13 18:16:54,后摄像头,否,后摄
3612,chair,2026-08-13 18:16:56,后摄像头,否,后摄
3613,chair,2026-08-13 18:16:58,后摄像头,否,后摄
3573,未佩戴安全帽,2026-08-13 18:16:59,后摄像头,是,后摄
3614,chair,2026-08-13 18:17:00,后摄像头,否,后摄
3615,chair,2026-08-13 18:17:02,后摄像头,否,后摄
3616,chair,2026-08-13 18:17:04,后摄像头,否,后摄
3574,未佩戴安全帽,2026-08-13 18:17:05,后摄像头,是,后摄
3617,chair,2026-08-13 18:17:06,后摄像头,否,后摄
3618,chair,2026-08-13 18:17:08,后摄像头,否,后摄
3575,未佩戴安全帽,2026-08-13 18:17:10,后摄像头,是,后摄
3619,chair,2026-08-13 18:17:10,后摄像头,否,后摄
3620,chair,2026-08-13 18:17:12,后摄像头,否,后摄
3621,chair,2026-08-13 18:17:14,后摄像头,否,后摄
3576,未佩戴安全帽,2026-08-13 18:17:15,后摄像头,是,后摄
3622,chair,2026-08-13 18:17:16,后摄像头,否,后摄
3623,chair,2026-08-13 18:17:18,后摄像头,否,后摄
3577,未佩戴安全帽,2026-08-13 18:17:20,后摄像头,是,后摄
3624,chair,2026-08-13 18:17:20,后摄像头,否,后摄
3625,chair,2026-08-13 18:17:22,后摄像头,否,后摄
3626,chair,2026-08-13 18:17:24,后摄像头,否,后摄
3578,未佩戴安全帽,2026-08-13 18:17:25,后摄像头,是,后摄
3627,chair,2026-08-13 18:17:26,后摄像头,否,后摄
3628,chair,2026-08-13 18:17:28,后摄像头,否,后摄
3579,未佩戴安全帽,2026-08-13 18:17:30,后摄像头,是,后摄
3629,chair,2026-08-13 18:17:30,后摄像头,否,后摄
3630,chair,2026-08-13 18:17:32,后摄像头,否,后摄
3631,chair,2026-08-13 18:17:34,后摄像头,否,后摄
3580,未佩戴安全帽,2026-08-13 18:17:35,后摄像头,是,后摄
3632,chair,2026-08-13 18:17:36,后摄像头,否,后摄
3633,chair,2026-08-13 18:17:38,后摄像头,否,后摄
3581,未佩戴安全帽,2026-08-13 18:17:40,后摄像头,是,后摄
3634,chair,2026-08-13 18:17:40,后摄像头,否,后摄
3635,chair,2026-08-13 18:17:42,后摄像头,否,后摄
3636,chair,2026-08-13 18:17:44,后摄像头,否,后摄
3582,未佩戴安全帽,2026-08-13 18:17:45,后摄像头,是,后摄
3637,chair,2026-08-13 18:17:46,后摄像头,否,后摄
3638,chair,2026-08-13 18:17:48,后摄像头,否,后摄
3583,未佩戴安全帽,2026-08-13 18:17:50,后摄像头,是,后摄
3639,chair,2026-08-13 18:17:50,后摄像头,否,后摄
3640,chair,2026-08-13 18:17:52,后摄像头,否,后摄
3641,chair,2026-08-13 18:17:54,后摄像头,否,后摄
3584,未佩戴安全帽,2026-08-13 18:17:55,后摄像头,是,后摄
3642,chair,2026-08-13 18:17:56,后摄像头,否,后摄
3643,chair,2026-08-13 18:17:58,后摄像头,否,后摄
3644,chair,2026-08-13 18:18:00,后摄像头,否,后摄
3585,未佩戴安全帽,2026-08-13 18:18:00,后摄像头,是,后摄
3645,chair,2026-08-13 18:18:02,后摄像头,否,后摄
3646,chair,2026-08-13 18:18:04,后摄像头,否,后摄
3647,chair,2026-08-13 18:18:06,后摄像头,否,后摄
3648,chair,2026-08-13 18:18:08,后摄像头,否,后摄
3586,未佩戴安全帽,2026-08-13 18:18:09,后摄像头,是,后摄
3649,chair,2026-08-13 18:18:10,后摄像头,否,后摄
3650,chair,2026-08-13 18:18:12,后摄像头,否,后摄
3587,未佩戴安全帽,2026-08-13 18:18:14,后摄像头,是,后摄
3651,chair,2026-08-13 18:18:14,后摄像头,否,后摄
3652,chair,2026-08-13 18:18:16,后摄像头,否,后摄
3653,chair,2026-08-13 18:18:18,后摄像头,否,后摄
3588,未佩戴安全帽,2026-08-13 18:18:19,后摄像头,是,后摄
3654,chair,2026-08-13 18:18:20,后摄像头,否,后摄
3655,chair,2026-08-13 18:18:22,后摄像头,否,后摄
3589,未佩戴安全帽,2026-08-13 18:18:24,后摄像头,是,后摄
3656,chair,2026-08-13 18:18:24,后摄像头,否,后摄
3657,chair,2026-08-13 18:18:26,后摄像头,否,后摄
3658,chair,2026-08-13 18:18:28,后摄像头,否,后摄
3590,未佩戴安全帽,2026-08-13 18:18:29,后摄像头,是,后摄
3659,chair,2026-08-13 18:18:30,后摄像头,否,后摄
3660,chair,2026-08-13 18:18:32,后摄像头,否,后摄
3591,未佩戴安全帽,2026-08-13 18:18:34,后摄像头,是,后摄
3661,chair,2026-08-13 18:18:34,后摄像头,否,后摄
3662,chair,2026-08-13 18:18:36,后摄像头,否,后摄
3663,chair,2026-08-13 18:18:38,后摄像头,否,后摄
3592,未佩戴安全帽,2026-08-13 18:18:39,后摄像头,是,后摄
3664,chair,2026-08-13 18:18:40,后摄像头,否,后摄
3665,chair,2026-08-13 18:18:42,后摄像头,否,后摄
3593,未佩戴安全帽,2026-08-13 18:18:44,后摄像头,是,后摄
3666,chair,2026-08-13 18:18:44,后摄像头,否,后摄
3667,chair,2026-08-13 18:18:46,后摄像头,否,后摄
3668,chair,2026-08-13 18:18:48,后摄像头,否,后摄
3594,未佩戴安全帽,2026-08-13 18:18:49,后摄像头,是,后摄
3669,chair,2026-08-13 18:18:50,后摄像头,否,后摄
3670,chair,2026-08-13 18:18:52,后摄像头,否,后摄
3671,chair,2026-08-13 18:18:54,后摄像头,否,后摄
3595,未佩戴安全帽,2026-08-13 18:18:55,后摄像头,是,后摄
3672,chair,2026-08-13 18:18:56,后摄像头,否,后摄
3673,chair,2026-08-13 18:18:58,后摄像头,否,后摄
3596,未佩戴安全帽,2026-08-13 18:19:00,后摄像头,是,后摄
3674,chair,2026-08-13 18:19:00,后摄像头,否,后摄
3675,chair,2026-08-13 18:19:02,后摄像头,否,后摄
3676,chair,2026-08-13 18:19:04,后摄像头,否,后摄
3597,未佩戴安全帽,2026-08-13 18:19:05,后摄像头,是,后摄
3677,chair,2026-08-13 18:19:06,后摄像头,否,后摄
3678,chair,2026-08-13 18:19:08,后摄像头,否,后摄
3679,chair,2026-08-13 18:19:10,后摄像头,否,后摄
3598,未佩戴安全帽,2026-08-13 18:19:10,后摄像头,是,后摄
3680,chair,2026-08-13 18:19:12,后摄像头,否,后摄
3681,chair,2026-08-13 18:19:14,后摄像头,否,后摄
3599,未佩戴安全帽,2026-08-13 18:19:15,后摄像头,是,后摄
3682,chair,2026-08-13 18:19:16,后摄像头,否,后摄
3683,chair,2026-08-13 18:19:18,后摄像头,否,后摄
3684,chair,2026-08-13 18:19:20,后摄像头,否,后摄
3600,未佩戴安全帽,2026-08-13 18:19:20,后摄像头,是,后摄
3685,chair,2026-08-13 18:19:22,后摄像头,否,后摄
3686,chair,2026-08-13 18:19:24,后摄像头,否,后摄
3601,未佩戴安全帽,2026-08-13 18:19:26,后摄像头,是,后摄
3687,chair,2026-08-13 18:19:26,后摄像头,否,后摄
3688,chair,2026-08-13 18:19:28,后摄像头,否,后摄
3602,未佩戴安全帽,2026-08-13 18:19:31,后摄像头,是,后摄
3603,未佩戴安全帽,2026-08-13 18:19:38,后摄像头,是,后摄
3604,未佩戴安全帽,2026-08-13 18:19:43,后摄像头,是,后摄
3605,未佩戴安全帽,2026-08-13 18:19:48,后摄像头,是,后摄
3606,未佩戴安全帽,2026-08-13 18:24:17,后摄像头,是,后摄
3607,未佩戴安全帽,2026-08-13 18:24:22,后摄像头,是,后摄
3608,未佩戴安全帽,2026-08-13 18:24:27,后摄像头,是,后摄
3609,未佩戴安全帽,2026-08-13 18:24:32,后摄像头,是,后摄
3610,未佩戴安全帽,2026-08-13 18:24:38,后摄像头,是,后摄
3611,未佩戴安全帽,2026-08-13 18:24:43,后摄像头,是,后摄
3612,未佩戴安全帽,2026-08-13 18:24:49,后摄像头,是,后摄
3613,未佩戴安全帽,2026-08-13 18:24:55,后摄像头,是,后摄
3614,未佩戴安全帽,2026-08-13 18:25:00,后摄像头,是,后摄
3615,未佩戴安全帽,2026-08-13 18:25:05,后摄像头,是,后摄
3616,未佩戴安全帽,2026-08-13 18:25:10,后摄像头,是,后摄
3617,未佩戴安全帽,2026-08-13 18:25:15,后摄像头,是,后摄
3618,未佩戴安全帽,2026-08-13 18:25:20,后摄像头,是,后摄
3619,未佩戴安全帽,2026-08-13 18:25:26,后摄像头,是,后摄
3620,未佩戴安全帽,2026-08-13 18:25:32,后摄像头,是,后摄
3621,未佩戴安全帽,2026-08-13 18:25:37,后摄像头,是,后摄
3622,未佩戴安全帽,2026-08-13 18:25:42,后摄像头,是,后摄
3623,未佩戴安全帽,2026-08-13 18:25:47,后摄像头,是,后摄
3624,未佩戴安全帽,2026-08-13 18:25:52,后摄像头,是,后摄
3625,未佩戴安全帽,2026-08-13 18:25:57,后摄像头,是,后摄
3626,未佩戴安全帽,2026-08-13 18:26:02,后摄像头,是,后摄
3627,未佩戴安全帽,2026-08-13 18:26:09,后摄像头,是,后摄
3628,未佩戴安全帽,2026-08-13 18:26:14,后摄像头,是,后摄
3629,未佩戴安全帽,2026-08-13 18:26:20,后摄像头,是,后摄
3630,未佩戴安全帽,2026-08-13 18:26:25,后摄像头,是,后摄
3631,未佩戴安全帽,2026-08-13 18:26:31,后摄像头,是,后摄
3632,未佩戴安全帽,2026-08-13 18:26:36,后摄像头,是,后摄
3633,未佩戴安全帽,2026-08-13 18:26:42,后摄像头,是,后摄
3634,未佩戴安全帽,2026-08-13 18:26:48,后摄像头,是,后摄
3635,未佩戴安全帽,2026-08-13 18:26:53,后摄像头,是,后摄
3636,未佩戴安全帽,2026-08-13 18:26:58,后摄像头,是,后摄
3637,未佩戴安全帽,2026-08-13 18:27:03,后摄像头,是,后摄
3638,未佩戴安全帽,2026-08-13 18:27:08,后摄像头,是,后摄
3639,未佩戴安全帽,2026-08-13 18:27:13,后摄像头,是,后摄
3640,未佩戴安全帽,2026-08-13 18:27:18,后摄像头,是,后摄
3641,未佩戴安全帽,2026-08-13 18:27:24,后摄像头,是,后摄
3642,未佩戴安全帽,2026-08-13 18:27:29,后摄像头,是,后摄
3643,未佩戴安全帽,2026-08-13 18:27:34,后摄像头,是,后摄
3644,未佩戴安全帽,2026-08-13 18:27:40,后摄像头,是,后摄
3645,未佩戴安全帽,2026-08-13 18:27:45,后摄像头,是,后摄
3646,未佩戴安全帽,2026-08-13 18:27:50,后摄像头,是,后摄
3647,未佩戴安全帽,2026-08-13 18:27:56,后摄像头,是,后摄
3648,未佩戴安全帽,2026-08-13 18:28:01,后摄像头,是,后摄
3649,未佩戴安全帽,2026-08-13 18:28:06,后摄像头,是,后摄
3650,未佩戴安全帽,2026-08-13 18:28:11,后摄像头,是,后摄
3651,未佩戴安全帽,2026-08-13 18:28:16,后摄像头,是,后摄
3652,未佩戴安全帽,2026-08-13 18:38:46,后摄像头,是,后摄
3653,未佩戴安全帽,2026-08-14 09:57:35,后摄像头,是,后摄
3654,未佩戴安全帽,2026-08-14 09:57:40,后摄像头,是,后摄
3655,未佩戴安全帽,2026-08-14 09:57:46,后摄像头,是,后摄
3656,未佩戴安全帽,2026-08-14 09:57:51,后摄像头,是,后摄
3657,未佩戴安全帽,2026-08-14 09:57:56,后摄像头,是,后摄
3658,未佩戴安全帽,2026-08-14 09:58:01,后摄像头,是,后摄
3659,未佩戴安全帽,2026-08-14 09:58:06,后摄像头,是,后摄
3660,未佩戴安全帽,2026-08-14 09:58:11,后摄像头,是,后摄
3661,未佩戴安全帽,2026-08-14 09:58:16,后摄像头,是,后摄
3662,未佩戴安全帽,2026-08-14 09:58:21,后摄像头,是,后摄
3663,未佩戴安全帽,2026-08-14 09:58:26,后摄像头,是,后摄
3664,未佩戴安全帽,2026-08-14 09:58:33,后摄像头,是,后摄
3665,未佩戴安全帽,2026-08-14 09:58:38,后摄像头,是,后摄
3666,未佩戴安全帽,2026-08-14 09:58:44,后摄像头,是,后摄
3667,未佩戴安全帽,2026-08-14 09:58:51,后摄像头,是,后摄
3668,未佩戴安全帽,2026-08-14 09:59:01,后摄像头,是,后摄
3669,未佩戴安全帽,2026-08-14 09:59:06,后摄像头,是,后摄
3670,未佩戴安全帽,2026-08-14 09:59:11,后摄像头,是,后摄
3671,未佩戴安全帽,2026-08-14 09:59:16,后摄像头,是,后摄
3672,未佩戴安全帽,2026-08-14 09:59:21,后摄像头,是,后摄
3673,未佩戴安全帽,2026-08-14 09:59:26,后摄像头,是,后摄
3674,未佩戴安全帽,2026-08-14 09:59:31,后摄像头,是,后摄
3675,未佩戴安全帽,2026-08-14 09:59:36,后摄像头,是,后摄
3676,未佩戴安全帽,2026-08-14 09:59:41,后摄像头,是,后摄
3677,未佩戴安全帽,2026-08-14 09:59:48,后摄像头,是,后摄
3678,未佩戴安全帽,2026-08-14 09:59:57,后摄像头,是,后摄
3679,未佩戴安全帽,2026-08-14 10:00:02,后摄像头,是,后摄
3680,未佩戴安全帽,2026-08-14 10:00:54,后摄像头,是,后摄
3681,未佩戴安全帽,2026-08-14 10:01:25,后摄像头,是,后摄
3682,未佩戴安全帽,2026-08-14 10:02:26,后摄像头,是,后摄
3683,未佩戴安全帽,2026-08-14 10:02:44,后摄像头,是,后摄
3684,未佩戴安全帽,2026-08-14 10:02:49,后摄像头,是,后摄
3685,未佩戴安全帽,2026-08-14 10:03:00,后摄像头,是,后摄
3686,未佩戴安全帽,2026-08-14 10:03:05,后摄像头,是,后摄
3687,未佩戴安全帽,2026-08-14 10:04:12,后摄像头,是,后摄
3688,未佩戴安全帽,2026-08-14 10:04:19,后摄像头,是,后摄
3689,未佩戴安全帽,2026-08-14 10:04:24,后摄像头,是,后摄
3690,未佩戴安全帽,2026-08-14 10:04:29,后摄像头,是,后摄
3691,未佩戴安全帽,2026-08-14 10:04:36,后摄像头,是,后摄
3692,未佩戴安全帽,2026-08-14 10:04:41,后摄像头,是,后摄
3693,未佩戴安全帽,2026-08-14 10:04:46,后摄像头,是,后摄
3694,未佩戴安全帽,2026-08-14 10:04:51,后摄像头,是,后摄
3695,未佩戴安全帽,2026-08-14 10:04:56,后摄像头,是,后摄
3696,未佩戴安全帽,2026-08-14 10:05:01,后摄像头,是,后摄
3697,未佩戴安全帽,2026-08-14 10:05:06,后摄像头,是,后摄
3698,未佩戴安全帽,2026-08-14 10:05:11,后摄像头,是,后摄
3699,未佩戴安全帽,2026-08-14 10:05:16,后摄像头,是,后摄
3700,未佩戴安全帽,2026-08-14 10:05:21,后摄像头,是,后摄
3701,未佩戴安全帽,2026-08-14 10:05:26,后摄像头,是,后摄
3702,未佩戴安全帽,2026-08-14 10:05:37,后摄像头,是,后摄
3703,未佩戴安全帽,2026-08-14 10:05:42,后摄像头,是,后摄
3704,未佩戴安全帽,2026-08-14 10:05:47,后摄像头,是,后摄
3705,未佩戴安全帽,2026-08-14 10:05:52,后摄像头,是,后摄
3706,未佩戴安全帽,2026-08-14 10:05:57,后摄像头,是,后摄
3707,未佩戴安全帽,2026-08-14 10:06:02,后摄像头,是,后摄
3708,未佩戴安全帽,2026-08-14 10:06:07,后摄像头,是,后摄
3709,未佩戴安全帽,2026-08-14 10:06:12,后摄像头,是,后摄
3710,未佩戴安全帽,2026-08-14 10:06:17,后摄像头,是,后摄
3711,未佩戴安全帽,2026-08-14 10:06:22,后摄像头,是,后摄
3712,未佩戴安全帽,2026-08-14 10:06:27,后摄像头,是,后摄
3713,未佩戴安全帽,2026-08-14 10:06:32,后摄像头,是,后摄
3714,未佩戴安全帽,2026-08-14 10:06:37,后摄像头,是,后摄
3715,未佩戴安全帽,2026-08-14 10:06:42,后摄像头,是,后摄
3716,未佩戴安全帽,2026-08-14 10:06:47,后摄像头,是,后摄
3717,未佩戴安全帽,2026-08-14 10:06:52,后摄像头,是,后摄
3718,未佩戴安全帽,2026-08-14 10:06:57,后摄像头,是,后摄
3719,未佩戴安全帽,2026-08-14 10:07:05,后摄像头,是,后摄
3720,未佩戴安全帽,2026-08-14 10:07:27,后摄像头,是,后摄
3721,未佩戴安全帽,2026-08-14 10:07:32,后摄像头,是,后摄
3722,未佩戴安全帽,2026-08-14 10:07:37,后摄像头,是,后摄
3723,未佩戴安全帽,2026-08-14 10:07:42,后摄像头,是,后摄
3724,未佩戴安全帽,2026-08-14 10:08:04,后摄像头,是,后摄
3725,未佩戴安全帽,2026-08-14 10:08:29,后摄像头,是,后摄
3726,未佩戴安全帽,2026-08-14 10:08:40,后摄像头,是,后摄
3727,未佩戴安全帽,2026-08-14 10:09:05,后摄像头,是,后摄
3728,未佩戴安全帽,2026-08-14 10:09:13,后摄像头,是,后摄
3729,未佩戴安全帽,2026-08-14 10:09:18,后摄像头,是,后摄
3730,未佩戴安全帽,2026-08-14 10:09:23,后摄像头,是,后摄
3731,未佩戴安全帽,2026-08-14 10:09:28,后摄像头,是,后摄
3732,未佩戴安全帽,2026-08-14 10:09:33,后摄像头,是,后摄
3733,未佩戴安全帽,2026-08-14 10:09:38,后摄像头,是,后摄
3734,未佩戴安全帽,2026-08-14 10:09:43,后摄像头,是,后摄
3735,未佩戴安全帽,2026-08-14 10:09:48,后摄像头,是,后摄
3736,未佩戴安全帽,2026-08-14 10:09:53,后摄像头,是,后摄
3737,未佩戴安全帽,2026-08-14 10:10:02,后摄像头,是,后摄
3738,未佩戴安全帽,2026-08-14 10:11:02,后摄像头,是,后摄
3739,未佩戴安全帽,2026-08-14 10:11:20,后摄像头,是,后摄
3740,未佩戴安全帽,2026-08-14 10:11:25,后摄像头,是,后摄
3741,未佩戴安全帽,2026-08-14 10:11:40,后摄像头,是,后摄
3742,未佩戴安全帽,2026-08-14 10:11:46,后摄像头,是,后摄
3743,未佩戴安全帽,2026-08-14 10:12:04,后摄像头,是,后摄
3744,未佩戴安全帽,2026-08-14 10:12:12,后摄像头,是,后摄
3745,未佩戴安全帽,2026-08-14 10:12:52,后摄像头,是,后摄
3746,未佩戴安全帽,2026-08-14 10:13:10,后摄像头,是,后摄
3747,未佩戴安全帽,2026-08-14 10:13:20,后摄像头,是,后摄
3748,未佩戴安全帽,2026-08-14 10:13:36,后摄像头,是,后摄
3749,未佩戴安全帽,2026-08-14 10:13:41,后摄像头,是,后摄
3750,未佩戴安全帽,2026-08-14 10:13:50,后摄像头,是,后摄
3751,未佩戴安全帽,2026-08-14 10:13:59,后摄像头,是,后摄
3752,未佩戴安全帽,2026-08-14 10:14:19,后摄像头,是,后摄
3753,未佩戴安全帽,2026-08-14 10:14:26,后摄像头,是,后摄
3754,未佩戴安全帽,2026-08-14 10:14:33,后摄像头,是,后摄
3755,未佩戴安全帽,2026-08-14 10:14:48,后摄像头,是,后摄
3756,未佩戴安全帽,2026-08-14 10:14:56,后摄像头,是,后摄
3757,未佩戴安全帽,2026-08-14 10:15:05,后摄像头,是,后摄
3758,未佩戴安全帽,2026-08-14 10:15:10,后摄像头,是,后摄
3759,未佩戴安全帽,2026-08-14 10:15:22,后摄像头,是,后摄
3760,未佩戴安全帽,2026-08-14 10:15:27,后摄像头,是,后摄
3761,未佩戴安全帽,2026-08-14 10:15:32,后摄像头,是,后摄
3762,未佩戴安全帽,2026-08-14 10:15:40,后摄像头,是,后摄
3763,未佩戴安全帽,2026-08-14 10:15:45,后摄像头,是,后摄
3764,未佩戴安全帽,2026-08-14 10:15:50,后摄像头,是,后摄
3765,未佩戴安全帽,2026-08-14 10:15:55,后摄像头,是,后摄
3766,未佩戴安全帽,2026-08-14 10:16:01,后摄像头,是,后摄
3767,未佩戴安全帽,2026-08-14 10:16:06,后摄像头,是,后摄
3768,未佩戴安全帽,2026-08-14 10:16:11,后摄像头,是,后摄
3769,未佩戴安全帽,2026-08-14 10:16:18,后摄像头,是,后摄
3770,未佩戴安全帽,2026-08-14 10:16:25,后摄像头,是,后摄
3771,未佩戴安全帽,2026-08-14 10:16:31,后摄像头,是,后摄
3772,未佩戴安全帽,2026-08-14 10:16:36,后摄像头,是,后摄
3773,未佩戴安全帽,2026-08-14 10:16:42,后摄像头,是,后摄
3774,未佩戴安全帽,2026-08-14 10:16:51,后摄像头,是,后摄
3775,未佩戴安全帽,2026-08-14 10:16:59,后摄像头,是,后摄
3776,未佩戴安全帽,2026-08-14 10:17:05,后摄像头,是,后摄
3777,未佩戴安全帽,2026-08-14 10:17:11,后摄像头,是,后摄
3778,未佩戴安全帽,2026-08-14 10:17:17,后摄像头,是,后摄
3779,未佩戴安全帽,2026-08-14 10:17:22,后摄像头,是,后摄
3780,未佩戴安全帽,2026-08-14 10:17:27,后摄像头,是,后摄
3781,未佩戴安全帽,2026-08-14 10:17:32,后摄像头,是,后摄
3782,未佩戴安全帽,2026-08-14 10:17:37,后摄像头,是,后摄
3783,未佩戴安全帽,2026-08-14 10:17:42,后摄像头,是,后摄
3784,未佩戴安全帽,2026-08-14 10:17:47,后摄像头,是,后摄
3785,未佩戴安全帽,2026-08-14 10:17:53,后摄像头,是,后摄
3786,未佩戴安全帽,2026-08-14 10:17:58,后摄像头,是,后摄
3787,未佩戴安全帽,2026-08-14 10:18:03,后摄像头,是,后摄
3788,未佩戴安全帽,2026-08-14 10:18:08,后摄像头,是,后摄
3789,未佩戴安全帽,2026-08-14 10:18:18,后摄像头,是,后摄
3790,未佩戴安全帽,2026-08-14 10:18:24,后摄像头,是,后摄
3791,未佩戴安全帽,2026-08-14 10:18:32,后摄像头,是,后摄
3792,未佩戴安全帽,2026-08-14 10:18:38,后摄像头,是,后摄
3793,未佩戴安全帽,2026-08-14 10:18:44,后摄像头,是,后摄
3794,未佩戴安全帽,2026-08-14 10:18:49,后摄像头,是,后摄
3795,未佩戴安全帽,2026-08-14 10:18:55,后摄像头,是,后摄
3796,未佩戴安全帽,2026-08-14 10:19:02,后摄像头,是,后摄
3797,未佩戴安全帽,2026-08-14 10:19:07,后摄像头,是,后摄
3798,未佩戴安全帽,2026-08-14 10:19:15,后摄像头,是,后摄
3799,未佩戴安全帽,2026-08-14 10:19:20,后摄像头,是,后摄
3800,未佩戴安全帽,2026-08-14 10:19:26,后摄像头,是,后摄
3801,未佩戴安全帽,2026-08-14 10:19:31,后摄像头,是,后摄
3802,未佩戴安全帽,2026-08-14 10:19:36,后摄像头,是,后摄
3803,未佩戴安全帽,2026-08-14 10:19:41,后摄像头,是,后摄
3804,未佩戴安全帽,2026-08-14 10:19:46,后摄像头,是,后摄
3805,未佩戴安全帽,2026-08-14 10:19:51,后摄像头,是,后摄
3806,未佩戴安全帽,2026-08-14 10:19:56,后摄像头,是,后摄
3807,未佩戴安全帽,2026-08-14 10:20:01,后摄像头,是,后摄
3808,未佩戴安全帽,2026-08-14 10:20:06,后摄像头,是,后摄
3809,未佩戴安全帽,2026-08-14 10:20:11,后摄像头,是,后摄
3810,未佩戴安全帽,2026-08-14 10:20:16,后摄像头,是,后摄
3811,未佩戴安全帽,2026-08-14 10:20:21,后摄像头,是,后摄
3812,未佩戴安全帽,2026-08-14 10:20:26,后摄像头,是,后摄
3813,未佩戴安全帽,2026-08-14 10:20:31,后摄像头,是,后摄
3814,未佩戴安全帽,2026-08-14 10:20:36,后摄像头,是,后摄
3815,未佩戴安全帽,2026-08-14 10:20:41,后摄像头,是,后摄
3816,未佩戴安全帽,2026-08-14 10:20:46,后摄像头,是,后摄
3817,未佩戴安全帽,2026-08-14 10:20:51,后摄像头,是,后摄
3818,未佩戴安全帽,2026-08-14 10:20:56,后摄像头,是,后摄
3819,未佩戴安全帽,2026-08-14 10:21:01,后摄像头,是,后摄
3820,未佩戴安全帽,2026-08-14 10:21:06,后摄像头,是,后摄
3821,未佩戴安全帽,2026-08-14 10:21:12,后摄像头,是,后摄
3822,未佩戴安全帽,2026-08-14 10:22:00,后摄像头,是,后摄
3823,未佩戴安全帽,2026-08-14 10:22:05,后摄像头,是,后摄
3824,未佩戴安全帽,2026-08-14 10:22:10,后摄像头,是,后摄
3825,未佩戴安全帽,2026-08-14 10:22:15,后摄像头,是,后摄
3826,未佩戴安全帽,2026-08-14 10:22:20,后摄像头,是,后摄
3827,未佩戴安全帽,2026-08-14 10:22:25,后摄像头,是,后摄
3828,未佩戴安全帽,2026-08-14 10:22:30,后摄像头,是,后摄
3829,未佩戴安全帽,2026-08-14 10:22:35,后摄像头,是,后摄
3830,未佩戴安全帽,2026-08-14 10:22:40,后摄像头,是,后摄
3831,未佩戴安全帽,2026-08-14 10:22:45,后摄像头,是,后摄
3832,未佩戴安全帽,2026-08-14 10:22:50,后摄像头,是,后摄
3833,未佩戴安全帽,2026-08-14 10:22:55,后摄像头,是,后摄
3834,未佩戴安全帽,2026-08-14 10:23:00,后摄像头,是,后摄
3835,未佩戴安全帽,2026-08-14 10:23:05,后摄像头,是,后摄
3836,未佩戴安全帽,2026-08-14 10:23:11,后摄像头,是,后摄
3837,未佩戴安全帽,2026-08-14 10:30:49,后摄像头,是,后摄
3838,未佩戴安全帽,2026-08-14 10:30:57,后摄像头,是,后摄
3839,未佩戴安全帽,2026-08-14 10:31:07,后摄像头,是,后摄
3840,未佩戴安全帽,2026-08-14 10:31:17,后摄像头,是,后摄
3841,未佩戴安全帽,2026-08-14 10:31:27,后摄像头,是,后摄
3842,未佩戴安全帽,2026-08-14 10:31:37,后摄像头,是,后摄
3843,未佩戴安全帽,2026-08-14 10:31:47,后摄像头,是,后摄
3844,未佩戴安全帽,2026-08-14 10:31:57,后摄像头,是,后摄
3845,未佩戴安全帽,2026-08-14 10:32:07,后摄像头,是,后摄
3846,未佩戴安全帽,2026-08-14 10:34:31,后摄像头,是,后摄
3847,未佩戴安全帽,2026-08-14 10:34:39,后摄像头,是,后摄
3848,未佩戴安全帽,2026-08-14 10:58:27,前摄像头,是,front camera
3848,未佩戴安全帽,2026-08-14 10:58:29,后摄像头,是,后摄
3849,car,2026-08-14 10:58:31,前摄像头,否,front camera
3850,未佩戴安全帽,2026-08-14 10:58:32,前摄像头,是,front camera
3849,未佩戴安全帽,2026-08-14 10:58:37,后摄像头,是,后摄
3851,未佩戴安全帽,2026-08-14 10:58:40,前摄像头,是,front camera
3852,未佩戴安全帽,2026-08-14 11:11:55,前摄像头,是,front camera
3853,未佩戴安全帽,2026-08-14 11:12:00,前摄像头,是,front camera
3854,未佩戴安全帽,2026-08-14 11:12:05,前摄像头,是,front camera
3855,未佩戴安全帽,2026-08-14 11:12:10,前摄像头,是,front camera
3856,未佩戴安全帽,2026-08-14 11:12:15,前摄像头,是,front camera
3857,未佩戴安全帽,2026-08-14 11:12:20,前摄像头,是,front camera
3858,未佩戴安全帽,2026-08-14 11:12:25,前摄像头,是,front camera
3859,未佩戴安全帽,2026-08-14 11:12:30,前摄像头,是,front camera
3860,未佩戴安全帽,2026-08-14 11:12:35,前摄像头,是,front camera
3861,未佩戴安全帽,2026-08-14 11:12:40,前摄像头,是,front camera
3862,car,2026-08-14 11:48:32,前摄像头,否,front camera
3863,cup,2026-08-14 11:48:51,前摄像头,否,front camera
3864,car,2026-08-14 11:49:22,前摄像头,否,front camera
3865,car,2026-08-14 11:49:33,前摄像头,否,front camera
3866,car,2026-08-14 11:49:43,前摄像头,否,front camera
3867,car,2026-08-14 11:49:59,前摄像头,否,front camera
3868,car,2026-08-14 11:50:07,前摄像头,否,front camera
3869,car,2026-08-14 11:50:21,前摄像头,否,front camera
3870,car,2026-08-14 11:50:44,前摄像头,否,front camera
3871,未佩戴安全帽,2026-08-14 11:50:48,前摄像头,是,front camera
3872,未佩戴安全帽,2026-08-14 11:50:54,前摄像头,是,front camera
3873,未佩戴安全帽,2026-08-14 11:50:59,前摄像头,是,front camera
3874,未佩戴安全帽,2026-08-14 11:51:04,前摄像头,是,front camera
3875,未佩戴安全帽,2026-08-14 11:51:10,前摄像头,是,front camera
3876,未佩戴安全帽,2026-08-14 11:51:15,前摄像头,是,front camera
3877,cup,2026-08-14 11:51:20,前摄像头,否,front camera
3878,未佩戴安全帽,2026-08-14 11:51:21,前摄像头,是,front camera
3879,未佩戴安全帽,2026-08-14 11:51:26,前摄像头,是,front camera
3880,未佩戴安全帽,2026-08-14 11:51:31,前摄像头,是,front camera
3881,未佩戴安全帽,2026-08-14 11:51:36,前摄像头,是,front camera
3882,未佩戴安全帽,2026-08-14 11:51:41,前摄像头,是,front camera
3883,未佩戴安全帽,2026-08-14 11:51:46,前摄像头,是,front camera
3884,未佩戴安全帽,2026-08-14 11:51:51,前摄像头,是,front camera
3885,未佩戴安全帽,2026-08-14 11:51:56,前摄像头,是,front camera
3886,未佩戴安全帽,2026-08-14 11:52:01,前摄像头,是,front camera
3887,未佩戴安全帽,2026-08-14 11:52:08,前摄像头,是,front camera
3888,未佩戴安全帽,2026-08-14 11:52:13,前摄像头,是,front camera
3889,未佩戴安全帽,2026-08-14 11:52:18,前摄像头,是,front camera
3890,未佩戴安全帽,2026-08-14 11:52:23,前摄像头,是,front camera
3891,未佩戴安全帽,2026-08-14 11:52:29,前摄像头,是,front camera
3892,未佩戴安全帽,2026-08-14 11:52:34,前摄像头,是,front camera
3893,未佩戴安全帽,2026-08-14 11:52:39,前摄像头,是,front camera
3894,未佩戴安全帽,2026-08-14 11:52:44,前摄像头,是,front camera
3895,未佩戴安全帽,2026-08-14 11:52:49,前摄像头,是,front camera
3896,cup,2026-08-14 11:52:53,前摄像头,否,front camera
3897,未佩戴安全帽,2026-08-14 11:52:55,前摄像头,是,front camera
3898,未佩戴安全帽,2026-08-14 11:53:00,前摄像头,是,front camera
3899,未佩戴安全帽,2026-08-14 11:53:15,前摄像头,是,front camera
3900,cup,2026-08-14 12:37:02,前摄像头,否,front camera
3901,未佩戴安全帽,2026-08-14 14:41:09,前摄像头,是,front camera
3902,未佩戴安全帽,2026-08-14 14:41:14,前摄像头,是,front camera
3903,未佩戴安全帽,2026-08-14 14:41:19,前摄像头,是,front camera
3904,未佩戴安全帽,2026-08-14 14:41:25,前摄像头,是,front camera
3905,未佩戴安全帽,2026-08-14 14:41:30,前摄像头,是,front camera
3906,未佩戴安全帽,2026-08-14 14:41:35,前摄像头,是,front camera
3907,未佩戴安全帽,2026-08-14 14:41:40,前摄像头,是,front camera
3908,未佩戴安全帽,2026-08-14 14:41:45,前摄像头,是,front camera
3909,未佩戴安全帽,2026-08-14 14:41:51,前摄像头,是,front camera
3910,未佩戴安全帽,2026-08-14 14:41:56,前摄像头,是,front camera
3911,未佩戴安全帽,2026-08-14 14:42:01,前摄像头,是,front camera
3912,car,2026-08-14 14:42:03,前摄像头,否,front camera
3913,car,2026-08-14 14:42:05,前摄像头,否,front camera
3914,未佩戴安全帽,2026-08-14 14:42:06,前摄像头,是,front camera
3915,未佩戴安全帽,2026-08-14 14:55:23,前摄像头,是,front camera
3916,未佩戴安全帽,2026-08-14 14:55:28,前摄像头,是,front camera
3917,未佩戴安全帽,2026-08-14 14:55:33,前摄像头,是,front camera
3918,未佩戴安全帽,2026-08-14 14:55:38,前摄像头,是,front camera
3919,person,2026-08-14 15:06:29,前摄像头,否,front camera
3920,person,2026-08-14 15:06:31,前摄像头,否,front camera
3921,person,2026-08-14 15:06:33,前摄像头,否,front camera
3922,person,2026-08-14 15:06:35,前摄像头,否,front camera
3923,person,2026-08-14 15:06:37,前摄像头,否,front camera
3924,person,2026-08-14 15:06:39,前摄像头,否,front camera
3925,person,2026-08-14 15:06:41,前摄像头,否,front camera
3926,person,2026-08-14 15:06:43,前摄像头,否,front camera
3927,person,2026-08-14 15:06:45,前摄像头,否,front camera
3928,person,2026-08-14 15:06:47,前摄像头,否,front camera
3929,person,2026-08-14 15:06:49,前摄像头,否,front camera
3930,person,2026-08-14 15:06:51,前摄像头,否,front camera
3931,person,2026-08-14 15:06:53,前摄像头,否,front camera
3932,person,2026-08-14 15:06:55,前摄像头,否,front camera
3933,person,2026-08-14 15:06:57,前摄像头,否,front camera
3934,person,2026-08-14 15:06:59,前摄像头,否,front camera
3935,person,2026-08-14 15:07:01,前摄像头,否,front camera
3936,person,2026-08-14 15:07:03,前摄像头,否,front camera
3937,person,2026-08-14 15:07:05,前摄像头,否,front camera
3938,person,2026-08-14 15:07:07,前摄像头,否,front camera
3939,person,2026-08-14 15:07:09,前摄像头,否,front camera
3940,person,2026-08-14 15:07:11,前摄像头,否,front camera
3941,person,2026-08-14 15:07:13,前摄像头,否,front camera
3942,person,2026-08-14 15:07:15,前摄像头,否,front camera
3943,person,2026-08-14 15:07:17,前摄像头,否,front camera
3944,person,2026-08-14 15:07:19,前摄像头,否,front camera
3945,person,2026-08-14 15:07:21,前摄像头,否,front camera
3946,person,2026-08-14 15:07:23,前摄像头,否,front camera
3947,person,2026-08-14 15:07:25,前摄像头,否,front camera
3948,person,2026-08-14 15:07:27,前摄像头,否,front camera
3949,person,2026-08-14 15:07:29,前摄像头,否,front camera
3950,person,2026-08-14 15:07:31,前摄像头,否,front camera
3951,person,2026-08-14 15:35:47,前摄像头,否,front camera
3952,person,2026-08-14 15:35:49,前摄像头,否,front camera
3953,person,2026-08-14 15:35:51,前摄像头,否,front camera
3954,person,2026-08-14 15:35:53,前摄像头,否,front camera
3955,person,2026-08-14 15:35:55,前摄像头,否,front camera
3956,person,2026-08-14 15:35:57,前摄像头,否,front camera
3957,person,2026-08-14 15:35:59,前摄像头,否,front camera
3958,person,2026-08-14 15:36:01,前摄像头,否,front camera
3959,person,2026-08-14 15:36:03,前摄像头,否,front camera
3960,person,2026-08-14 15:36:05,前摄像头,否,front camera
3961,person,2026-08-14 15:36:07,前摄像头,否,front camera
3962,person,2026-08-14 15:36:09,前摄像头,否,front camera
3963,person,2026-08-14 15:36:11,前摄像头,否,front camera
3964,person,2026-08-14 15:36:13,前摄像头,否,front camera
3965,person,2026-08-14 15:36:15,前摄像头,否,front camera
3966,person,2026-08-14 15:36:17,前摄像头,否,front camera
3967,person,2026-08-14 15:36:19,前摄像头,否,front camera
3968,person,2026-08-14 15:36:21,前摄像头,否,front camera
3969,person,2026-08-14 15:36:24,前摄像头,否,front camera
3970,person,2026-08-14 15:36:26,前摄像头,否,front camera
3971,person,2026-08-14 15:36:28,前摄像头,否,front camera
3972,person,2026-08-14 15:36:30,前摄像头,否,front camera
3973,person,2026-08-14 15:36:32,前摄像头,否,front camera
3974,person,2026-08-14 15:36:34,前摄像头,否,front camera
3975,person,2026-08-14 15:36:36,前摄像头,否,front camera
3976,person,2026-08-14 15:36:38,前摄像头,否,front camera
3977,person,2026-08-14 15:36:40,前摄像头,否,front camera
3978,person,2026-08-14 15:36:42,前摄像头,否,front camera
3979,person,2026-08-14 15:36:44,前摄像头,否,front camera
3980,person,2026-08-14 15:36:46,前摄像头,否,front camera
3981,person,2026-08-14 15:36:48,前摄像头,否,front camera
3982,person,2026-08-14 15:36:50,前摄像头,否,front camera
3983,person,2026-08-14 15:36:52,前摄像头,否,front camera
3984,person,2026-08-14 15:36:54,前摄像头,否,front camera
3985,person,2026-08-14 15:36:56,前摄像头,否,front camera
3986,person,2026-08-14 15:36:58,前摄像头,否,front camera
3987,person,2026-08-14 15:37:00,前摄像头,否,front camera
3988,person,2026-08-14 15:37:02,前摄像头,否,front camera
3989,person,2026-08-14 15:37:04,前摄像头,否,front camera
3990,person,2026-08-14 15:37:06,前摄像头,否,front camera
3991,person,2026-08-14 15:37:08,前摄像头,否,front camera
3992,person,2026-08-14 15:37:10,前摄像头,否,front camera
3993,person,2026-08-14 15:37:12,前摄像头,否,front camera
3994,person,2026-08-14 15:37:14,前摄像头,否,front camera
3995,person,2026-08-14 15:37:16,前摄像头,否,front camera
3996,"person,cup",2026-08-14 15:37:18,前摄像头,否,front camera
3997,person,2026-08-14 15:37:20,前摄像头,否,front camera
3998,person,2026-08-14 15:37:22,前摄像头,否,front camera
3999,person,2026-08-14 15:37:24,前摄像头,否,front camera
4000,person,2026-08-14 15:37:26,前摄像头,否,front camera
4001,person,2026-08-14 15:37:28,前摄像头,否,front camera
4002,person,2026-08-14 15:37:30,前摄像头,否,front camera
4003,person,2026-08-14 15:37:33,前摄像头,否,front camera
4004,person,2026-08-14 15:37:35,前摄像头,否,front camera
4005,person,2026-08-14 15:37:37,前摄像头,否,front camera
4006,person,2026-08-14 15:37:39,前摄像头,否,front camera
4007,person,2026-08-14 15:37:41,前摄像头,否,front camera
4008,person,2026-08-14 15:37:43,前摄像头,否,front camera
4009,person,2026-08-14 15:37:45,前摄像头,否,front camera
4010,person,2026-08-14 15:37:47,前摄像头,否,front camera
4011,person,2026-08-14 15:37:49,前摄像头,否,front camera
4012,person,2026-08-14 15:37:51,前摄像头,否,front camera
4013,person,2026-08-14 15:37:53,前摄像头,否,front camera
4014,person,2026-08-14 15:37:55,前摄像头,否,front camera
4015,person,2026-08-14 15:37:57,前摄像头,否,front camera
4016,person,2026-08-14 15:38:02,前摄像头,否,front camera
4017,person,2026-08-14 15:38:06,前摄像头,否,front camera
4018,person,2026-08-14 15:38:08,前摄像头,否,front camera
4019,person,2026-08-14 15:38:10,前摄像头,否,front camera
4020,person,2026-08-14 15:38:12,前摄像头,否,front camera
4021,person,2026-08-14 15:38:14,前摄像头,否,front camera
4022,person,2026-08-14 15:38:16,前摄像头,否,front camera
4023,person,2026-08-14 15:38:18,前摄像头,否,front camera
4024,person,2026-08-14 15:38:20,前摄像头,否,front camera
4025,person,2026-08-14 15:38:22,前摄像头,否,front camera
4026,person,2026-08-14 15:38:24,前摄像头,否,front camera
4027,person,2026-08-14 15:38:26,前摄像头,否,front camera
4028,person,2026-08-14 15:38:28,前摄像头,否,front camera
4029,person,2026-08-14 15:38:30,前摄像头,否,front camera
4030,person,2026-08-14 15:38:33,前摄像头,否,front camera
4031,person,2026-08-14 15:38:35,前摄像头,否,front camera
4032,person,2026-08-14 15:38:37,前摄像头,否,front camera
4033,person,2026-08-14 15:38:39,前摄像头,否,front camera
4034,person,2026-08-14 15:38:41,前摄像头,否,front camera
4035,person,2026-08-14 15:38:43,前摄像头,否,front camera
4036,person,2026-08-14 15:38:45,前摄像头,否,front camera
4037,person,2026-08-14 15:38:47,前摄像头,否,front camera
4038,person,2026-08-14 15:38:49,前摄像头,否,front camera
4039,person,2026-08-14 15:38:51,前摄像头,否,front camera
4040,person,2026-08-14 15:38:53,前摄像头,否,front camera
4041,person,2026-08-14 15:38:55,前摄像头,否,front camera
4042,person,2026-08-14 15:38:57,前摄像头,否,front camera
4043,person,2026-08-14 15:38:59,前摄像头,否,front camera
4044,person,2026-08-14 15:39:01,前摄像头,否,front camera
4045,person,2026-08-14 15:39:03,前摄像头,否,front camera
4046,person,2026-08-14 15:39:05,前摄像头,否,front camera
4047,person,2026-08-14 15:39:07,前摄像头,否,front camera
4048,person,2026-08-14 15:39:09,前摄像头,否,front camera
4049,person,2026-08-14 15:39:12,前摄像头,否,front camera
4050,person,2026-08-14 15:39:14,前摄像头,否,front camera
4051,person,2026-08-14 15:39:16,前摄像头,否,front camera
4052,person,2026-08-14 15:39:18,前摄像头,否,front camera
4053,person,2026-08-14 15:39:20,前摄像头,否,front camera
4054,person,2026-08-14 15:39:22,前摄像头,否,front camera
4055,person,2026-08-14 15:39:24,前摄像头,否,front camera
4056,person,2026-08-14 15:39:26,前摄像头,否,front camera
4057,person,2026-08-14 15:39:28,前摄像头,否,front camera
4058,person,2026-08-14 15:39:30,前摄像头,否,front camera
4059,person,2026-08-14 15:39:32,前摄像头,否,front camera
4060,person,2026-08-14 15:39:34,前摄像头,否,front camera
4061,person,2026-08-14 15:39:36,前摄像头,否,front camera
4062,person,2026-08-14 15:39:38,前摄像头,否,front camera
4063,person,2026-08-14 15:39:40,前摄像头,否,front camera
4064,person,2026-08-14 15:39:42,前摄像头,否,front camera
4065,person,2026-08-14 15:39:44,前摄像头,否,front camera
4066,person,2026-08-14 15:39:46,前摄像头,否,front camera
4067,person,2026-08-14 15:39:48,前摄像头,否,front camera
4068,person,2026-08-14 15:39:50,前摄像头,否,front camera
4069,person,2026-08-14 15:39:52,前摄像头,否,front camera
4070,person,2026-08-14 15:39:54,前摄像头,否,front camera
4071,person,2026-08-14 15:39:56,前摄像头,否,front camera
4072,person,2026-08-14 15:39:58,前摄像头,否,front camera
4073,person,2026-08-14 15:40:00,前摄像头,否,front camera
4074,person,2026-08-14 15:40:02,前摄像头,否,front camera
4075,person,2026-08-14 15:40:04,前摄像头,否,front camera
4076,person,2026-08-14 15:40:06,前摄像头,否,front camera
4077,person,2026-08-14 15:40:08,前摄像头,否,front camera
4078,person,2026-08-14 15:40:10,前摄像头,否,front camera
4079,person,2026-08-14 15:40:12,前摄像头,否,front camera
4080,person,2026-08-14 15:40:14,前摄像头,否,front camera
4081,person,2026-08-14 15:40:16,前摄像头,否,front camera
4082,person,2026-08-14 15:40:18,前摄像头,否,front camera
4083,person,2026-08-14 15:40:20,前摄像头,否,front camera
4084,person,2026-08-14 15:40:22,前摄像头,否,front camera
4085,person,2026-08-14 15:40:24,前摄像头,否,front camera
4086,person,2026-08-14 15:40:26,前摄像头,否,front camera
4087,person,2026-08-14 15:40:28,前摄像头,否,front camera
4088,person,2026-08-14 15:40:30,前摄像头,否,front camera
4089,person,2026-08-14 15:40:32,前摄像头,否,front camera
4090,person,2026-08-14 15:40:34,前摄像头,否,front camera
4091,person,2026-08-14 15:40:36,前摄像头,否,front camera
4092,person,2026-08-14 15:40:38,前摄像头,否,front camera
4093,person,2026-08-14 15:40:40,前摄像头,否,front camera
4094,person,2026-08-14 15:40:42,前摄像头,否,front camera
4095,person,2026-08-14 15:40:44,前摄像头,否,front camera
4096,person,2026-08-14 15:40:46,前摄像头,否,front camera
4097,person,2026-08-14 15:40:48,前摄像头,否,front camera
4098,person,2026-08-14 15:40:50,前摄像头,否,front camera
4099,person,2026-08-14 15:40:52,前摄像头,否,front camera
4100,person,2026-08-14 15:40:54,前摄像头,否,front camera
4101,person,2026-08-14 15:40:56,前摄像头,否,front camera
4102,person,2026-08-14 15:40:58,前摄像头,否,front camera
4103,person,2026-08-14 15:41:00,前摄像头,否,front camera
4104,person,2026-08-14 15:41:02,前摄像头,否,front camera
4105,person,2026-08-14 15:41:04,前摄像头,否,front camera
4106,person,2026-08-14 15:41:06,前摄像头,否,front camera
4107,person,2026-08-14 15:41:08,前摄像头,否,front camera
4108,person,2026-08-14 15:41:10,前摄像头,否,front camera
4109,person,2026-08-14 15:41:12,前摄像头,否,front camera
4110,person,2026-08-14 15:41:14,前摄像头,否,front camera
4111,person,2026-08-14 15:41:16,前摄像头,否,front camera
4112,person,2026-08-14 15:41:18,前摄像头,否,front camera
4113,person,2026-08-14 15:41:20,前摄像头,否,front camera
4114,person,2026-08-14 15:41:22,前摄像头,否,front camera
4115,person,2026-08-14 15:41:24,前摄像头,否,front camera
4116,person,2026-08-14 15:41:26,前摄像头,否,front camera
4117,person,2026-08-14 15:41:28,前摄像头,否,front camera
4118,person,2026-08-14 15:41:30,前摄像头,否,front camera
4119,person,2026-08-14 15:41:32,前摄像头,否,front camera
4120,person,2026-08-14 15:41:34,前摄像头,否,front camera
4121,person,2026-08-14 15:41:36,前摄像头,否,front camera
4122,person,2026-08-14 15:41:38,前摄像头,否,front camera
4123,person,2026-08-14 15:41:40,前摄像头,否,front camera
4124,person,2026-08-14 15:41:42,前摄像头,否,front camera
4125,person,2026-08-14 15:41:44,前摄像头,否,front camera
4126,person,2026-08-14 15:41:46,前摄像头,否,front camera
4127,person,2026-08-14 15:41:48,前摄像头,否,front camera
4128,person,2026-08-14 15:41:50,前摄像头,否,front camera
4129,person,2026-08-14 15:41:52,前摄像头,否,front camera
4130,person,2026-08-14 15:41:54,前摄像头,否,front camera
4131,person,2026-08-14 15:41:56,前摄像头,否,front camera
4132,person,2026-08-14 15:41:58,前摄像头,否,front camera
4133,person,2026-08-14 15:42:00,前摄像头,否,front camera
4134,person,2026-08-14 15:42:02,前摄像头,否,front camera
4135,person,2026-08-14 15:42:04,前摄像头,否,front camera
4136,person,2026-08-14 15:42:06,前摄像头,否,front camera
4137,person,2026-08-14 15:42:08,前摄像头,否,front camera
4138,person,2026-08-14 15:42:10,前摄像头,否,front camera
4139,person,2026-08-14 15:42:12,前摄像头,否,front camera
4140,person,2026-08-14 15:42:14,前摄像头,否,front camera
4141,person,2026-08-14 15:42:16,前摄像头,否,front camera
4142,person,2026-08-14 15:42:18,前摄像头,否,front camera
4143,person,2026-08-14 15:42:20,前摄像头,否,front camera
4144,person,2026-08-14 15:42:22,前摄像头,否,front camera
4145,person,2026-08-14 15:42:24,前摄像头,否,front camera
4146,person,2026-08-14 15:42:26,前摄像头,否,front camera
4147,person,2026-08-14 15:42:28,前摄像头,否,front camera
4148,person,2026-08-14 15:42:30,前摄像头,否,front camera
4149,person,2026-08-14 15:42:32,前摄像头,否,front camera
4150,person,2026-08-14 15:42:34,前摄像头,否,front camera
4151,person,2026-08-14 15:42:36,前摄像头,否,front camera
4152,person,2026-08-14 15:42:38,前摄像头,否,front camera
4153,person,2026-08-14 15:42:40,前摄像头,否,front camera
4154,person,2026-08-14 15:42:42,前摄像头,否,front camera
4155,person,2026-08-14 15:42:44,前摄像头,否,front camera
4156,person,2026-08-14 15:42:46,前摄像头,否,front camera
4157,person,2026-08-14 15:42:48,前摄像头,否,front camera
4158,person,2026-08-14 15:42:50,前摄像头,否,front camera
4159,person,2026-08-14 15:42:52,前摄像头,否,front camera
4160,person,2026-08-14 15:42:54,前摄像头,否,front camera
4161,person,2026-08-14 15:42:56,前摄像头,否,front camera
4162,person,2026-08-14 15:42:58,前摄像头,否,front camera
4163,person,2026-08-14 15:43:00,前摄像头,否,front camera
4164,person,2026-08-14 15:43:02,前摄像头,否,front camera
4165,person,2026-08-14 15:43:04,前摄像头,否,front camera
4166,person,2026-08-14 15:43:06,前摄像头,否,front camera
4167,person,2026-08-14 15:43:08,前摄像头,否,front camera
4168,person,2026-08-14 15:43:10,前摄像头,否,front camera
4169,person,2026-08-14 15:43:12,前摄像头,否,front camera
4170,person,2026-08-14 15:43:14,前摄像头,否,front camera
4171,person,2026-08-14 15:43:16,前摄像头,否,front camera
4172,person,2026-08-14 15:43:18,前摄像头,否,front camera
4173,person,2026-08-14 15:43:20,前摄像头,否,front camera
4174,person,2026-08-14 15:43:22,前摄像头,否,front camera
4175,person,2026-08-14 15:43:24,前摄像头,否,front camera
4176,person,2026-08-14 15:43:26,前摄像头,否,front camera
4177,person,2026-08-14 15:43:28,前摄像头,否,front camera
4178,person,2026-08-14 15:43:30,前摄像头,否,front camera
4179,person,2026-08-14 15:43:32,前摄像头,否,front camera
4180,person,2026-08-14 15:43:34,前摄像头,否,front camera
4181,person,2026-08-14 15:43:36,前摄像头,否,front camera
4182,person,2026-08-14 15:43:38,前摄像头,否,front camera
4183,person,2026-08-14 15:43:40,前摄像头,否,front camera
4184,person,2026-08-14 15:43:42,前摄像头,否,front camera
4185,person,2026-08-14 15:43:44,前摄像头,否,front camera
4186,person,2026-08-14 15:43:46,前摄像头,否,front camera
4187,person,2026-08-14 15:43:48,前摄像头,否,front camera
4188,person,2026-08-14 15:43:50,前摄像头,否,front camera
4189,person,2026-08-14 15:43:52,前摄像头,否,front camera
4190,person,2026-08-14 15:43:54,前摄像头,否,front camera
4191,person,2026-08-14 15:43:56,前摄像头,否,front camera
4192,person,2026-08-14 15:43:58,前摄像头,否,front camera
4193,person,2026-08-14 15:44:00,前摄像头,否,front camera
4194,person,2026-08-14 15:44:02,前摄像头,否,front camera
4195,person,2026-08-14 15:44:04,前摄像头,否,front camera
4196,person,2026-08-14 15:44:06,前摄像头,否,front camera
4197,person,2026-08-14 15:44:08,前摄像头,否,front camera
4198,person,2026-08-14 15:44:10,前摄像头,否,front camera
4199,person,2026-08-14 15:44:12,前摄像头,否,front camera
4200,person,2026-08-14 15:44:14,前摄像头,否,front camera
4201,person,2026-08-14 15:44:16,前摄像头,否,front camera
4202,person,2026-08-14 15:44:18,前摄像头,否,front camera
4203,person,2026-08-14 15:44:20,前摄像头,否,front camera
4204,person,2026-08-14 15:44:22,前摄像头,否,front camera
4205,person,2026-08-14 15:44:24,前摄像头,否,front camera
4206,person,2026-08-14 15:44:26,前摄像头,否,front camera
4207,person,2026-08-14 15:44:28,前摄像头,否,front camera
4208,person,2026-08-14 15:44:30,前摄像头,否,front camera
4209,person,2026-08-14 15:44:32,前摄像头,否,front camera
4210,person,2026-08-14 15:44:34,前摄像头,否,front camera
4211,person,2026-08-14 15:44:36,前摄像头,否,front camera
4212,person,2026-08-14 15:44:39,前摄像头,否,front camera
4213,person,2026-08-14 15:44:41,前摄像头,否,front camera
4214,person,2026-08-14 15:44:43,前摄像头,否,front camera
4215,person,2026-08-14 15:44:45,前摄像头,否,front camera
4216,person,2026-08-14 15:44:47,前摄像头,否,front camera
4217,person,2026-08-14 15:44:49,前摄像头,否,front camera
4218,person,2026-08-14 15:44:51,前摄像头,否,front camera
4219,person,2026-08-14 15:44:53,前摄像头,否,front camera
4220,person,2026-08-14 15:44:55,前摄像头,否,front camera
4221,person,2026-08-14 15:44:57,前摄像头,否,front camera
4222,person,2026-08-14 15:44:59,前摄像头,否,front camera
4223,person,2026-08-14 15:45:01,前摄像头,否,front camera
4224,person,2026-08-14 15:45:03,前摄像头,否,front camera
4225,person,2026-08-14 15:45:05,前摄像头,否,front camera
4226,person,2026-08-14 15:45:07,前摄像头,否,front camera
4227,person,2026-08-14 15:45:09,前摄像头,否,front camera
4228,person,2026-08-14 15:45:11,前摄像头,否,front camera
4229,person,2026-08-14 15:45:13,前摄像头,否,front camera
4230,person,2026-08-14 15:45:15,前摄像头,否,front camera
4231,person,2026-08-14 15:45:17,前摄像头,否,front camera
4232,person,2026-08-14 15:45:19,前摄像头,否,front camera
4233,person,2026-08-14 15:45:21,前摄像头,否,front camera
4234,person,2026-08-14 15:45:23,前摄像头,否,front camera
4235,person,2026-08-14 15:45:25,前摄像头,否,front camera
4236,person,2026-08-14 15:45:27,前摄像头,否,front camera
4237,person,2026-08-14 15:45:29,前摄像头,否,front camera
4238,person,2026-08-14 15:45:31,前摄像头,否,front camera
4239,person,2026-08-14 15:45:33,前摄像头,否,front camera
4240,person,2026-08-14 15:45:35,前摄像头,否,front camera
4241,person,2026-08-14 15:45:37,前摄像头,否,front camera
4242,person,2026-08-14 15:45:39,前摄像头,否,front camera
4243,person,2026-08-14 15:45:41,前摄像头,否,front camera
4244,person,2026-08-14 15:45:43,前摄像头,否,front camera
4245,person,2026-08-14 15:45:45,前摄像头,否,front camera
4246,person,2026-08-14 15:45:47,前摄像头,否,front camera
4247,person,2026-08-14 15:45:49,前摄像头,否,front camera
4248,person,2026-08-14 15:45:51,前摄像头,否,front camera
4249,person,2026-08-14 15:45:53,前摄像头,否,front camera
4250,person,2026-08-14 15:45:55,前摄像头,否,front camera
4251,person,2026-08-14 15:45:57,前摄像头,否,front camera
4252,person,2026-08-14 15:45:59,前摄像头,否,front camera
4253,person,2026-08-14 15:46:01,前摄像头,否,front camera
4254,person,2026-08-14 15:46:03,前摄像头,否,front camera
4255,person,2026-08-14 15:46:05,前摄像头,否,front camera
4256,person,2026-08-14 15:46:07,前摄像头,否,front camera
4257,person,2026-08-14 15:46:09,前摄像头,否,front camera
4258,person,2026-08-14 15:46:11,前摄像头,否,front camera
4259,person,2026-08-14 15:46:13,前摄像头,否,front camera
4260,person,2026-08-14 15:46:15,前摄像头,否,front camera
4261,person,2026-08-14 15:46:17,前摄像头,否,front camera
4262,person,2026-08-14 15:46:19,前摄像头,否,front camera
4263,person,2026-08-14 15:46:21,前摄像头,否,front camera
4264,person,2026-08-14 15:46:23,前摄像头,否,front camera
4265,person,2026-08-14 15:46:25,前摄像头,否,front camera
4266,person,2026-08-14 15:46:27,前摄像头,否,front camera
4267,person,2026-08-14 15:46:29,前摄像头,否,front camera
4268,person,2026-08-14 15:46:31,前摄像头,否,front camera
4269,person,2026-08-14 15:46:33,前摄像头,否,front camera
4270,person,2026-08-14 15:46:35,前摄像头,否,front camera
4271,person,2026-08-14 15:46:37,前摄像头,否,front camera
4272,person,2026-08-14 15:46:39,前摄像头,否,front camera
4273,person,2026-08-14 15:46:41,前摄像头,否,front camera
4274,person,2026-08-14 15:46:44,前摄像头,否,front camera
4275,person,2026-08-14 15:46:46,前摄像头,否,front camera
4276,person,2026-08-14 15:46:48,前摄像头,否,front camera
4277,person,2026-08-14 15:46:50,前摄像头,否,front camera
4278,person,2026-08-14 15:46:52,前摄像头,否,front camera
4279,person,2026-08-14 15:46:54,前摄像头,否,front camera
4280,person,2026-08-14 15:46:56,前摄像头,否,front camera
4281,person,2026-08-14 15:46:58,前摄像头,否,front camera
4282,person,2026-08-14 15:47:00,前摄像头,否,front camera
4283,person,2026-08-14 15:47:02,前摄像头,否,front camera
4284,person,2026-08-14 15:47:04,前摄像头,否,front camera
4285,person,2026-08-14 15:47:06,前摄像头,否,front camera
4286,person,2026-08-14 15:47:08,前摄像头,否,front camera
4287,person,2026-08-14 15:47:10,前摄像头,否,front camera
4288,person,2026-08-14 15:47:12,前摄像头,否,front camera
4289,person,2026-08-14 15:47:14,前摄像头,否,front camera
4290,person,2026-08-14 15:47:16,前摄像头,否,front camera
4291,person,2026-08-14 15:47:18,前摄像头,否,front camera
4292,person,2026-08-14 15:47:20,前摄像头,否,front camera
4293,person,2026-08-14 15:47:22,前摄像头,否,front camera
4294,person,2026-08-14 15:47:24,前摄像头,否,front camera
4295,person,2026-08-14 15:47:26,前摄像头,否,front camera
4296,person,2026-08-14 15:47:28,前摄像头,否,front camera
4297,person,2026-08-14 15:47:30,前摄像头,否,front camera
4298,person,2026-08-14 15:47:32,前摄像头,否,front camera
4299,person,2026-08-14 15:47:34,前摄像头,否,front camera
4300,person,2026-08-14 15:47:36,前摄像头,否,front camera
4301,person,2026-08-14 15:47:38,前摄像头,否,front camera
4302,person,2026-08-14 15:47:40,前摄像头,否,front camera
4303,person,2026-08-14 15:47:42,前摄像头,否,front camera
4304,person,2026-08-14 15:47:44,前摄像头,否,front camera
4305,person,2026-08-14 15:47:46,前摄像头,否,front camera
4306,person,2026-08-14 15:47:48,前摄像头,否,front camera
4307,person,2026-08-14 15:47:50,前摄像头,否,front camera
4308,person,2026-08-14 15:47:52,前摄像头,否,front camera
4309,person,2026-08-14 15:47:54,前摄像头,否,front camera
4310,person,2026-08-14 15:47:56,前摄像头,否,front camera
4311,person,2026-08-14 15:47:58,前摄像头,否,front camera
4312,person,2026-08-14 15:48:00,前摄像头,否,front camera
4313,person,2026-08-14 15:48:02,前摄像头,否,front camera
4314,person,2026-08-14 15:48:04,前摄像头,否,front camera
4315,person,2026-08-14 15:48:06,前摄像头,否,front camera
4316,person,2026-08-14 15:48:08,前摄像头,否,front camera
4317,person,2026-08-14 15:48:10,前摄像头,否,front camera
4318,person,2026-08-14 15:48:12,前摄像头,否,front camera
4319,person,2026-08-14 15:48:14,前摄像头,否,front camera
4320,person,2026-08-14 15:48:16,前摄像头,否,front camera
4321,person,2026-08-14 15:48:18,前摄像头,否,front camera
4322,person,2026-08-14 15:48:20,前摄像头,否,front camera
4323,person,2026-08-14 15:48:22,前摄像头,否,front camera
4324,person,2026-08-14 15:48:24,前摄像头,否,front camera
4325,person,2026-08-14 15:48:26,前摄像头,否,front camera
4326,person,2026-08-14 15:48:28,前摄像头,否,front camera
4327,person,2026-08-14 15:48:30,前摄像头,否,front camera
4328,person,2026-08-14 15:48:32,前摄像头,否,front camera
4329,person,2026-08-14 15:48:34,前摄像头,否,front camera
4330,person,2026-08-14 15:48:36,前摄像头,否,front camera
4331,person,2026-08-14 15:48:38,前摄像头,否,front camera
4332,person,2026-08-14 15:48:40,前摄像头,否,front camera
4333,person,2026-08-14 15:48:42,前摄像头,否,front camera
4334,person,2026-08-14 15:48:45,前摄像头,否,front camera
4335,person,2026-08-14 15:48:47,前摄像头,否,front camera
4336,person,2026-08-14 15:48:49,前摄像头,否,front camera
4337,person,2026-08-14 15:48:51,前摄像头,否,front camera
4338,person,2026-08-14 15:48:53,前摄像头,否,front camera
4339,person,2026-08-14 15:48:55,前摄像头,否,front camera
4340,person,2026-08-14 15:48:57,前摄像头,否,front camera
4341,person,2026-08-14 15:48:59,前摄像头,否,front camera
4342,person,2026-08-14 15:49:01,前摄像头,否,front camera
4343,person,2026-08-14 15:49:03,前摄像头,否,front camera
4344,person,2026-08-14 15:49:05,前摄像头,否,front camera
4345,person,2026-08-14 15:49:07,前摄像头,否,front camera
4346,person,2026-08-14 15:49:09,前摄像头,否,front camera
4347,person,2026-08-14 15:49:11,前摄像头,否,front camera
4348,person,2026-08-14 15:49:13,前摄像头,否,front camera
4349,person,2026-08-14 15:49:15,前摄像头,否,front camera
4350,person,2026-08-14 15:49:17,前摄像头,否,front camera
4351,person,2026-08-14 15:49:19,前摄像头,否,front camera
4352,person,2026-08-14 15:49:21,前摄像头,否,front camera
4353,person,2026-08-14 15:49:23,前摄像头,否,front camera
4354,person,2026-08-14 15:49:25,前摄像头,否,front camera
4355,person,2026-08-14 15:49:27,前摄像头,否,front camera
4356,person,2026-08-14 15:49:29,前摄像头,否,front camera
4357,person,2026-08-14 15:49:31,前摄像头,否,front camera
4358,person,2026-08-14 15:49:33,前摄像头,否,front camera
4359,person,2026-08-14 15:49:35,前摄像头,否,front camera
4360,person,2026-08-14 15:49:37,前摄像头,否,front camera
4361,person,2026-08-14 15:49:39,前摄像头,否,front camera
4362,person,2026-08-14 15:49:41,前摄像头,否,front camera
4363,person,2026-08-14 15:49:43,前摄像头,否,front camera
4364,person,2026-08-14 15:49:45,前摄像头,否,front camera
4365,person,2026-08-14 15:49:47,前摄像头,否,front camera
4366,person,2026-08-14 15:49:49,前摄像头,否,front camera
4367,person,2026-08-14 15:49:51,前摄像头,否,front camera
4368,person,2026-08-14 15:49:53,前摄像头,否,front camera
4369,person,2026-08-14 15:49:55,前摄像头,否,front camera
4370,person,2026-08-14 15:49:57,前摄像头,否,front camera
4371,person,2026-08-14 15:49:59,前摄像头,否,front camera
4372,person,2026-08-14 15:50:01,前摄像头,否,front camera
4373,person,2026-08-14 15:50:03,前摄像头,否,front camera
4374,person,2026-08-14 15:50:05,前摄像头,否,front camera
4375,person,2026-08-14 15:50:07,前摄像头,否,front camera
4376,person,2026-08-14 15:50:09,前摄像头,否,front camera
4377,person,2026-08-14 15:50:11,前摄像头,否,front camera
4378,person,2026-08-14 15:50:13,前摄像头,否,front camera
4379,person,2026-08-14 15:50:15,前摄像头,否,front camera
4380,person,2026-08-14 15:50:17,前摄像头,否,front camera
4381,person,2026-08-14 15:50:19,前摄像头,否,front camera
4382,person,2026-08-14 15:50:21,前摄像头,否,front camera
4383,person,2026-08-14 15:50:23,前摄像头,否,front camera
4384,person,2026-08-14 15:50:25,前摄像头,否,front camera
4385,person,2026-08-14 15:50:27,前摄像头,否,front camera
4386,person,2026-08-14 15:50:29,前摄像头,否,front camera
4387,person,2026-08-14 15:50:31,前摄像头,否,front camera
4388,person,2026-08-14 15:50:33,前摄像头,否,front camera
4389,person,2026-08-14 15:50:35,前摄像头,否,front camera
4390,person,2026-08-14 15:50:37,前摄像头,否,front camera
4391,person,2026-08-14 15:50:39,前摄像头,否,front camera
4392,person,2026-08-14 15:50:41,前摄像头,否,front camera
4393,person,2026-08-14 15:50:43,前摄像头,否,front camera
4394,person,2026-08-14 15:50:45,前摄像头,否,front camera
4395,person,2026-08-14 15:50:47,前摄像头,否,front camera
4396,person,2026-08-14 15:50:49,前摄像头,否,front camera
4397,person,2026-08-14 15:50:51,前摄像头,否,front camera
4398,person,2026-08-14 15:50:53,前摄像头,否,front camera
4399,person,2026-08-14 15:50:55,前摄像头,否,front camera
4400,person,2026-08-14 15:50:57,前摄像头,否,front camera
4401,person,2026-08-14 15:50:59,前摄像头,否,front camera
4402,person,2026-08-14 15:51:01,前摄像头,否,front camera
4403,person,2026-08-14 15:51:04,前摄像头,否,front camera
4404,person,2026-08-14 15:51:06,前摄像头,否,front camera
4405,person,2026-08-14 15:51:08,前摄像头,否,front camera
4406,person,2026-08-14 15:51:10,前摄像头,否,front camera
4407,person,2026-08-14 15:51:12,前摄像头,否,front camera
4408,person,2026-08-14 15:51:14,前摄像头,否,front camera
4409,person,2026-08-14 15:51:16,前摄像头,否,front camera
4410,person,2026-08-14 15:51:18,前摄像头,否,front camera
4411,person,2026-08-14 15:51:20,前摄像头,否,front camera
4412,person,2026-08-14 15:51:22,前摄像头,否,front camera
4413,person,2026-08-14 15:51:24,前摄像头,否,front camera
4414,person,2026-08-14 15:51:26,前摄像头,否,front camera
4415,person,2026-08-14 15:51:28,前摄像头,否,front camera
4416,person,2026-08-14 15:51:30,前摄像头,否,front camera
4417,person,2026-08-14 15:51:32,前摄像头,否,front camera
4418,person,2026-08-14 15:51:34,前摄像头,否,front camera
4419,person,2026-08-14 15:51:36,前摄像头,否,front camera
4420,person,2026-08-14 15:51:38,前摄像头,否,front camera
4421,person,2026-08-14 15:51:40,前摄像头,否,front camera
4422,person,2026-08-14 15:51:42,前摄像头,否,front camera
4423,person,2026-08-14 15:51:44,前摄像头,否,front camera
4424,person,2026-08-14 15:51:46,前摄像头,否,front camera
4425,person,2026-08-14 15:51:48,前摄像头,否,front camera
4426,person,2026-08-14 15:51:50,前摄像头,否,front camera
4427,person,2026-08-14 15:51:52,前摄像头,否,front camera
4428,person,2026-08-14 15:51:54,前摄像头,否,front camera
4429,person,2026-08-14 15:51:56,前摄像头,否,front camera
4430,person,2026-08-14 15:51:58,前摄像头,否,front camera
4431,person,2026-08-14 15:52:00,前摄像头,否,front camera
4432,person,2026-08-14 15:52:02,前摄像头,否,front camera
4433,person,2026-08-14 15:52:04,前摄像头,否,front camera
4434,person,2026-08-14 15:52:06,前摄像头,否,front camera
4435,person,2026-08-14 15:52:08,前摄像头,否,front camera
4436,person,2026-08-14 15:52:10,前摄像头,否,front camera
4437,person,2026-08-14 15:52:12,前摄像头,否,front camera
4438,person,2026-08-14 15:52:14,前摄像头,否,front camera
4439,person,2026-08-14 15:52:16,前摄像头,否,front camera
4440,person,2026-08-14 15:52:18,前摄像头,否,front camera
4441,person,2026-08-14 15:52:20,前摄像头,否,front camera
4442,person,2026-08-14 15:52:22,前摄像头,否,front camera
4443,person,2026-08-14 15:52:24,前摄像头,否,front camera
4444,person,2026-08-14 15:52:26,前摄像头,否,front camera
4445,person,2026-08-14 15:52:28,前摄像头,否,front camera
4446,person,2026-08-14 15:52:30,前摄像头,否,front camera
4447,person,2026-08-14 15:52:32,前摄像头,否,front camera
4448,person,2026-08-14 15:52:34,前摄像头,否,front camera
4449,person,2026-08-14 15:52:36,前摄像头,否,front camera
4450,person,2026-08-14 15:52:38,前摄像头,否,front camera
4451,person,2026-08-14 15:52:40,前摄像头,否,front camera
4452,person,2026-08-14 15:52:42,前摄像头,否,front camera
4453,person,2026-08-14 15:52:44,前摄像头,否,front camera
4454,person,2026-08-14 15:52:46,前摄像头,否,front camera
4455,person,2026-08-14 15:52:48,前摄像头,否,front camera
4456,person,2026-08-14 15:52:50,前摄像头,否,front camera
4457,person,2026-08-14 15:52:52,前摄像头,否,front camera
4458,person,2026-08-14 15:52:54,前摄像头,否,front camera
4459,person,2026-08-14 15:52:56,前摄像头,否,front camera
4460,person,2026-08-14 15:52:58,前摄像头,否,front camera
4461,person,2026-08-14 15:53:00,前摄像头,否,front camera
4462,person,2026-08-14 15:53:02,前摄像头,否,front camera
4463,person,2026-08-14 15:53:05,前摄像头,否,front camera
4464,person,2026-08-14 15:53:06,前摄像头,否,front camera
4465,person,2026-08-14 15:53:08,前摄像头,否,front camera
4466,person,2026-08-14 15:53:10,前摄像头,否,front camera
4467,person,2026-08-14 15:53:12,前摄像头,否,front camera
4468,person,2026-08-14 15:53:14,前摄像头,否,front camera
4469,person,2026-08-14 15:53:16,前摄像头,否,front camera
4470,person,2026-08-14 15:53:18,前摄像头,否,front camera
4471,person,2026-08-14 15:53:20,前摄像头,否,front camera
4472,person,2026-08-14 15:53:22,前摄像头,否,front camera
4473,person,2026-08-14 15:53:24,前摄像头,否,front camera
4474,person,2026-08-14 15:53:26,前摄像头,否,front camera
4475,person,2026-08-14 15:53:28,前摄像头,否,front camera
4476,person,2026-08-14 15:53:30,前摄像头,否,front camera
4477,person,2026-08-14 15:53:32,前摄像头,否,front camera
4478,person,2026-08-14 15:53:34,前摄像头,否,front camera
4479,person,2026-08-14 15:53:36,前摄像头,否,front camera
4480,person,2026-08-14 15:53:38,前摄像头,否,front camera
4481,person,2026-08-14 15:53:40,前摄像头,否,front camera
4482,person,2026-08-14 15:53:42,前摄像头,否,front camera
4483,person,2026-08-14 15:53:44,前摄像头,否,front camera
4484,person,2026-08-14 15:53:46,前摄像头,否,front camera
4485,person,2026-08-14 15:53:48,前摄像头,否,front camera
4486,person,2026-08-14 15:53:50,前摄像头,否,front camera
4487,person,2026-08-14 15:53:52,前摄像头,否,front camera
4488,person,2026-08-14 15:53:54,前摄像头,否,front camera
4489,person,2026-08-14 15:53:56,前摄像头,否,front camera
4490,person,2026-08-14 15:53:58,前摄像头,否,front camera
4491,person,2026-08-14 15:54:00,前摄像头,否,front camera
4492,person,2026-08-14 15:54:02,前摄像头,否,front camera
4493,person,2026-08-14 15:54:04,前摄像头,否,front camera
4494,person,2026-08-14 15:54:06,前摄像头,否,front camera
4495,person,2026-08-14 15:54:08,前摄像头,否,front camera
4496,person,2026-08-14 15:54:10,前摄像头,否,front camera
4497,person,2026-08-14 15:54:13,前摄像头,否,front camera
4498,person,2026-08-14 15:54:15,前摄像头,否,front camera
4499,person,2026-08-14 15:54:18,前摄像头,否,front camera
4500,person,2026-08-14 15:54:20,前摄像头,否,front camera
4501,person,2026-08-14 15:54:22,前摄像头,否,front camera
4502,person,2026-08-14 15:54:24,前摄像头,否,front camera
4503,person,2026-08-14 15:54:26,前摄像头,否,front camera
4504,person,2026-08-14 15:54:28,前摄像头,否,front camera
4505,person,2026-08-14 15:54:30,前摄像头,否,front camera
4506,person,2026-08-14 15:54:32,前摄像头,否,front camera
4507,person,2026-08-14 15:54:34,前摄像头,否,front camera
4508,"car,person",2026-08-14 15:54:36,前摄像头,否,front camera
4509,person,2026-08-14 15:54:38,前摄像头,否,front camera
4510,person,2026-08-14 15:54:40,前摄像头,否,front camera
4511,person,2026-08-14 15:54:42,前摄像头,否,front camera
4512,person,2026-08-14 15:54:44,前摄像头,否,front camera
4513,person,2026-08-14 15:54:46,前摄像头,否,front camera
4514,person,2026-08-14 15:54:48,前摄像头,否,front camera
4515,person,2026-08-14 15:54:50,前摄像头,否,front camera
4516,person,2026-08-14 15:54:52,前摄像头,否,front camera
4517,person,2026-08-14 15:54:54,前摄像头,否,front camera
4518,person,2026-08-14 15:54:56,前摄像头,否,front camera
4519,person,2026-08-14 15:54:58,前摄像头,否,front camera
4520,person,2026-08-14 15:55:00,前摄像头,否,front camera
4521,person,2026-08-14 15:55:02,前摄像头,否,front camera
4522,person,2026-08-14 15:55:04,前摄像头,否,front camera
4523,person,2026-08-14 15:55:06,前摄像头,否,front camera
4524,person,2026-08-14 15:55:08,前摄像头,否,front camera
4525,person,2026-08-14 15:55:10,前摄像头,否,front camera
4526,person,2026-08-14 15:55:12,前摄像头,否,front camera
4527,person,2026-08-14 15:55:14,前摄像头,否,front camera
4528,person,2026-08-14 15:55:16,前摄像头,否,front camera
4529,person,2026-08-14 15:55:18,前摄像头,否,front camera
4530,person,2026-08-14 15:55:20,前摄像头,否,front camera
4531,person,2026-08-14 15:55:22,前摄像头,否,front camera
4532,person,2026-08-14 15:55:24,前摄像头,否,front camera
4533,person,2026-08-14 15:55:26,前摄像头,否,front camera
4534,person,2026-08-14 15:55:28,前摄像头,否,front camera
4535,person,2026-08-14 15:55:30,前摄像头,否,front camera
4536,person,2026-08-14 15:55:32,前摄像头,否,front camera
4537,person,2026-08-14 15:55:34,前摄像头,否,front camera
4538,person,2026-08-14 15:55:36,前摄像头,否,front camera
4539,person,2026-08-14 15:55:38,前摄像头,否,front camera
4540,person,2026-08-14 15:55:40,前摄像头,否,front camera
4541,person,2026-08-14 15:55:42,前摄像头,否,front camera
4542,person,2026-08-14 15:55:44,前摄像头,否,front camera
4543,person,2026-08-14 15:55:46,前摄像头,否,front camera
4544,person,2026-08-14 15:55:48,前摄像头,否,front camera
4545,person,2026-08-14 15:55:50,前摄像头,否,front camera
4546,person,2026-08-14 15:55:52,前摄像头,否,front camera
4547,person,2026-08-14 15:55:54,前摄像头,否,front camera
4548,person,2026-08-14 15:55:57,前摄像头,否,front camera
4549,person,2026-08-14 15:55:59,前摄像头,否,front camera
4550,person,2026-08-14 15:56:01,前摄像头,否,front camera
4551,person,2026-08-14 15:56:03,前摄像头,否,front camera
4552,person,2026-08-14 15:56:05,前摄像头,否,front camera
4553,person,2026-08-14 15:56:07,前摄像头,否,front camera
4554,person,2026-08-14 15:56:09,前摄像头,否,front camera
4555,person,2026-08-14 15:56:11,前摄像头,否,front camera
4556,person,2026-08-14 15:56:13,前摄像头,否,front camera
4557,person,2026-08-14 15:56:15,前摄像头,否,front camera
4558,person,2026-08-14 15:56:17,前摄像头,否,front camera
4559,person,2026-08-14 15:56:19,前摄像头,否,front camera
4560,person,2026-08-14 15:56:21,前摄像头,否,front camera
4561,person,2026-08-14 15:56:23,前摄像头,否,front camera
4562,person,2026-08-14 15:56:25,前摄像头,否,front camera
4563,person,2026-08-14 15:56:27,前摄像头,否,front camera
4564,person,2026-08-14 15:56:29,前摄像头,否,front camera
4565,person,2026-08-14 15:56:31,前摄像头,否,front camera
4566,person,2026-08-14 15:56:33,前摄像头,否,front camera
4567,person,2026-08-14 15:56:35,前摄像头,否,front camera
4568,car,2026-08-14 15:56:37,前摄像头,否,front camera
4569,person,2026-08-14 15:56:40,前摄像头,否,front camera
4570,person,2026-08-14 15:56:42,前摄像头,否,front camera
4571,person,2026-08-14 15:56:44,前摄像头,否,front camera
4572,person,2026-08-14 15:56:46,前摄像头,否,front camera
4573,person,2026-08-14 15:56:48,前摄像头,否,front camera
4574,person,2026-08-14 15:56:50,前摄像头,否,front camera
4575,person,2026-08-14 15:56:52,前摄像头,否,front camera
4576,person,2026-08-14 15:56:54,前摄像头,否,front camera
4577,person,2026-08-14 15:56:56,前摄像头,否,front camera
4578,person,2026-08-14 15:56:58,前摄像头,否,front camera
4579,person,2026-08-14 15:57:00,前摄像头,否,front camera
4580,person,2026-08-14 15:57:02,前摄像头,否,front camera
4581,person,2026-08-14 15:57:04,前摄像头,否,front camera
4582,person,2026-08-14 15:57:31,前摄像头,否,front camera
4583,person,2026-08-14 15:57:39,前摄像头,否,front camera
4584,person,2026-08-14 15:58:13,前摄像头,否,front camera
4585,person,2026-08-14 15:58:35,前摄像头,否,front camera
4586,person,2026-08-14 15:58:37,前摄像头,否,front camera
4587,person,2026-08-14 15:58:39,前摄像头,否,front camera
4588,person,2026-08-14 15:58:43,前摄像头,否,front camera
4589,person,2026-08-14 15:58:47,前摄像头,否,front camera
4590,person,2026-08-14 15:58:49,前摄像头,否,front camera
4591,person,2026-08-14 15:58:51,前摄像头,否,front camera
4592,car,2026-08-14 15:59:05,前摄像头,否,front camera
4593,car,2026-08-14 15:59:07,前摄像头,否,front camera
4594,car,2026-08-14 15:59:09,前摄像头,否,front camera
4595,car,2026-08-14 15:59:11,前摄像头,否,front camera
4596,car,2026-08-14 15:59:13,前摄像头,否,front camera
4597,car,2026-08-14 15:59:15,前摄像头,否,front camera
4598,car,2026-08-14 15:59:17,前摄像头,否,front camera
4599,car,2026-08-14 15:59:19,前摄像头,否,front camera
4600,car,2026-08-14 15:59:21,前摄像头,否,front camera
4601,car,2026-08-14 15:59:23,前摄像头,否,front camera
4602,car,2026-08-14 15:59:25,前摄像头,否,front camera
4603,car,2026-08-14 15:59:27,前摄像头,否,front camera
4604,car,2026-08-14 15:59:29,前摄像头,否,front camera
4605,person,2026-08-14 15:59:31,前摄像头,否,front camera
4606,person,2026-08-14 15:59:33,前摄像头,否,front camera
4607,person,2026-08-14 15:59:35,前摄像头,否,front camera
4608,person,2026-08-14 15:59:40,前摄像头,否,front camera
4609,person,2026-08-14 15:59:42,前摄像头,否,front camera
4610,person,2026-08-14 15:59:45,前摄像头,否,front camera
4611,person,2026-08-14 15:59:49,前摄像头,否,front camera
4612,person,2026-08-14 16:00:42,前摄像头,否,front camera
4613,person,2026-08-14 16:01:00,前摄像头,否,front camera
4614,person,2026-08-14 16:01:32,前摄像头,否,front camera
4615,person,2026-08-14 16:01:48,前摄像头,否,front camera
4616,person,2026-08-14 16:01:50,前摄像头,否,front camera
4617,person,2026-08-14 16:01:52,前摄像头,否,front camera
4618,person,2026-08-14 16:01:54,前摄像头,否,front camera
4619,person,2026-08-14 16:03:24,前摄像头,否,front camera
4620,person,2026-08-14 16:03:44,前摄像头,否,front camera
4621,person,2026-08-14 16:04:19,前摄像头,否,front camera
4622,person,2026-08-14 16:04:21,前摄像头,否,front camera
4623,person,2026-08-14 16:04:23,前摄像头,否,front camera
4624,person,2026-08-14 16:04:25,前摄像头,否,front camera
4625,person,2026-08-14 16:04:27,前摄像头,否,front camera
4626,person,2026-08-14 16:04:29,前摄像头,否,front camera
4627,person,2026-08-14 16:04:31,前摄像头,否,front camera
4628,person,2026-08-14 16:04:34,前摄像头,否,front camera
4629,person,2026-08-14 16:04:37,前摄像头,否,front camera
4630,person,2026-08-14 16:10:14,前摄像头,否,front camera
4631,person,2026-08-14 16:10:16,前摄像头,否,front camera
4632,person,2026-08-14 16:10:18,前摄像头,否,front camera
4633,person,2026-08-14 16:10:20,前摄像头,否,front camera
4634,person,2026-08-14 16:10:26,前摄像头,否,front camera
4635,person,2026-08-14 16:10:45,前摄像头,否,front camera
4636,person,2026-08-14 16:10:53,前摄像头,否,front camera
4637,person,2026-08-14 16:10:55,前摄像头,否,front camera
4638,person,2026-08-14 16:10:57,前摄像头,否,front camera
4639,person,2026-08-14 16:11:12,前摄像头,否,front camera
4640,person,2026-08-14 16:11:26,前摄像头,否,front camera
4641,person,2026-08-14 16:11:58,前摄像头,否,front camera
4642,person,2026-08-14 16:12:10,前摄像头,否,front camera
4643,person,2026-08-14 16:12:21,前摄像头,否,front camera
4644,person,2026-08-14 16:12:31,前摄像头,否,front camera
4645,person,2026-08-14 16:12:49,前摄像头,否,front camera
4646,person,2026-08-14 16:13:23,前摄像头,否,front camera
4647,person,2026-08-14 16:13:28,前摄像头,否,front camera
4648,person,2026-08-14 16:13:36,前摄像头,否,front camera
4649,person,2026-08-14 16:13:39,前摄像头,否,front camera
4650,person,2026-08-14 16:14:03,前摄像头,否,front camera
4651,person,2026-08-14 16:14:12,前摄像头,否,front camera
4652,person,2026-08-14 16:14:16,前摄像头,否,front camera
4653,person,2026-08-14 16:14:36,前摄像头,否,front camera
4654,person,2026-08-14 16:14:43,前摄像头,否,front camera
4655,person,2026-08-14 16:15:51,前摄像头,否,front camera
4656,person,2026-08-14 16:16:00,前摄像头,否,front camera
4657,person,2026-08-14 16:16:09,前摄像头,否,front camera
4658,person,2026-08-14 16:16:11,前摄像头,否,front camera
4659,person,2026-08-14 16:16:13,前摄像头,否,front camera
4660,person,2026-08-14 16:16:27,前摄像头,否,front camera
4661,person,2026-08-14 16:16:29,前摄像头,否,front camera
4662,person,2026-08-14 16:16:31,前摄像头,否,front camera
4663,person,2026-08-14 16:16:34,前摄像头,否,front camera
4664,person,2026-08-14 16:16:36,前摄像头,否,front camera
4665,person,2026-08-14 16:16:49,前摄像头,否,front camera
4666,person,2026-08-14 16:16:52,前摄像头,否,front camera
4667,person,2026-08-14 16:16:56,前摄像头,否,front camera
4668,cup,2026-08-14 16:17:07,前摄像头,否,front camera
4669,person,2026-08-14 16:17:09,前摄像头,否,front camera
4670,person,2026-08-14 16:17:13,前摄像头,否,front camera
4671,person,2026-08-14 16:17:17,前摄像头,否,front camera
4672,person,2026-08-14 16:17:19,前摄像头,否,front camera
4673,person,2026-08-14 16:17:23,前摄像头,否,front camera
4674,person,2026-08-14 16:17:25,前摄像头,否,front camera
4675,person,2026-08-14 16:17:27,前摄像头,否,front camera
4676,person,2026-08-14 16:17:29,前摄像头,否,front camera
4677,person,2026-08-14 16:17:31,前摄像头,否,front camera
4678,person,2026-08-14 16:17:33,前摄像头,否,front camera
4679,person,2026-08-14 16:17:36,前摄像头,否,front camera
4680,person,2026-08-14 16:17:38,前摄像头,否,front camera
4681,person,2026-08-14 16:17:40,前摄像头,否,front camera
4682,person,2026-08-14 16:17:42,前摄像头,否,front camera
4683,person,2026-08-14 16:17:48,前摄像头,否,front camera
4684,person,2026-08-14 16:17:59,前摄像头,否,front camera
4685,person,2026-08-14 16:18:01,前摄像头,否,front camera
4686,person,2026-08-14 16:18:03,前摄像头,否,front camera
4687,person,2026-08-14 16:18:05,前摄像头,否,front camera
4688,person,2026-08-14 16:18:07,前摄像头,否,front camera
4689,person,2026-08-14 16:18:09,前摄像头,否,front camera
4690,person,2026-08-14 16:18:12,前摄像头,否,front camera
4691,person,2026-08-14 16:18:15,前摄像头,否,front camera
4692,person,2026-08-14 16:21:02,前摄像头,否,front camera
4693,person,2026-08-14 16:21:10,前摄像头,否,front camera
4694,person,2026-08-14 16:21:16,前摄像头,否,front camera
4695,person,2026-08-14 16:21:23,前摄像头,否,front camera
4696,person,2026-08-14 16:21:26,前摄像头,否,front camera
4697,person,2026-08-14 16:21:28,前摄像头,否,front camera
4698,person,2026-08-14 16:21:30,前摄像头,否,front camera
4699,person,2026-08-14 16:21:32,前摄像头,否,front camera
4700,person,2026-08-14 16:21:34,前摄像头,否,front camera
4701,person,2026-08-14 16:21:36,前摄像头,否,front camera
4702,person,2026-08-14 16:21:38,前摄像头,否,front camera
4703,person,2026-08-14 16:21:40,前摄像头,否,front camera
4704,person,2026-08-14 16:21:42,前摄像头,否,front camera
4705,person,2026-08-14 16:21:44,前摄像头,否,front camera
4706,person,2026-08-14 16:21:46,前摄像头,否,front camera
4707,person,2026-08-14 16:21:49,前摄像头,否,front camera
4708,person,2026-08-14 16:21:51,前摄像头,否,front camera
4709,person,2026-08-14 16:21:53,前摄像头,否,front camera
4710,person,2026-08-14 16:21:55,前摄像头,否,front camera
4711,person,2026-08-14 16:21:57,前摄像头,否,front camera
4712,person,2026-08-14 16:21:59,前摄像头,否,front camera
4713,person,2026-08-14 16:22:02,前摄像头,否,front camera
4714,person,2026-08-14 16:22:04,前摄像头,否,front camera
4715,person,2026-08-14 16:22:17,前摄像头,否,front camera
4716,person,2026-08-14 16:22:18,前摄像头,否,front camera
4717,person,2026-08-14 16:22:21,前摄像头,否,front camera
4718,person,2026-08-14 16:22:23,前摄像头,否,front camera
4719,person,2026-08-14 16:22:25,前摄像头,否,front camera
4720,person,2026-08-14 16:22:30,前摄像头,否,front camera
4721,person,2026-08-14 16:22:32,前摄像头,否,front camera
4722,person,2026-08-14 16:22:35,前摄像头,否,front camera
4723,car,2026-08-14 16:22:40,前摄像头,否,front camera
4724,person,2026-08-14 16:22:43,前摄像头,否,front camera
4725,person,2026-08-14 16:22:45,前摄像头,否,front camera
4726,person,2026-08-14 16:22:47,前摄像头,否,front camera
4727,person,2026-08-14 16:22:53,前摄像头,否,front camera
4728,person,2026-08-14 16:22:58,前摄像头,否,front camera
4729,person,2026-08-14 16:23:00,前摄像头,否,front camera
4730,car,2026-08-14 16:23:02,前摄像头,否,front camera
4731,"car,person",2026-08-14 16:23:04,前摄像头,否,front camera
4732,car,2026-08-14 16:23:06,前摄像头,否,front camera
4733,car,2026-08-14 16:23:08,前摄像头,否,front camera
4734,car,2026-08-14 16:23:10,前摄像头,否,front camera
4735,car,2026-08-14 16:23:12,前摄像头,否,front camera
4736,person,2026-08-14 16:23:15,前摄像头,否,front camera
4737,car,2026-08-14 16:23:18,前摄像头,否,front camera
4738,person,2026-08-14 16:23:20,前摄像头,否,front camera
4739,car,2026-08-14 16:23:22,前摄像头,否,front camera
4740,car,2026-08-14 16:23:24,前摄像头,否,front camera
4741,car,2026-08-14 16:23:26,前摄像头,否,front camera
4742,car,2026-08-14 16:23:28,前摄像头,否,front camera
4743,car,2026-08-14 16:23:30,前摄像头,否,front camera
4744,car,2026-08-14 16:23:32,前摄像头,否,front camera
4745,car,2026-08-14 16:23:34,前摄像头,否,front camera
4746,car,2026-08-14 16:23:37,前摄像头,否,front camera
4747,car,2026-08-14 16:23:39,前摄像头,否,front camera
4748,car,2026-08-14 16:23:41,前摄像头,否,front camera
4749,car,2026-08-14 16:23:43,前摄像头,否,front camera
4750,car,2026-08-14 16:23:45,前摄像头,否,front camera
4751,car,2026-08-14 16:23:47,前摄像头,否,front camera
4752,"person,car",2026-08-14 16:23:49,前摄像头,否,front camera
4753,"person,car",2026-08-14 16:23:51,前摄像头,否,front camera
4754,"person,car",2026-08-14 16:23:53,前摄像头,否,front camera
4755,person,2026-08-14 16:23:55,前摄像头,否,front camera
4756,person,2026-08-14 16:23:57,前摄像头,否,front camera
4757,car,2026-08-14 16:24:19,前摄像头,否,front camera
4758,person,2026-08-14 16:24:21,前摄像头,否,front camera
4759,person,2026-08-14 16:24:33,前摄像头,否,front camera
4760,person,2026-08-14 16:24:37,前摄像头,否,front camera
4761,person,2026-08-14 16:24:39,前摄像头,否,front camera
4762,person,2026-08-14 16:24:42,前摄像头,否,front camera
4763,person,2026-08-14 16:24:44,前摄像头,否,front camera
4764,person,2026-08-14 16:24:47,前摄像头,否,front camera
4765,person,2026-08-14 16:24:49,前摄像头,否,front camera
4766,person,2026-08-14 16:24:51,前摄像头,否,front camera
4767,person,2026-08-14 16:24:53,前摄像头,否,front camera
4768,person,2026-08-14 16:24:56,前摄像头,否,front camera
4769,person,2026-08-14 16:24:58,前摄像头,否,front camera
4770,person,2026-08-14 16:25:00,前摄像头,否,front camera
4771,person,2026-08-14 16:25:02,前摄像头,否,front camera
4772,person,2026-08-14 16:25:04,前摄像头,否,front camera
4773,person,2026-08-14 16:25:07,前摄像头,否,front camera
4774,person,2026-08-14 16:25:09,前摄像头,否,front camera
4775,person,2026-08-14 16:25:12,前摄像头,否,front camera
4776,person,2026-08-14 16:25:15,前摄像头,否,front camera
4777,person,2026-08-14 16:25:17,前摄像头,否,front camera
4778,person,2026-08-14 16:25:19,前摄像头,否,front camera
4779,person,2026-08-14 16:25:21,前摄像头,否,front camera
4780,person,2026-08-14 16:25:23,前摄像头,否,front camera
4781,person,2026-08-14 16:25:25,前摄像头,否,front camera
4782,person,2026-08-14 16:25:28,前摄像头,否,front camera
4783,person,2026-08-14 16:25:30,前摄像头,否,front camera
4784,person,2026-08-14 16:25:32,前摄像头,否,front camera
4785,person,2026-08-14 16:25:34,前摄像头,否,front camera
4786,person,2026-08-14 16:25:37,前摄像头,否,front camera
4787,person,2026-08-14 16:25:40,前摄像头,否,front camera
4788,person,2026-08-14 16:25:42,前摄像头,否,front camera
4789,person,2026-08-14 16:25:44,前摄像头,否,front camera
4790,person,2026-08-14 16:25:46,前摄像头,否,front camera
4791,person,2026-08-14 16:25:48,前摄像头,否,front camera
4792,person,2026-08-14 16:25:50,前摄像头,否,front camera
4793,person,2026-08-14 16:25:53,前摄像头,否,front camera
4794,person,2026-08-14 16:25:55,前摄像头,否,front camera
4795,person,2026-08-14 16:25:58,前摄像头,否,front camera
4796,car,2026-08-14 16:26:04,前摄像头,否,front camera
4797,person,2026-08-14 16:26:07,前摄像头,否,front camera
4798,car,2026-08-14 16:26:09,前摄像头,否,front camera
4799,person,2026-08-14 16:26:11,前摄像头,否,front camera
4800,car,2026-08-14 16:26:14,前摄像头,否,front camera
4801,dog,2026-08-14 16:26:16,前摄像头,否,front camera
4802,person,2026-08-14 16:26:18,前摄像头,否,front camera
4803,person,2026-08-14 16:26:22,前摄像头,否,front camera
4804,dog,2026-08-14 16:26:26,前摄像头,否,front camera
4805,person,2026-08-14 16:26:29,前摄像头,否,front camera
4806,person,2026-08-14 16:26:32,前摄像头,否,front camera
4807,person,2026-08-14 16:26:36,前摄像头,否,front camera
4808,"person,car",2026-08-14 16:26:38,前摄像头,否,front camera
4809,person,2026-08-14 16:26:40,前摄像头,否,front camera
4810,person,2026-08-14 16:26:42,前摄像头,否,front camera
4811,person,2026-08-14 16:26:44,前摄像头,否,front camera
4812,person,2026-08-14 16:27:06,前摄像头,否,front camera
4813,person,2026-08-14 16:27:09,前摄像头,否,front camera
4814,person,2026-08-14 16:27:16,前摄像头,否,front camera
4815,person,2026-08-14 16:27:20,前摄像头,否,front camera
4816,person,2026-08-14 16:27:25,前摄像头,否,front camera
4817,person,2026-08-14 16:27:27,前摄像头,否,front camera
4818,person,2026-08-14 16:27:29,前摄像头,否,front camera
4819,person,2026-08-14 16:27:31,前摄像头,否,front camera
4820,person,2026-08-14 16:27:33,前摄像头,否,front camera
4821,person,2026-08-14 16:27:35,前摄像头,否,front camera
4822,person,2026-08-14 16:27:37,前摄像头,否,front camera
4823,person,2026-08-14 16:27:39,前摄像头,否,front camera
4824,person,2026-08-14 16:27:41,前摄像头,否,front camera
4825,person,2026-08-14 16:27:43,前摄像头,否,front camera
4826,person,2026-08-14 16:27:45,前摄像头,否,front camera
4827,person,2026-08-14 16:27:47,前摄像头,否,front camera
4828,person,2026-08-14 16:27:49,前摄像头,否,front camera
4829,person,2026-08-14 16:27:51,前摄像头,否,front camera
4830,person,2026-08-14 16:27:53,前摄像头,否,front camera
4831,person,2026-08-14 16:27:55,前摄像头,否,front camera
4832,person,2026-08-14 16:27:57,前摄像头,否,front camera
4833,person,2026-08-14 16:27:59,前摄像头,否,front camera
4834,person,2026-08-14 16:28:01,前摄像头,否,front camera
4835,person,2026-08-14 16:28:03,前摄像头,否,front camera
4836,person,2026-08-14 16:28:05,前摄像头,否,front camera
4837,person,2026-08-14 16:28:07,前摄像头,否,front camera
4838,person,2026-08-14 16:28:09,前摄像头,否,front camera
4839,person,2026-08-14 16:28:11,前摄像头,否,front camera
4840,person,2026-08-14 16:28:13,前摄像头,否,front camera
4841,person,2026-08-14 16:28:15,前摄像头,否,front camera
4842,person,2026-08-14 16:28:17,前摄像头,否,front camera
4843,person,2026-08-14 16:28:19,前摄像头,否,front camera
4844,person,2026-08-14 16:28:21,前摄像头,否,front camera
4845,person,2026-08-14 16:28:23,前摄像头,否,front camera
4846,person,2026-08-14 16:28:25,前摄像头,否,front camera
4847,person,2026-08-14 16:28:27,前摄像头,否,front camera
4848,person,2026-08-14 16:28:29,前摄像头,否,front camera
4849,person,2026-08-14 16:28:31,前摄像头,否,front camera
4850,person,2026-08-14 16:28:33,前摄像头,否,front camera
4851,person,2026-08-14 16:28:35,前摄像头,否,front camera
4852,person,2026-08-14 16:28:37,前摄像头,否,front camera
4853,person,2026-08-14 16:28:39,前摄像头,否,front camera
4854,person,2026-08-14 16:28:41,前摄像头,否,front camera
4855,person,2026-08-14 16:28:43,前摄像头,否,front camera
4856,person,2026-08-14 16:28:45,前摄像头,否,front camera
4857,person,2026-08-14 16:28:47,前摄像头,否,front camera
4858,person,2026-08-14 16:28:49,前摄像头,否,front camera
4859,person,2026-08-14 16:28:51,前摄像头,否,front camera
4860,person,2026-08-14 16:28:54,前摄像头,否,front camera
4861,person,2026-08-14 16:28:56,前摄像头,否,front camera
4862,person,2026-08-14 16:28:58,前摄像头,否,front camera
4863,person,2026-08-14 16:29:00,前摄像头,否,front camera
4864,person,2026-08-14 16:29:02,前摄像头,否,front camera
4865,person,2026-08-14 16:29:05,前摄像头,否,front camera
4866,car,2026-08-14 16:29:11,前摄像头,否,front camera
4867,person,2026-08-14 16:29:15,前摄像头,否,front camera
4868,person,2026-08-14 16:29:17,前摄像头,否,front camera
4869,person,2026-08-14 16:29:19,前摄像头,否,front camera
4870,person,2026-08-14 16:29:22,前摄像头,否,front camera
4871,person,2026-08-14 16:29:24,前摄像头,否,front camera
4872,person,2026-08-14 16:29:27,前摄像头,否,front camera
4873,person,2026-08-14 16:29:29,前摄像头,否,front camera
4874,person,2026-08-14 16:29:33,前摄像头,否,front camera
4875,person,2026-08-14 16:29:38,前摄像头,否,front camera
4876,person,2026-08-14 16:29:41,前摄像头,否,front camera
4877,car,2026-08-14 16:29:48,前摄像头,否,front camera
4878,car,2026-08-14 16:29:51,前摄像头,否,front camera
4879,car,2026-08-14 16:29:53,前摄像头,否,front camera
4880,person,2026-08-14 16:30:08,前摄像头,否,front camera
4881,person,2026-08-14 16:30:16,前摄像头,否,front camera
4882,person,2026-08-14 16:30:29,前摄像头,否,front camera
4883,person,2026-08-14 16:30:35,前摄像头,否,front camera
4884,person,2026-08-14 16:30:39,前摄像头,否,front camera
4885,person,2026-08-14 16:30:46,前摄像头,否,front camera
4886,person,2026-08-14 16:30:48,前摄像头,否,front camera
4887,person,2026-08-14 16:30:51,前摄像头,否,front camera
4888,person,2026-08-14 16:30:55,前摄像头,否,front camera
4889,person,2026-08-14 16:30:57,前摄像头,否,front camera
4890,car,2026-08-14 16:31:07,前摄像头,否,front camera
4891,person,2026-08-14 16:31:10,前摄像头,否,front camera
4892,person,2026-08-14 16:31:12,前摄像头,否,front camera
4893,person,2026-08-14 16:31:15,前摄像头,否,front camera
4894,person,2026-08-14 16:31:24,前摄像头,否,front camera
4895,car,2026-08-14 16:31:26,前摄像头,否,front camera
4896,car,2026-08-14 16:31:28,前摄像头,否,front camera
4897,"car,person",2026-08-14 16:31:30,前摄像头,否,front camera
4898,car,2026-08-14 16:31:32,前摄像头,否,front camera
4899,car,2026-08-14 16:31:34,前摄像头,否,front camera
4900,car,2026-08-14 16:31:36,前摄像头,否,front camera
4901,car,2026-08-14 16:31:38,前摄像头,否,front camera
4902,person,2026-08-14 16:31:42,前摄像头,否,front camera
4903,car,2026-08-14 16:31:44,前摄像头,否,front camera
4904,car,2026-08-14 16:31:46,前摄像头,否,front camera
4905,car,2026-08-14 16:31:48,前摄像头,否,front camera
4906,car,2026-08-14 16:31:52,前摄像头,否,front camera
4907,car,2026-08-14 16:31:54,前摄像头,否,front camera
4908,car,2026-08-14 16:31:56,前摄像头,否,front camera
4909,car,2026-08-14 16:31:58,前摄像头,否,front camera
4910,car,2026-08-14 16:32:00,前摄像头,否,front camera
4911,car,2026-08-14 16:32:02,前摄像头,否,front camera
4912,car,2026-08-14 16:32:04,前摄像头,否,front camera
4913,car,2026-08-14 16:32:06,前摄像头,否,front camera
4914,car,2026-08-14 16:32:09,前摄像头,否,front camera
4915,car,2026-08-14 16:32:11,前摄像头,否,front camera
4916,car,2026-08-14 16:32:13,前摄像头,否,front camera
4917,car,2026-08-14 16:32:15,前摄像头,否,front camera
4918,car,2026-08-14 16:32:17,前摄像头,否,front camera
4919,car,2026-08-14 16:32:19,前摄像头,否,front camera
4920,person,2026-08-14 16:32:38,前摄像头,否,front camera
4921,person,2026-08-14 16:32:41,前摄像头,否,front camera
4922,car,2026-08-14 16:32:49,前摄像头,否,front camera
4923,car,2026-08-14 16:32:52,前摄像头,否,front camera
4924,car,2026-08-14 16:32:54,前摄像头,否,front camera
4925,car,2026-08-14 16:32:56,前摄像头,否,front camera
4926,car,2026-08-14 16:32:58,前摄像头,否,front camera
4927,car,2026-08-14 16:33:00,前摄像头,否,front camera
4928,car,2026-08-14 16:33:02,前摄像头,否,front camera
4929,"person,car",2026-08-14 16:33:04,前摄像头,否,front camera
4930,"person,car",2026-08-14 16:33:06,前摄像头,否,front camera
4931,car,2026-08-14 16:33:09,前摄像头,否,front camera
4932,person,2026-08-14 16:33:11,前摄像头,否,front camera
4933,person,2026-08-14 16:33:13,前摄像头,否,front camera
4934,person,2026-08-14 16:33:15,前摄像头,否,front camera
4935,person,2026-08-14 16:33:17,前摄像头,否,front camera
4936,person,2026-08-14 16:33:19,前摄像头,否,front camera
4937,person,2026-08-14 16:33:21,前摄像头,否,front camera
4938,person,2026-08-14 16:33:23,前摄像头,否,front camera
4939,person,2026-08-14 16:33:25,前摄像头,否,front camera
4940,person,2026-08-14 16:33:27,前摄像头,否,front camera
4941,car,2026-08-14 16:33:39,前摄像头,否,front camera
4942,car,2026-08-14 16:33:42,前摄像头,否,front camera
4943,person,2026-08-14 16:33:44,前摄像头,否,front camera
4944,person,2026-08-14 16:33:47,前摄像头,否,front camera
4945,car,2026-08-14 16:34:03,前摄像头,否,front camera
4946,person,2026-08-14 16:34:08,前摄像头,否,front camera
4947,person,2026-08-14 16:34:10,前摄像头,否,front camera
4948,car,2026-08-14 16:34:12,前摄像头,否,front camera
4949,car,2026-08-14 16:34:15,前摄像头,否,front camera
4950,person,2026-08-14 16:34:18,前摄像头,否,front camera
4951,person,2026-08-14 16:34:20,前摄像头,否,front camera
4952,person,2026-08-14 16:34:22,前摄像头,否,front camera
4953,car,2026-08-14 16:34:25,前摄像头,否,front camera
4954,car,2026-08-14 16:34:27,前摄像头,否,front camera
4955,person,2026-08-14 16:34:30,前摄像头,否,front camera
4956,person,2026-08-14 16:34:32,前摄像头,否,front camera
4957,car,2026-08-14 16:34:37,前摄像头,否,front camera
4958,car,2026-08-14 16:34:48,前摄像头,否,front camera
4959,car,2026-08-14 16:34:56,前摄像头,否,front camera
4960,car,2026-08-14 16:35:07,前摄像头,否,front camera
4961,car,2026-08-14 16:35:10,前摄像头,否,front camera
4962,car,2026-08-14 16:35:12,前摄像头,否,front camera
4963,car,2026-08-14 16:35:16,前摄像头,否,front camera
4964,car,2026-08-14 16:35:18,前摄像头,否,front camera
4965,person,2026-08-14 16:35:40,前摄像头,否,front camera
4966,car,2026-08-14 16:35:45,前摄像头,否,front camera
4967,person,2026-08-14 16:35:49,前摄像头,否,front camera
4968,person,2026-08-14 16:35:53,前摄像头,否,front camera
4969,person,2026-08-14 16:36:01,前摄像头,否,front camera
4970,person,2026-08-14 16:36:03,前摄像头,否,front camera
4971,person,2026-08-14 16:36:05,前摄像头,否,front camera
4972,person,2026-08-14 16:36:07,前摄像头,否,front camera
4973,person,2026-08-14 16:36:10,前摄像头,否,front camera
4974,car,2026-08-14 16:36:13,前摄像头,否,front camera
4975,person,2026-08-14 16:36:19,前摄像头,否,front camera
4976,person,2026-08-14 16:36:21,前摄像头,否,front camera
4977,person,2026-08-14 16:36:33,前摄像头,否,front camera
4978,person,2026-08-14 16:36:41,前摄像头,否,front camera
4979,person,2026-08-14 16:36:45,前摄像头,否,front camera
4980,person,2026-08-14 16:36:47,前摄像头,否,front camera
4981,person,2026-08-14 16:36:53,前摄像头,否,front camera
4982,car,2026-08-14 16:36:55,前摄像头,否,front camera
4983,person,2026-08-14 16:36:58,前摄像头,否,front camera
4984,car,2026-08-14 16:37:01,前摄像头,否,front camera
4985,"car,person",2026-08-14 16:37:03,前摄像头,否,front camera
4986,"person,car",2026-08-14 16:37:05,前摄像头,否,front camera
4987,person,2026-08-14 16:37:07,前摄像头,否,front camera
4988,person,2026-08-14 16:37:09,前摄像头,否,front camera
4989,car,2026-08-14 16:37:11,前摄像头,否,front camera
4990,car,2026-08-14 16:37:13,前摄像头,否,front camera
4991,car,2026-08-14 16:37:15,前摄像头,否,front camera
4992,car,2026-08-14 16:37:17,前摄像头,否,front camera
4993,car,2026-08-14 16:37:19,前摄像头,否,front camera
4994,car,2026-08-14 16:37:22,前摄像头,否,front camera
4995,car,2026-08-14 16:37:24,前摄像头,否,front camera
4996,car,2026-08-14 16:37:26,前摄像头,否,front camera
4997,car,2026-08-14 16:37:28,前摄像头,否,front camera
4998,car,2026-08-14 16:37:30,前摄像头,否,front camera
4999,car,2026-08-14 16:37:32,前摄像头,否,front camera
5000,car,2026-08-14 16:37:35,前摄像头,否,front camera
5001,car,2026-08-14 16:37:37,前摄像头,否,front camera
5002,person,2026-08-14 16:37:39,前摄像头,否,front camera
5003,car,2026-08-14 16:43:38,前摄像头,否,front camera
5004,person,2026-08-14 16:43:42,前摄像头,否,front camera
5005,person,2026-08-14 16:43:44,前摄像头,否,front camera
5006,car,2026-08-14 16:43:47,前摄像头,否,front camera
5007,car,2026-08-14 16:43:54,前摄像头,否,front camera
5008,person,2026-08-14 16:44:07,前摄像头,否,front camera
5009,person,2026-08-14 16:44:09,前摄像头,否,front camera
5010,car,2026-08-14 16:44:14,前摄像头,否,front camera
5011,cup,2026-08-14 16:44:25,前摄像头,否,front camera
5012,person,2026-08-14 16:44:27,前摄像头,否,front camera
5013,person,2026-08-14 16:44:46,前摄像头,否,front camera
5014,person,2026-08-14 16:44:48,前摄像头,否,front camera
5015,person,2026-08-14 16:45:16,前摄像头,否,front camera
5016,car,2026-08-14 16:45:24,前摄像头,否,front camera
5017,person,2026-08-14 16:45:26,前摄像头,否,front camera
5018,car,2026-08-14 16:45:33,前摄像头,否,front camera
5019,car,2026-08-14 16:45:37,前摄像头,否,front camera
5020,car,2026-08-14 16:45:39,前摄像头,否,front camera
5021,person,2026-08-14 16:45:42,前摄像头,否,front camera
5022,car,2026-08-14 16:45:44,前摄像头,否,front camera
5023,person,2026-08-14 16:45:48,前摄像头,否,front camera
5024,person,2026-08-14 16:45:52,前摄像头,否,front camera
5025,person,2026-08-14 16:46:04,前摄像头,否,front camera
5026,person,2026-08-14 16:46:06,前摄像头,否,front camera
5027,person,2026-08-14 16:46:10,前摄像头,否,front camera
5028,person,2026-08-14 16:46:15,前摄像头,否,front camera
5029,person,2026-08-14 16:46:18,前摄像头,否,front camera
5030,person,2026-08-14 16:46:25,前摄像头,否,front camera
5031,person,2026-08-14 16:46:28,前摄像头,否,front camera
5032,person,2026-08-14 16:46:30,前摄像头,否,front camera
5033,person,2026-08-14 16:46:32,前摄像头,否,front camera
5034,person,2026-08-14 16:46:34,前摄像头,否,front camera
5035,person,2026-08-14 16:46:36,前摄像头,否,front camera
5036,person,2026-08-14 16:46:52,前摄像头,否,front camera
5037,car,2026-08-14 16:46:58,前摄像头,否,front camera
5038,cup,2026-08-14 16:47:03,前摄像头,否,front camera
5039,car,2026-08-14 16:47:07,前摄像头,否,front camera
5040,car,2026-08-14 16:47:09,前摄像头,否,front camera
5041,car,2026-08-14 16:47:11,前摄像头,否,front camera
5042,car,2026-08-14 16:47:13,前摄像头,否,front camera
5043,car,2026-08-14 16:47:15,前摄像头,否,front camera
5044,person,2026-08-14 16:47:17,前摄像头,否,front camera
5045,person,2026-08-14 16:47:19,前摄像头,否,front camera
5046,car,2026-08-14 16:47:21,前摄像头,否,front camera
5047,car,2026-08-14 16:47:23,前摄像头,否,front camera
5048,person,2026-08-14 16:47:25,前摄像头,否,front camera
5049,person,2026-08-14 16:47:27,前摄像头,否,front camera
5050,person,2026-08-14 16:47:29,前摄像头,否,front camera
5051,person,2026-08-14 16:47:31,前摄像头,否,front camera
5052,person,2026-08-14 16:47:33,前摄像头,否,front camera
5053,person,2026-08-14 16:47:35,前摄像头,否,front camera
5054,person,2026-08-14 16:47:37,前摄像头,否,front camera
5055,person,2026-08-14 16:47:39,前摄像头,否,front camera
5056,person,2026-08-14 16:47:41,前摄像头,否,front camera
5057,person,2026-08-14 16:47:43,前摄像头,否,front camera
5058,person,2026-08-14 16:47:46,前摄像头,否,front camera
5059,cup,2026-08-14 16:47:59,前摄像头,否,front camera
5060,car,2026-08-14 16:48:01,前摄像头,否,front camera
5061,car,2026-08-14 16:48:03,前摄像头,否,front camera
5062,"car,person",2026-08-14 16:48:05,前摄像头,否,front camera
5063,"car,person",2026-08-14 16:48:07,前摄像头,否,front camera
5064,car,2026-08-14 16:48:09,前摄像头,否,front camera
5065,car,2026-08-14 16:48:11,前摄像头,否,front camera
5066,person,2026-08-14 16:48:13,前摄像头,否,front camera
5067,person,2026-08-14 16:48:15,前摄像头,否,front camera
5068,"car,person",2026-08-14 16:48:17,前摄像头,否,front camera
5069,person,2026-08-14 16:48:19,前摄像头,否,front camera
5070,person,2026-08-14 16:48:21,前摄像头,否,front camera
5071,person,2026-08-14 16:48:23,前摄像头,否,front camera
5072,person,2026-08-14 16:48:25,前摄像头,否,front camera
5073,person,2026-08-14 16:48:27,前摄像头,否,front camera
5074,person,2026-08-14 16:48:29,前摄像头,否,front camera
5075,dog,2026-08-14 16:48:40,前摄像头,否,front camera
5076,person,2026-08-14 16:48:43,前摄像头,否,front camera
5077,car,2026-08-14 16:48:56,前摄像头,否,front camera
5078,person,2026-08-14 16:48:58,前摄像头,否,front camera
5079,person,2026-08-14 16:49:00,前摄像头,否,front camera
5080,person,2026-08-14 16:49:02,前摄像头,否,front camera
5081,person,2026-08-14 16:49:19,前摄像头,否,front camera
5082,person,2026-08-14 16:49:22,前摄像头,否,front camera
5083,person,2026-08-14 16:49:25,前摄像头,否,front camera
5084,person,2026-08-14 16:49:27,前摄像头,否,front camera
5085,person,2026-08-14 16:49:29,前摄像头,否,front camera
5086,person,2026-08-14 16:49:31,前摄像头,否,front camera
5087,person,2026-08-14 16:49:33,前摄像头,否,front camera
5088,person,2026-08-14 16:49:35,前摄像头,否,front camera
5089,person,2026-08-14 16:49:37,前摄像头,否,front camera
5090,person,2026-08-14 16:49:40,前摄像头,否,front camera
5091,person,2026-08-14 16:49:42,前摄像头,否,front camera
5092,person,2026-08-14 16:49:44,前摄像头,否,front camera
5093,person,2026-08-14 16:49:46,前摄像头,否,front camera
5094,person,2026-08-14 16:49:48,前摄像头,否,front camera
5095,person,2026-08-14 16:49:50,前摄像头,否,front camera
5096,person,2026-08-14 16:49:52,前摄像头,否,front camera
5097,person,2026-08-14 16:49:55,前摄像头,否,front camera
5098,person,2026-08-14 16:49:58,前摄像头,否,front camera
5099,person,2026-08-14 16:50:04,前摄像头,否,front camera
5100,person,2026-08-14 16:50:07,前摄像头,否,front camera
5101,person,2026-08-14 16:50:09,前摄像头,否,front camera
5102,person,2026-08-14 16:50:11,前摄像头,否,front camera
5103,person,2026-08-14 16:50:13,前摄像头,否,front camera
5104,person,2026-08-14 16:50:15,前摄像头,否,front camera
5105,person,2026-08-14 16:50:17,前摄像头,否,front camera
5106,"car,person",2026-08-14 16:50:19,前摄像头,否,front camera
5107,"car,person",2026-08-14 16:50:21,前摄像头,否,front camera
5108,person,2026-08-14 16:50:23,前摄像头,否,front camera
5109,person,2026-08-14 16:50:25,前摄像头,否,front camera
5110,car,2026-08-14 16:50:29,前摄像头,否,front camera
5111,person,2026-08-14 16:50:31,前摄像头,否,front camera
5112,person,2026-08-14 16:50:33,前摄像头,否,front camera
5113,person,2026-08-14 16:50:35,前摄像头,否,front camera
5114,person,2026-08-14 16:50:37,前摄像头,否,front camera
5115,person,2026-08-14 16:50:39,前摄像头,否,front camera
5116,person,2026-08-14 16:50:42,前摄像头,否,front camera
5117,person,2026-08-14 16:50:45,前摄像头,否,front camera
5118,person,2026-08-14 16:50:47,前摄像头,否,front camera
5119,person,2026-08-14 16:50:49,前摄像头,否,front camera
5120,person,2026-08-14 16:50:51,前摄像头,否,front camera
5121,person,2026-08-14 16:50:54,前摄像头,否,front camera
5122,person,2026-08-14 16:50:56,前摄像头,否,front camera
5123,person,2026-08-14 16:50:58,前摄像头,否,front camera
5124,person,2026-08-14 16:51:01,前摄像头,否,front camera
5125,person,2026-08-14 16:51:03,前摄像头,否,front camera
5126,person,2026-08-14 16:51:05,前摄像头,否,front camera
5127,person,2026-08-14 16:51:07,前摄像头,否,front camera
5128,person,2026-08-14 16:51:09,前摄像头,否,front camera
5129,person,2026-08-14 16:51:11,前摄像头,否,front camera
5130,person,2026-08-14 16:51:13,前摄像头,否,front camera
5131,car,2026-08-14 16:51:19,前摄像头,否,front camera
5132,person,2026-08-14 16:51:22,前摄像头,否,front camera
5133,person,2026-08-14 16:51:26,前摄像头,否,front camera
5134,person,2026-08-14 16:51:28,前摄像头,否,front camera
5135,person,2026-08-14 16:51:30,前摄像头,否,front camera
5136,person,2026-08-14 16:51:45,前摄像头,否,front camera
5137,person,2026-08-14 16:51:57,前摄像头,否,front camera
5138,car,2026-08-14 16:52:00,前摄像头,否,front camera
5139,person,2026-08-14 16:52:26,前摄像头,否,front camera
5140,person,2026-08-14 16:52:28,前摄像头,否,front camera
5141,person,2026-08-14 16:52:31,前摄像头,否,front camera
5142,person,2026-08-14 16:52:33,前摄像头,否,front camera
5143,person,2026-08-14 16:52:35,前摄像头,否,front camera
5144,person,2026-08-14 16:52:37,前摄像头,否,front camera
5145,person,2026-08-14 16:52:42,前摄像头,否,front camera
5146,person,2026-08-14 16:52:45,前摄像头,否,front camera
5147,person,2026-08-14 16:52:47,前摄像头,否,front camera
5148,person,2026-08-14 16:52:49,前摄像头,否,front camera
5149,car,2026-08-14 16:52:54,前摄像头,否,front camera
5150,person,2026-08-14 16:52:57,前摄像头,否,front camera
5151,person,2026-08-14 16:53:02,前摄像头,否,front camera
5152,person,2026-08-14 16:53:07,前摄像头,否,front camera
5153,person,2026-08-14 16:53:10,前摄像头,否,front camera
5154,person,2026-08-14 16:53:12,前摄像头,否,front camera
5155,person,2026-08-14 16:53:14,前摄像头,否,front camera
5156,person,2026-08-14 16:53:16,前摄像头,否,front camera
5157,person,2026-08-14 16:53:18,前摄像头,否,front camera
5158,person,2026-08-14 16:53:22,前摄像头,否,front camera
5159,person,2026-08-14 16:53:24,前摄像头,否,front camera
5160,person,2026-08-14 16:53:26,前摄像头,否,front camera
5161,person,2026-08-14 16:53:28,前摄像头,否,front camera
5162,person,2026-08-14 16:53:30,前摄像头,否,front camera
5163,person,2026-08-14 16:53:32,前摄像头,否,front camera
5164,car,2026-08-14 16:53:34,前摄像头,否,front camera
5165,car,2026-08-14 16:53:36,前摄像头,否,front camera
5166,car,2026-08-14 16:53:38,前摄像头,否,front camera
5167,person,2026-08-14 16:53:40,前摄像头,否,front camera
5168,person,2026-08-14 16:53:42,前摄像头,否,front camera
5169,person,2026-08-14 16:53:45,前摄像头,否,front camera
5170,car,2026-08-14 16:53:47,前摄像头,否,front camera
5171,car,2026-08-14 16:53:49,前摄像头,否,front camera
5172,car,2026-08-14 16:53:51,前摄像头,否,front camera
5173,person,2026-08-14 16:53:54,前摄像头,否,front camera
5174,person,2026-08-14 16:53:56,前摄像头,否,front camera
5175,person,2026-08-14 16:53:58,前摄像头,否,front camera
5176,person,2026-08-14 16:54:00,前摄像头,否,front camera
5177,person,2026-08-14 16:54:02,前摄像头,否,front camera
5178,person,2026-08-14 16:54:04,前摄像头,否,front camera
5179,person,2026-08-14 16:54:06,前摄像头,否,front camera
5180,person,2026-08-14 16:54:10,前摄像头,否,front camera
5181,car,2026-08-14 16:54:17,前摄像头,否,front camera
5182,"person,car",2026-08-14 16:54:19,前摄像头,否,front camera
5183,person,2026-08-14 16:54:21,前摄像头,否,front camera
5184,car,2026-08-14 16:54:23,前摄像头,否,front camera
5185,car,2026-08-14 16:54:25,前摄像头,否,front camera
5186,person,2026-08-14 16:54:28,前摄像头,否,front camera
5187,person,2026-08-14 16:54:30,前摄像头,否,front camera
5188,person,2026-08-14 16:54:34,前摄像头,否,front camera
5189,person,2026-08-14 16:54:37,前摄像头,否,front camera
5190,car,2026-08-14 16:54:40,前摄像头,否,front camera
5191,person,2026-08-14 16:54:48,前摄像头,否,front camera
5192,person,2026-08-14 16:54:52,前摄像头,否,front camera
5193,person,2026-08-14 16:54:54,前摄像头,否,front camera
5194,person,2026-08-14 16:54:56,前摄像头,否,front camera
5195,person,2026-08-14 16:54:59,前摄像头,否,front camera
5196,person,2026-08-14 16:55:01,前摄像头,否,front camera
5197,person,2026-08-14 16:55:04,前摄像头,否,front camera
5198,person,2026-08-14 16:55:07,前摄像头,否,front camera
5199,person,2026-08-14 16:55:09,前摄像头,否,front camera
5200,person,2026-08-14 16:55:11,前摄像头,否,front camera
5201,person,2026-08-14 16:55:15,前摄像头,否,front camera
5202,person,2026-08-14 16:55:17,前摄像头,否,front camera
5203,person,2026-08-14 16:55:22,前摄像头,否,front camera
5204,person,2026-08-14 16:55:24,前摄像头,否,front camera
5205,person,2026-08-14 16:55:26,前摄像头,否,front camera
5206,person,2026-08-14 16:55:29,前摄像头,否,front camera
5207,person,2026-08-14 16:55:31,前摄像头,否,front camera
5208,person,2026-08-14 16:55:33,前摄像头,否,front camera
5209,person,2026-08-14 16:55:35,前摄像头,否,front camera
5210,person,2026-08-14 16:55:37,前摄像头,否,front camera
5211,person,2026-08-14 16:55:49,前摄像头,否,front camera
5212,person,2026-08-14 16:55:56,前摄像头,否,front camera
5213,person,2026-08-14 16:55:58,前摄像头,否,front camera
5214,person,2026-08-14 16:56:00,前摄像头,否,front camera
5215,person,2026-08-14 16:56:02,前摄像头,否,front camera
5216,person,2026-08-14 16:56:04,前摄像头,否,front camera
5217,person,2026-08-14 16:56:06,前摄像头,否,front camera
5218,person,2026-08-14 16:56:08,前摄像头,否,front camera
5219,person,2026-08-14 16:56:10,前摄像头,否,front camera
5220,person,2026-08-14 16:56:12,前摄像头,否,front camera
5221,person,2026-08-14 16:56:14,前摄像头,否,front camera
5222,person,2026-08-14 16:56:16,前摄像头,否,front camera
5223,person,2026-08-14 16:56:22,前摄像头,否,front camera
5224,person,2026-08-14 16:56:24,前摄像头,否,front camera
5225,car,2026-08-14 16:56:27,前摄像头,否,front camera
5226,car,2026-08-14 16:56:30,前摄像头,否,front camera
5227,person,2026-08-14 16:56:32,前摄像头,否,front camera
5228,person,2026-08-14 16:56:34,前摄像头,否,front camera
5229,person,2026-08-14 16:56:36,前摄像头,否,front camera
5230,person,2026-08-14 16:56:48,前摄像头,否,front camera
5231,person,2026-08-14 16:56:52,前摄像头,否,front camera
5232,person,2026-08-14 16:56:54,前摄像头,否,front camera
5233,person,2026-08-14 16:56:57,前摄像头,否,front camera
5234,car,2026-08-14 16:57:07,前摄像头,否,front camera
5235,car,2026-08-14 16:57:09,前摄像头,否,front camera
5236,car,2026-08-14 16:57:11,前摄像头,否,front camera
5237,"car,person",2026-08-14 16:57:13,前摄像头,否,front camera
5238,car,2026-08-14 16:57:15,前摄像头,否,front camera
5239,car,2026-08-14 16:57:17,前摄像头,否,front camera
5240,car,2026-08-14 16:57:19,前摄像头,否,front camera
5241,car,2026-08-14 16:57:21,前摄像头,否,front camera
5242,car,2026-08-14 16:57:24,前摄像头,否,front camera
5243,car,2026-08-14 16:57:26,前摄像头,否,front camera
5244,car,2026-08-14 16:57:28,前摄像头,否,front camera
5245,car,2026-08-14 16:57:30,前摄像头,否,front camera
5246,car,2026-08-14 16:57:32,前摄像头,否,front camera
5247,car,2026-08-14 16:57:34,前摄像头,否,front camera
5248,car,2026-08-14 16:57:36,前摄像头,否,front camera
5249,car,2026-08-14 16:57:38,前摄像头,否,front camera
5250,car,2026-08-14 16:57:40,前摄像头,否,front camera
5251,car,2026-08-14 16:57:42,前摄像头,否,front camera
5252,car,2026-08-14 16:57:44,前摄像头,否,front camera
5253,car,2026-08-14 16:57:46,前摄像头,否,front camera
5254,car,2026-08-14 16:57:53,前摄像头,否,front camera
5255,car,2026-08-14 16:57:55,前摄像头,否,front camera
5256,car,2026-08-14 16:57:57,前摄像头,否,front camera
5257,car,2026-08-14 16:57:59,前摄像头,否,front camera
5258,car,2026-08-14 16:58:01,前摄像头,否,front camera
5259,car,2026-08-14 16:58:03,前摄像头,否,front camera
5260,car,2026-08-14 16:58:05,前摄像头,否,front camera
5261,car,2026-08-14 16:58:07,前摄像头,否,front camera
5262,car,2026-08-14 16:58:09,前摄像头,否,front camera
5263,car,2026-08-14 16:58:11,前摄像头,否,front camera
5264,car,2026-08-14 16:58:13,前摄像头,否,front camera
5265,car,2026-08-14 16:58:15,前摄像头,否,front camera
5266,car,2026-08-14 16:58:17,前摄像头,否,front camera
5267,car,2026-08-14 16:58:19,前摄像头,否,front camera
5268,car,2026-08-14 16:58:21,前摄像头,否,front camera
5269,car,2026-08-14 16:58:23,前摄像头,否,front camera
5270,car,2026-08-14 16:58:25,前摄像头,否,front camera
5271,car,2026-08-14 16:58:27,前摄像头,否,front camera
5272,"person,car",2026-08-14 16:58:29,前摄像头,否,front camera
5273,car,2026-08-14 16:58:31,前摄像头,否,front camera
5274,"car,person",2026-08-14 16:58:33,前摄像头,否,front camera
5275,"car,person",2026-08-14 16:58:35,前摄像头,否,front camera
5276,"car,person",2026-08-14 16:58:37,前摄像头,否,front camera
5277,car,2026-08-14 16:58:39,前摄像头,否,front camera
5278,"car,person",2026-08-14 16:58:41,前摄像头,否,front camera
5279,"car,person",2026-08-14 16:58:43,前摄像头,否,front camera
5280,"person,car",2026-08-14 16:58:45,前摄像头,否,front camera
5281,"car,person",2026-08-14 16:58:47,前摄像头,否,front camera
5282,"person,car",2026-08-14 16:58:49,前摄像头,否,front camera
5283,"car,person",2026-08-14 16:58:51,前摄像头,否,front camera
5284,"car,person",2026-08-14 16:58:53,前摄像头,否,front camera
5285,"car,person",2026-08-14 16:58:55,前摄像头,否,front camera
5286,car,2026-08-14 16:58:57,前摄像头,否,front camera
5287,car,2026-08-14 16:58:59,前摄像头,否,front camera
5288,car,2026-08-14 16:59:01,前摄像头,否,front camera
5289,car,2026-08-14 16:59:03,前摄像头,否,front camera
5290,car,2026-08-14 16:59:07,前摄像头,否,front camera
5291,cup,2026-08-14 16:59:12,前摄像头,否,front camera
5292,car,2026-08-14 16:59:19,前摄像头,否,front camera
5293,person,2026-08-14 16:59:26,前摄像头,否,front camera
5294,car,2026-08-14 16:59:37,前摄像头,否,front camera
5295,person,2026-08-14 17:00:00,前摄像头,否,front camera
5296,car,2026-08-14 17:00:07,前摄像头,否,front camera
5297,person,2026-08-14 17:00:14,前摄像头,否,front camera
5298,person,2026-08-14 17:00:17,前摄像头,否,front camera
5299,car,2026-08-14 17:00:23,前摄像头,否,front camera
5300,car,2026-08-14 17:00:29,前摄像头,否,front camera
5301,car,2026-08-14 17:00:31,前摄像头,否,front camera
5302,car,2026-08-14 17:00:33,前摄像头,否,front camera
5303,car,2026-08-14 17:00:35,前摄像头,否,front camera
5304,car,2026-08-14 17:00:37,前摄像头,否,front camera
5305,car,2026-08-14 17:00:40,前摄像头,否,front camera
5306,car,2026-08-14 17:00:42,前摄像头,否,front camera
5307,car,2026-08-14 17:00:44,前摄像头,否,front camera
5308,car,2026-08-14 17:00:46,前摄像头,否,front camera
5309,car,2026-08-14 17:00:48,前摄像头,否,front camera
5310,car,2026-08-14 17:00:50,前摄像头,否,front camera
5311,car,2026-08-14 17:00:52,前摄像头,否,front camera
5312,person,2026-08-14 17:00:54,前摄像头,否,front camera
5313,person,2026-08-14 17:00:58,前摄像头,否,front camera
5314,person,2026-08-14 17:01:00,前摄像头,否,front camera
5315,person,2026-08-14 17:01:02,前摄像头,否,front camera
5316,person,2026-08-14 17:01:10,前摄像头,否,front camera
5317,person,2026-08-14 17:01:12,前摄像头,否,front camera
5318,person,2026-08-14 17:01:14,前摄像头,否,front camera
5319,person,2026-08-14 17:01:16,前摄像头,否,front camera
5320,person,2026-08-14 17:01:18,前摄像头,否,front camera
5321,person,2026-08-14 17:01:22,前摄像头,否,front camera
5322,person,2026-08-14 17:01:25,前摄像头,否,front camera
5323,person,2026-08-14 17:01:27,前摄像头,否,front camera
5324,car,2026-08-14 17:01:29,前摄像头,否,front camera
5325,car,2026-08-14 17:01:31,前摄像头,否,front camera
5326,person,2026-08-14 17:01:33,前摄像头,否,front camera
5327,person,2026-08-14 17:01:35,前摄像头,否,front camera
5328,car,2026-08-14 17:01:37,前摄像头,否,front camera
5329,car,2026-08-14 17:01:39,前摄像头,否,front camera
5330,car,2026-08-14 17:01:43,前摄像头,否,front camera
5331,person,2026-08-14 17:01:46,前摄像头,否,front camera
5332,car,2026-08-14 17:01:48,前摄像头,否,front camera
5333,person,2026-08-14 17:01:50,前摄像头,否,front camera
5334,person,2026-08-14 17:01:52,前摄像头,否,front camera
5335,person,2026-08-14 17:01:56,前摄像头,否,front camera
5336,car,2026-08-14 17:02:03,前摄像头,否,front camera
5337,person,2026-08-14 17:02:07,前摄像头,否,front camera
5338,person,2026-08-14 17:02:14,前摄像头,否,front camera
5339,person,2026-08-14 17:02:17,前摄像头,否,front camera
5340,person,2026-08-14 17:02:19,前摄像头,否,front camera
5341,person,2026-08-14 17:02:21,前摄像头,否,front camera
5342,person,2026-08-14 17:02:24,前摄像头,否,front camera
5343,person,2026-08-14 17:03:22,前摄像头,否,front camera
5344,person,2026-08-14 17:03:33,前摄像头,否,front camera
5345,person,2026-08-14 17:03:39,前摄像头,否,front camera
5346,car,2026-08-14 17:03:42,前摄像头,否,front camera
5347,person,2026-08-14 17:03:44,前摄像头,否,front camera
5348,person,2026-08-14 17:03:46,前摄像头,否,front camera
5349,person,2026-08-14 17:03:48,前摄像头,否,front camera
5350,person,2026-08-14 17:03:52,前摄像头,否,front camera
5351,person,2026-08-14 17:03:54,前摄像头,否,front camera
5352,person,2026-08-14 17:03:56,前摄像头,否,front camera
5353,person,2026-08-14 17:03:58,前摄像头,否,front camera
5354,car,2026-08-14 17:04:14,前摄像头,否,front camera
5355,person,2026-08-14 17:04:18,前摄像头,否,front camera
5356,car,2026-08-14 17:04:20,前摄像头,否,front camera
5357,car,2026-08-14 17:04:22,前摄像头,否,front camera
5358,car,2026-08-14 17:04:24,前摄像头,否,front camera
5359,car,2026-08-14 17:04:26,前摄像头,否,front camera
5360,car,2026-08-14 17:04:28,前摄像头,否,front camera
5361,car,2026-08-14 17:04:30,前摄像头,否,front camera
5362,car,2026-08-14 17:04:32,前摄像头,否,front camera
5363,person,2026-08-14 17:04:34,前摄像头,否,front camera
5364,car,2026-08-14 17:04:36,前摄像头,否,front camera
5365,car,2026-08-14 17:04:38,前摄像头,否,front camera
5366,person,2026-08-14 17:04:41,前摄像头,否,front camera
5367,car,2026-08-14 17:04:45,前摄像头,否,front camera
5368,"car,person",2026-08-14 17:04:47,前摄像头,否,front camera
5369,"car,person",2026-08-14 17:04:49,前摄像头,否,front camera
5370,"car,person",2026-08-14 17:04:51,前摄像头,否,front camera
5371,"car,person",2026-08-14 17:04:53,前摄像头,否,front camera
5372,"car,person",2026-08-14 17:04:55,前摄像头,否,front camera
5373,car,2026-08-14 17:04:57,前摄像头,否,front camera
5374,car,2026-08-14 17:04:59,前摄像头,否,front camera
5375,person,2026-08-14 17:05:24,前摄像头,否,front camera
5376,person,2026-08-14 17:05:27,前摄像头,否,front camera
5377,person,2026-08-14 17:05:29,前摄像头,否,front camera
5378,person,2026-08-14 17:05:31,前摄像头,否,front camera
5379,person,2026-08-14 17:05:33,前摄像头,否,front camera
5380,person,2026-08-14 17:05:35,前摄像头,否,front camera
5381,person,2026-08-14 17:05:37,前摄像头,否,front camera
5382,person,2026-08-14 17:05:41,前摄像头,否,front camera
5383,person,2026-08-14 17:05:43,前摄像头,否,front camera
5384,person,2026-08-14 17:05:45,前摄像头,否,front camera
5385,person,2026-08-14 17:05:55,前摄像头,否,front camera
5386,person,2026-08-14 17:05:57,前摄像头,否,front camera
5387,person,2026-08-14 17:06:02,前摄像头,否,front camera
5388,car,2026-08-14 17:06:04,前摄像头,否,front camera
5389,car,2026-08-14 17:06:07,前摄像头,否,front camera
5390,person,2026-08-14 17:06:10,前摄像头,否,front camera
5391,person,2026-08-14 17:06:12,前摄像头,否,front camera
5392,car,2026-08-14 17:06:14,前摄像头,否,front camera
5393,car,2026-08-14 17:06:16,前摄像头,否,front camera
5394,car,2026-08-14 17:06:18,前摄像头,否,front camera
5395,car,2026-08-14 17:06:22,前摄像头,否,front camera
5396,car,2026-08-14 17:06:24,前摄像头,否,front camera
5397,car,2026-08-14 17:06:26,前摄像头,否,front camera
5398,car,2026-08-14 17:06:28,前摄像头,否,front camera
5399,car,2026-08-14 17:06:30,前摄像头,否,front camera
5400,car,2026-08-14 17:06:32,前摄像头,否,front camera
5401,car,2026-08-14 17:06:34,前摄像头,否,front camera
5402,car,2026-08-14 17:06:36,前摄像头,否,front camera
5403,car,2026-08-14 17:06:41,前摄像头,否,front camera
5404,person,2026-08-14 17:06:52,前摄像头,否,front camera
5405,person,2026-08-14 17:06:55,前摄像头,否,front camera
5406,person,2026-08-14 17:06:57,前摄像头,否,front camera
5407,person,2026-08-14 17:07:01,前摄像头,否,front camera
5408,person,2026-08-14 17:07:03,前摄像头,否,front camera
5409,person,2026-08-14 17:07:09,前摄像头,否,front camera
5410,person,2026-08-14 17:07:13,前摄像头,否,front camera
5411,car,2026-08-14 17:07:18,前摄像头,否,front camera
5412,person,2026-08-14 17:07:20,前摄像头,否,front camera
5413,person,2026-08-14 17:07:22,前摄像头,否,front camera
5414,car,2026-08-14 17:07:24,前摄像头,否,front camera
5415,person,2026-08-14 17:07:26,前摄像头,否,front camera
5416,person,2026-08-14 17:07:28,前摄像头,否,front camera
5417,person,2026-08-14 17:07:30,前摄像头,否,front camera
5418,person,2026-08-14 17:07:32,前摄像头,否,front camera
5419,car,2026-08-14 17:07:34,前摄像头,否,front camera
5420,car,2026-08-14 17:07:36,前摄像头,否,front camera
5421,car,2026-08-14 17:07:38,前摄像头,否,front camera
5422,car,2026-08-14 17:07:40,前摄像头,否,front camera
5423,car,2026-08-14 17:07:42,前摄像头,否,front camera
5424,car,2026-08-14 17:07:44,前摄像头,否,front camera
5425,car,2026-08-14 17:07:46,前摄像头,否,front camera
5426,person,2026-08-14 17:07:48,前摄像头,否,front camera
5427,car,2026-08-14 17:07:58,前摄像头,否,front camera
5428,"car,person",2026-08-14 17:08:00,前摄像头,否,front camera
5429,"car,person",2026-08-14 17:08:02,前摄像头,否,front camera
5430,person,2026-08-14 17:08:04,前摄像头,否,front camera
5431,person,2026-08-14 17:08:06,前摄像头,否,front camera
5432,"car,person",2026-08-14 17:08:08,前摄像头,否,front camera
5433,"person,car",2026-08-14 17:08:10,前摄像头,否,front camera
5434,"car,person",2026-08-14 17:08:12,前摄像头,否,front camera
5435,"car,person",2026-08-14 17:08:14,前摄像头,否,front camera
5436,car,2026-08-14 17:08:16,前摄像头,否,front camera
5437,"car,person",2026-08-14 17:08:18,前摄像头,否,front camera
5438,car,2026-08-14 17:08:20,前摄像头,否,front camera
5439,car,2026-08-14 17:08:22,前摄像头,否,front camera
5440,car,2026-08-14 17:08:24,前摄像头,否,front camera
5441,"car,person",2026-08-14 17:08:26,前摄像头,否,front camera
5442,car,2026-08-14 17:08:28,前摄像头,否,front camera
5443,"car,person",2026-08-14 17:08:30,前摄像头,否,front camera
5444,"car,person",2026-08-14 17:08:32,前摄像头,否,front camera
5445,"car,person",2026-08-14 17:08:34,前摄像头,否,front camera
5446,car,2026-08-14 17:08:36,前摄像头,否,front camera
5447,car,2026-08-14 17:08:38,前摄像头,否,front camera
5448,car,2026-08-14 17:08:40,前摄像头,否,front camera
5449,car,2026-08-14 17:08:42,前摄像头,否,front camera
5450,car,2026-08-14 17:08:44,前摄像头,否,front camera
5451,car,2026-08-14 17:08:46,前摄像头,否,front camera
5452,car,2026-08-14 17:08:48,前摄像头,否,front camera
5453,car,2026-08-14 17:08:50,前摄像头,否,front camera
5454,car,2026-08-14 17:08:52,前摄像头,否,front camera
5455,car,2026-08-14 17:08:54,前摄像头,否,front camera
5456,car,2026-08-14 17:08:56,前摄像头,否,front camera
5457,car,2026-08-14 17:08:58,前摄像头,否,front camera
5458,car,2026-08-14 17:09:00,前摄像头,否,front camera
5459,car,2026-08-14 17:09:10,前摄像头,否,front camera
5460,car,2026-08-14 17:09:13,前摄像头,否,front camera
5461,person,2026-08-14 17:09:15,前摄像头,否,front camera
5462,person,2026-08-14 17:09:18,前摄像头,否,front camera
5463,person,2026-08-14 17:09:25,前摄像头,否,front camera
5464,person,2026-08-14 17:09:29,前摄像头,否,front camera
5465,car,2026-08-14 17:09:54,前摄像头,否,front camera
5466,car,2026-08-14 17:09:56,前摄像头,否,front camera
5467,car,2026-08-14 17:09:59,前摄像头,否,front camera
5468,car,2026-08-14 17:10:01,前摄像头,否,front camera
5469,car,2026-08-14 17:10:03,前摄像头,否,front camera
5470,"person,car",2026-08-14 17:10:05,前摄像头,否,front camera
5471,"person,car",2026-08-14 17:10:07,前摄像头,否,front camera
5472,"car,person",2026-08-14 17:10:09,前摄像头,否,front camera
5473,car,2026-08-14 17:10:11,前摄像头,否,front camera
5474,car,2026-08-14 17:10:13,前摄像头,否,front camera
5475,car,2026-08-14 17:10:15,前摄像头,否,front camera
5476,car,2026-08-14 17:10:17,前摄像头,否,front camera
5477,car,2026-08-14 17:10:19,前摄像头,否,front camera
5478,"car,person",2026-08-14 17:10:21,前摄像头,否,front camera
5479,car,2026-08-14 17:10:23,前摄像头,否,front camera
5480,car,2026-08-14 17:10:25,前摄像头,否,front camera
5481,"car,person",2026-08-14 17:10:27,前摄像头,否,front camera
5482,car,2026-08-14 17:10:29,前摄像头,否,front camera
5483,car,2026-08-14 17:10:31,前摄像头,否,front camera
5484,car,2026-08-14 17:10:33,前摄像头,否,front camera
5485,car,2026-08-14 17:10:35,前摄像头,否,front camera
5486,car,2026-08-14 17:10:37,前摄像头,否,front camera
5487,car,2026-08-14 17:10:39,前摄像头,否,front camera
5488,car,2026-08-14 17:10:41,前摄像头,否,front camera
5489,car,2026-08-14 17:10:43,前摄像头,否,front camera
5490,car,2026-08-14 17:10:52,前摄像头,否,front camera
5491,person,2026-08-14 17:10:55,前摄像头,否,front camera
5492,person,2026-08-14 17:10:57,前摄像头,否,front camera
5493,person,2026-08-14 17:10:59,前摄像头,否,front camera
5494,person,2026-08-14 17:11:01,前摄像头,否,front camera
5495,person,2026-08-14 17:11:03,前摄像头,否,front camera
5496,person,2026-08-14 17:11:07,前摄像头,否,front camera
5497,person,2026-08-14 17:11:09,前摄像头,否,front camera
5498,person,2026-08-14 17:11:13,前摄像头,否,front camera
5499,person,2026-08-14 17:11:18,前摄像头,否,front camera
5500,person,2026-08-14 17:11:30,前摄像头,否,front camera
5501,car,2026-08-14 17:11:42,前摄像头,否,front camera
5502,person,2026-08-14 17:11:47,前摄像头,否,front camera
5503,person,2026-08-14 17:11:49,前摄像头,否,front camera
5504,person,2026-08-14 17:12:03,前摄像头,否,front camera
5505,person,2026-08-14 17:12:13,前摄像头,否,front camera
5506,person,2026-08-14 17:12:15,前摄像头,否,front camera
5507,person,2026-08-14 17:12:23,前摄像头,否,front camera
5508,person,2026-08-14 17:12:25,前摄像头,否,front camera
5509,person,2026-08-14 17:12:27,前摄像头,否,front camera
5510,person,2026-08-14 17:12:29,前摄像头,否,front camera
5511,person,2026-08-14 17:12:32,前摄像头,否,front camera
5512,person,2026-08-14 17:12:39,前摄像头,否,front camera
5513,person,2026-08-14 17:12:42,前摄像头,否,front camera
5514,person,2026-08-14 17:12:45,前摄像头,否,front camera
5515,car,2026-08-14 17:12:47,前摄像头,否,front camera
5516,car,2026-08-14 17:12:49,前摄像头,否,front camera
5517,"person,car",2026-08-14 17:12:52,前摄像头,否,front camera
5518,car,2026-08-14 17:12:55,前摄像头,否,front camera
5519,person,2026-08-14 17:12:57,前摄像头,否,front camera
5520,car,2026-08-14 17:13:02,前摄像头,否,front camera
5521,person,2026-08-14 17:13:07,前摄像头,否,front camera
5522,person,2026-08-14 17:13:09,前摄像头,否,front camera
5523,car,2026-08-14 17:13:11,前摄像头,否,front camera
5524,car,2026-08-14 17:13:13,前摄像头,否,front camera
5525,car,2026-08-14 17:13:15,前摄像头,否,front camera
5526,person,2026-08-14 17:13:18,前摄像头,否,front camera
5527,person,2026-08-14 17:13:22,前摄像头,否,front camera
5528,person,2026-08-14 17:13:24,前摄像头,否,front camera
5529,person,2026-08-14 17:13:27,前摄像头,否,front camera
5530,person,2026-08-14 17:13:30,前摄像头,否,front camera
5531,person,2026-08-14 17:13:33,前摄像头,否,front camera
5532,person,2026-08-14 17:13:37,前摄像头,否,front camera
5533,person,2026-08-14 17:13:40,前摄像头,否,front camera
5534,car,2026-08-14 17:13:43,前摄像头,否,front camera
5535,car,2026-08-14 17:13:58,前摄像头,否,front camera
5536,car,2026-08-14 17:14:00,前摄像头,否,front camera
5537,car,2026-08-14 17:14:02,前摄像头,否,front camera
5538,car,2026-08-14 17:14:04,前摄像头,否,front camera
5539,car,2026-08-14 17:14:06,前摄像头,否,front camera
5540,car,2026-08-14 17:14:08,前摄像头,否,front camera
5541,"car,person",2026-08-14 17:14:10,前摄像头,否,front camera
5542,"car,person",2026-08-14 17:14:12,前摄像头,否,front camera
5543,"car,person",2026-08-14 17:14:14,前摄像头,否,front camera
5544,"person,car",2026-08-14 17:14:16,前摄像头,否,front camera
5545,"person,car",2026-08-14 17:14:18,前摄像头,否,front camera
5546,"person,car",2026-08-14 17:14:20,前摄像头,否,front camera
5547,"car,person",2026-08-14 17:14:22,前摄像头,否,front camera
5548,"car,person",2026-08-14 17:14:24,前摄像头,否,front camera
5549,"car,person",2026-08-14 17:14:26,前摄像头,否,front camera
5550,"person,car",2026-08-14 17:14:28,前摄像头,否,front camera
5551,"person,car",2026-08-14 17:14:30,前摄像头,否,front camera
5552,car,2026-08-14 17:14:32,前摄像头,否,front camera
5553,"car,person",2026-08-14 17:14:34,前摄像头,否,front camera
5554,"person,car",2026-08-14 17:14:36,前摄像头,否,front camera
5555,"person,car",2026-08-14 17:14:38,前摄像头,否,front camera
5556,"car,person",2026-08-14 17:14:40,前摄像头,否,front camera
5557,"car,person",2026-08-14 17:14:42,前摄像头,否,front camera
5558,"car,person",2026-08-14 17:14:44,前摄像头,否,front camera
5559,"car,person",2026-08-14 17:14:46,前摄像头,否,front camera
5560,car,2026-08-14 17:14:48,前摄像头,否,front camera
5561,car,2026-08-14 17:14:50,前摄像头,否,front camera
5562,car,2026-08-14 17:14:52,前摄像头,否,front camera
5563,car,2026-08-14 17:14:54,前摄像头,否,front camera
5564,car,2026-08-14 17:14:56,前摄像头,否,front camera
5565,car,2026-08-14 17:14:58,前摄像头,否,front camera
5566,person,2026-08-14 17:15:02,前摄像头,否,front camera
5567,car,2026-08-14 17:15:07,前摄像头,否,front camera
5568,car,2026-08-14 17:15:09,前摄像头,否,front camera
5569,car,2026-08-14 17:15:11,前摄像头,否,front camera
5570,person,2026-08-14 17:15:13,前摄像头,否,front camera
5571,person,2026-08-14 17:15:15,前摄像头,否,front camera
5572,person,2026-08-14 17:15:18,前摄像头,否,front camera
5573,person,2026-08-14 17:15:22,前摄像头,否,front camera
5574,person,2026-08-14 17:15:48,前摄像头,否,front camera
5575,person,2026-08-14 17:15:52,前摄像头,否,front camera
5576,car,2026-08-14 17:15:56,前摄像头,否,front camera
5577,car,2026-08-14 17:16:01,前摄像头,否,front camera
5578,person,2026-08-14 17:16:15,前摄像头,否,front camera
5579,car,2026-08-14 17:16:23,前摄像头,否,front camera
5580,person,2026-08-14 17:16:26,前摄像头,否,front camera
5581,person,2026-08-14 17:16:32,前摄像头,否,front camera
5582,person,2026-08-14 17:16:37,前摄像头,否,front camera
5583,person,2026-08-14 17:16:39,前摄像头,否,front camera
5584,person,2026-08-14 17:16:45,前摄像头,否,front camera
5585,person,2026-08-14 17:16:49,前摄像头,否,front camera
5586,person,2026-08-14 17:16:52,前摄像头,否,front camera
5587,person,2026-08-14 17:16:55,前摄像头,否,front camera
5588,person,2026-08-14 17:16:58,前摄像头,否,front camera
5589,person,2026-08-14 17:17:07,前摄像头,否,front camera
5590,person,2026-08-14 17:17:09,前摄像头,否,front camera
5591,person,2026-08-14 17:17:12,前摄像头,否,front camera
5592,person,2026-08-14 17:17:15,前摄像头,否,front camera
5593,person,2026-08-14 17:17:18,前摄像头,否,front camera
5594,person,2026-08-14 17:17:23,前摄像头,否,front camera
5595,person,2026-08-14 17:17:25,前摄像头,否,front camera
5596,person,2026-08-14 17:17:27,前摄像头,否,front camera
5597,person,2026-08-14 17:17:30,前摄像头,否,front camera
5598,person,2026-08-14 17:17:32,前摄像头,否,front camera
5599,person,2026-08-14 17:17:37,前摄像头,否,front camera
5600,car,2026-08-14 17:17:47,前摄像头,否,front camera
5601,car,2026-08-14 17:17:57,前摄像头,否,front camera
5602,car,2026-08-14 17:17:59,前摄像头,否,front camera
5603,person,2026-08-14 17:18:02,前摄像头,否,front camera
5604,person,2026-08-14 17:18:04,前摄像头,否,front camera
5605,person,2026-08-14 17:18:08,前摄像头,否,front camera
5606,person,2026-08-14 17:18:10,前摄像头,否,front camera
5607,person,2026-08-14 17:18:12,前摄像头,否,front camera
5608,person,2026-08-14 17:18:15,前摄像头,否,front camera
5609,person,2026-08-14 17:18:17,前摄像头,否,front camera
5610,person,2026-08-14 17:18:19,前摄像头,否,front camera
5611,person,2026-08-14 17:18:22,前摄像头,否,front camera
5612,person,2026-08-14 17:18:24,前摄像头,否,front camera
5613,car,2026-08-14 17:18:55,前摄像头,否,front camera
5614,car,2026-08-14 17:19:08,前摄像头,否,front camera
5615,car,2026-08-14 17:19:10,前摄像头,否,front camera
5616,car,2026-08-14 17:19:12,前摄像头,否,front camera
5617,car,2026-08-14 17:19:14,前摄像头,否,front camera
5618,car,2026-08-14 17:19:17,前摄像头,否,front camera
5619,car,2026-08-14 17:19:19,前摄像头,否,front camera
5620,person,2026-08-17 09:15:56,前摄像头,否,front camera
5621,person,2026-08-17 09:15:57,前摄像头,否,front camera
5622,person,2026-08-17 09:15:59,前摄像头,否,front camera
5623,person,2026-08-17 09:16:02,前摄像头,否,front camera
5624,person,2026-08-17 09:16:04,前摄像头,否,front camera
5625,person,2026-08-17 09:16:06,前摄像头,否,front camera
5626,person,2026-08-17 09:16:08,前摄像头,否,front camera
5627,person,2026-08-17 09:16:10,前摄像头,否,front camera
5628,person,2026-08-17 09:16:13,前摄像头,否,front camera
5629,person,2026-08-17 09:16:15,前摄像头,否,front camera
5630,person,2026-08-17 09:16:17,前摄像头,否,front camera
5631,person,2026-08-17 09:16:19,前摄像头,否,front camera
5632,person,2026-08-17 09:16:21,前摄像头,否,front camera
5633,person,2026-08-17 09:16:23,前摄像头,否,front camera
5634,person,2026-08-17 09:16:25,前摄像头,否,front camera
5635,person,2026-08-17 09:16:27,前摄像头,否,front camera
5636,person,2026-08-17 09:16:29,前摄像头,否,front camera
5637,person,2026-08-17 09:16:32,前摄像头,否,front camera
5638,person,2026-08-17 09:16:35,前摄像头,否,front camera
5639,person,2026-08-17 09:16:38,前摄像头,否,front camera
5640,person,2026-08-17 09:16:40,前摄像头,否,front camera
5641,person,2026-08-17 09:16:42,前摄像头,否,front camera
5642,person,2026-08-17 09:16:46,前摄像头,否,front camera
5643,person,2026-08-17 09:16:49,前摄像头,否,front camera
5644,person,2026-08-17 09:16:51,前摄像头,否,front camera
5645,person,2026-08-17 09:16:53,前摄像头,否,front camera
5646,person,2026-08-17 09:16:55,前摄像头,否,front camera
5647,person,2026-08-17 09:16:57,前摄像头,否,front camera
5648,person,2026-08-17 09:16:59,前摄像头,否,front camera
5649,person,2026-08-17 09:17:01,前摄像头,否,front camera
5650,person,2026-08-17 09:17:03,前摄像头,否,front camera
5651,person,2026-08-17 09:17:05,前摄像头,否,front camera
5652,person,2026-08-17 09:17:08,前摄像头,否,front camera
5653,person,2026-08-17 09:17:12,前摄像头,否,front camera
5654,person,2026-08-17 09:17:14,前摄像头,否,front camera
5655,person,2026-08-17 09:17:17,前摄像头,否,front camera
5656,person,2026-08-17 09:17:19,前摄像头,否,front camera
5657,person,2026-08-17 09:17:23,前摄像头,否,front camera
5658,person,2026-08-17 09:17:25,前摄像头,否,front camera
5659,person,2026-08-17 09:17:29,前摄像头,否,front camera
5660,person,2026-08-17 09:17:32,前摄像头,否,front camera
5661,person,2026-08-17 09:17:36,前摄像头,否,front camera
5662,person,2026-08-17 09:17:38,前摄像头,否,front camera
5663,person,2026-08-17 09:17:40,前摄像头,否,front camera
5664,person,2026-08-17 09:17:50,前摄像头,否,front camera
5665,person,2026-08-17 09:17:55,前摄像头,否,front camera
5666,person,2026-08-17 09:17:58,前摄像头,否,front camera
5667,person,2026-08-17 09:18:01,前摄像头,否,front camera
5668,person,2026-08-17 09:18:03,前摄像头,否,front camera
5669,person,2026-08-17 09:18:06,前摄像头,否,front camera
5670,person,2026-08-17 09:18:09,前摄像头,否,front camera
5671,person,2026-08-17 09:18:13,前摄像头,否,front camera
5672,person,2026-08-17 09:18:16,前摄像头,否,front camera
5673,person,2026-08-17 09:18:18,前摄像头,否,front camera
5674,person,2026-08-17 09:18:21,前摄像头,否,front camera
5675,person,2026-08-17 09:18:24,前摄像头,否,front camera
5676,person,2026-08-17 09:18:26,前摄像头,否,front camera
5677,person,2026-08-17 09:18:29,前摄像头,否,front camera
5678,person,2026-08-17 09:18:31,前摄像头,否,front camera
5679,person,2026-08-17 09:18:34,前摄像头,否,front camera
5680,person,2026-08-17 09:18:37,前摄像头,否,front camera
5681,person,2026-08-17 09:18:39,前摄像头,否,front camera
5682,person,2026-08-17 09:18:43,前摄像头,否,front camera
5683,person,2026-08-17 09:18:46,前摄像头,否,front camera
5684,person,2026-08-17 09:18:49,前摄像头,否,front camera
5685,person,2026-08-17 09:18:51,前摄像头,否,front camera
5686,person,2026-08-17 09:18:55,前摄像头,否,front camera
5687,"person,car",2026-08-17 09:18:57,前摄像头,否,front camera
5688,person,2026-08-17 09:18:59,前摄像头,否,front camera
5689,person,2026-08-17 09:19:01,前摄像头,否,front camera
5690,person,2026-08-17 09:19:03,前摄像头,否,front camera
5691,person,2026-08-17 09:19:05,前摄像头,否,front camera
5692,person,2026-08-17 09:19:07,前摄像头,否,front camera
5693,person,2026-08-17 09:19:09,前摄像头,否,front camera
5694,person,2026-08-17 09:19:11,前摄像头,否,front camera
5695,person,2026-08-17 09:19:13,前摄像头,否,front camera
5696,person,2026-08-17 09:19:15,前摄像头,否,front camera
5697,person,2026-08-17 09:19:17,前摄像头,否,front camera
5698,person,2026-08-17 09:19:19,前摄像头,否,front camera
5699,person,2026-08-17 09:19:21,前摄像头,否,front camera
5700,person,2026-08-17 09:19:23,前摄像头,否,front camera
5701,person,2026-08-17 09:19:25,前摄像头,否,front camera
5702,person,2026-08-17 09:19:27,前摄像头,否,front camera
5703,person,2026-08-17 09:19:29,前摄像头,否,front camera
5704,person,2026-08-17 09:19:31,前摄像头,否,front camera
5705,person,2026-08-17 09:19:33,前摄像头,否,front camera
5706,person,2026-08-17 09:19:35,前摄像头,否,front camera
5707,person,2026-08-17 09:19:37,前摄像头,否,front camera
5708,person,2026-08-17 09:19:39,前摄像头,否,front camera
5709,person,2026-08-17 09:19:41,前摄像头,否,front camera
5710,person,2026-08-17 09:19:43,前摄像头,否,front camera
5711,person,2026-08-17 09:19:45,前摄像头,否,front camera
5712,person,2026-08-17 09:19:47,前摄像头,否,front camera
5713,person,2026-08-17 09:19:49,前摄像头,否,front camera
5714,person,2026-08-17 09:19:51,前摄像头,否,front camera
5715,person,2026-08-17 09:19:53,前摄像头,否,front camera
5716,person,2026-08-17 09:19:55,前摄像头,否,front camera
5717,person,2026-08-17 09:19:57,前摄像头,否,front camera
5718,person,2026-08-17 09:19:59,前摄像头,否,front camera
5719,person,2026-08-17 09:20:01,前摄像头,否,front camera
5720,person,2026-08-17 09:20:03,前摄像头,否,front camera
5721,person,2026-08-17 09:20:05,前摄像头,否,front camera
5722,person,2026-08-17 09:20:07,前摄像头,否,front camera
5723,person,2026-08-17 09:20:09,前摄像头,否,front camera
5724,person,2026-08-17 09:20:11,前摄像头,否,front camera
5725,person,2026-08-17 09:20:13,前摄像头,否,front camera
5726,person,2026-08-17 09:20:15,前摄像头,否,front camera
5727,person,2026-08-17 09:20:17,前摄像头,否,front camera
5728,person,2026-08-17 09:20:19,前摄像头,否,front camera
5729,person,2026-08-17 09:20:21,前摄像头,否,front camera
5730,person,2026-08-17 09:20:23,前摄像头,否,front camera
5731,person,2026-08-17 09:20:25,前摄像头,否,front camera
5732,person,2026-08-17 09:20:27,前摄像头,否,front camera
5733,person,2026-08-17 09:20:29,前摄像头,否,front camera
5734,person,2026-08-17 09:20:31,前摄像头,否,front camera
5735,person,2026-08-17 09:20:33,前摄像头,否,front camera
5736,person,2026-08-17 09:20:35,前摄像头,否,front camera
5737,person,2026-08-17 09:20:37,前摄像头,否,front camera
5738,person,2026-08-17 09:20:39,前摄像头,否,front camera
5739,person,2026-08-17 09:20:41,前摄像头,否,front camera
5740,person,2026-08-17 09:20:43,前摄像头,否,front camera
5741,person,2026-08-17 09:20:45,前摄像头,否,front camera
5742,person,2026-08-17 09:20:47,前摄像头,否,front camera
5743,person,2026-08-17 09:20:49,前摄像头,否,front camera
5744,person,2026-08-17 09:20:52,前摄像头,否,front camera
5745,person,2026-08-17 09:20:54,前摄像头,否,front camera
5746,person,2026-08-17 09:20:56,前摄像头,否,front camera
5747,person,2026-08-17 09:20:58,前摄像头,否,front camera
5748,person,2026-08-17 09:21:00,前摄像头,否,front camera
5749,person,2026-08-17 09:21:02,前摄像头,否,front camera
5750,person,2026-08-17 09:21:04,前摄像头,否,front camera
5751,person,2026-08-17 09:21:06,前摄像头,否,front camera
5752,person,2026-08-17 09:21:08,前摄像头,否,front camera
5753,person,2026-08-17 09:21:10,前摄像头,否,front camera
5754,person,2026-08-17 09:21:12,前摄像头,否,front camera
5755,person,2026-08-17 09:21:14,前摄像头,否,front camera
5756,person,2026-08-17 09:21:16,前摄像头,否,front camera
5757,person,2026-08-17 09:21:18,前摄像头,否,front camera
5758,person,2026-08-17 09:21:20,前摄像头,否,front camera
5759,person,2026-08-17 09:21:22,前摄像头,否,front camera
5760,person,2026-08-17 09:21:24,前摄像头,否,front camera
5761,person,2026-08-17 09:21:26,前摄像头,否,front camera
5762,person,2026-08-17 09:21:28,前摄像头,否,front camera
5763,car,2026-08-17 09:21:30,前摄像头,否,front camera
5764,person,2026-08-17 09:21:32,前摄像头,否,front camera
5765,person,2026-08-17 09:21:34,前摄像头,否,front camera
5766,person,2026-08-17 09:21:36,前摄像头,否,front camera
5767,person,2026-08-17 09:21:38,前摄像头,否,front camera
5768,person,2026-08-17 09:21:40,前摄像头,否,front camera
5769,person,2026-08-17 09:21:42,前摄像头,否,front camera
5770,person,2026-08-17 09:21:44,前摄像头,否,front camera
5771,person,2026-08-17 09:21:46,前摄像头,否,front camera
5772,person,2026-08-17 09:21:48,前摄像头,否,front camera
5773,person,2026-08-17 09:21:50,前摄像头,否,front camera
5774,person,2026-08-17 09:21:52,前摄像头,否,front camera
5775,person,2026-08-17 09:21:54,前摄像头,否,front camera
5776,person,2026-08-17 09:21:56,前摄像头,否,front camera
5777,person,2026-08-17 09:21:58,前摄像头,否,front camera
5778,person,2026-08-17 09:22:00,前摄像头,否,front camera
5779,person,2026-08-17 09:22:02,前摄像头,否,front camera
5780,person,2026-08-17 09:22:04,前摄像头,否,front camera
5781,person,2026-08-17 09:22:06,前摄像头,否,front camera
5782,person,2026-08-17 09:22:08,前摄像头,否,front camera
5783,person,2026-08-17 09:22:10,前摄像头,否,front camera
5784,person,2026-08-17 09:22:12,前摄像头,否,front camera
5785,person,2026-08-17 09:22:14,前摄像头,否,front camera
5786,person,2026-08-17 09:22:16,前摄像头,否,front camera
5787,person,2026-08-17 09:22:19,前摄像头,否,front camera
5788,person,2026-08-17 09:22:21,前摄像头,否,front camera
5789,person,2026-08-17 09:22:23,前摄像头,否,front camera
5790,person,2026-08-17 09:22:25,前摄像头,否,front camera
5791,person,2026-08-17 09:22:27,前摄像头,否,front camera
5792,person,2026-08-17 09:22:29,前摄像头,否,front camera
5793,person,2026-08-17 09:22:31,前摄像头,否,front camera
5794,person,2026-08-17 09:22:33,前摄像头,否,front camera
5795,person,2026-08-17 09:22:35,前摄像头,否,front camera
5796,person,2026-08-17 09:22:37,前摄像头,否,front camera
5797,person,2026-08-17 09:22:39,前摄像头,否,front camera
5798,person,2026-08-17 09:22:41,前摄像头,否,front camera
5799,person,2026-08-17 09:22:43,前摄像头,否,front camera
5800,person,2026-08-17 09:22:45,前摄像头,否,front camera
5801,person,2026-08-17 09:22:47,前摄像头,否,front camera
5802,person,2026-08-17 09:22:49,前摄像头,否,front camera
5803,person,2026-08-17 09:22:51,前摄像头,否,front camera
5804,person,2026-08-17 09:22:53,前摄像头,否,front camera
5805,person,2026-08-17 09:22:55,前摄像头,否,front camera
5806,person,2026-08-17 09:22:57,前摄像头,否,front camera
5807,person,2026-08-17 09:22:59,前摄像头,否,front camera
5808,person,2026-08-17 09:23:01,前摄像头,否,front camera
5809,person,2026-08-17 09:23:03,前摄像头,否,front camera
5810,person,2026-08-17 09:23:05,前摄像头,否,front camera
5811,person,2026-08-17 09:23:07,前摄像头,否,front camera
5812,person,2026-08-17 09:23:09,前摄像头,否,front camera
5813,person,2026-08-17 09:23:11,前摄像头,否,front camera
5814,person,2026-08-17 09:23:13,前摄像头,否,front camera
5815,person,2026-08-17 09:23:15,前摄像头,否,front camera
5816,person,2026-08-17 09:23:17,前摄像头,否,front camera
5817,person,2026-08-17 09:23:19,前摄像头,否,front camera
5818,person,2026-08-17 09:23:21,前摄像头,否,front camera
5819,person,2026-08-17 09:23:23,前摄像头,否,front camera
5820,person,2026-08-17 09:23:25,前摄像头,否,front camera
5821,person,2026-08-17 09:23:27,前摄像头,否,front camera
5822,person,2026-08-17 09:23:29,前摄像头,否,front camera
5823,person,2026-08-17 09:23:31,前摄像头,否,front camera
5824,person,2026-08-17 09:23:33,前摄像头,否,front camera
5825,person,2026-08-17 09:23:35,前摄像头,否,front camera
5826,person,2026-08-17 09:23:37,前摄像头,否,front camera
5827,person,2026-08-17 09:23:39,前摄像头,否,front camera
5828,person,2026-08-17 09:23:41,前摄像头,否,front camera
5829,person,2026-08-17 09:23:43,前摄像头,否,front camera
5830,person,2026-08-17 09:23:45,前摄像头,否,front camera
5831,person,2026-08-17 09:23:47,前摄像头,否,front camera
5832,person,2026-08-17 09:23:49,前摄像头,否,front camera
5833,person,2026-08-17 09:23:53,前摄像头,否,front camera
5834,person,2026-08-17 09:23:55,前摄像头,否,front camera
5835,person,2026-08-17 09:23:57,前摄像头,否,front camera
5836,person,2026-08-17 09:23:59,前摄像头,否,front camera
5837,person,2026-08-17 09:24:01,前摄像头,否,front camera
5838,person,2026-08-17 09:24:03,前摄像头,否,front camera
5839,person,2026-08-17 09:24:05,前摄像头,否,front camera
5840,person,2026-08-17 09:24:07,前摄像头,否,front camera
5841,person,2026-08-17 09:24:09,前摄像头,否,front camera
5842,person,2026-08-17 09:24:11,前摄像头,否,front camera
5843,person,2026-08-17 09:24:13,前摄像头,否,front camera
5844,person,2026-08-17 09:24:16,前摄像头,否,front camera
5845,person,2026-08-17 09:24:18,前摄像头,否,front camera
5846,person,2026-08-17 09:24:21,前摄像头,否,front camera
5847,person,2026-08-17 09:24:23,前摄像头,否,front camera
5848,person,2026-08-17 09:24:25,前摄像头,否,front camera
5849,person,2026-08-17 09:24:27,前摄像头,否,front camera
5850,person,2026-08-17 09:24:29,前摄像头,否,front camera
5851,person,2026-08-17 09:24:31,前摄像头,否,front camera
5852,person,2026-08-17 09:24:33,前摄像头,否,front camera
5853,person,2026-08-17 09:24:35,前摄像头,否,front camera
5854,person,2026-08-17 09:24:37,前摄像头,否,front camera
5855,person,2026-08-17 09:24:39,前摄像头,否,front camera
5856,person,2026-08-17 09:24:41,前摄像头,否,front camera
5857,person,2026-08-17 09:24:43,前摄像头,否,front camera
5858,person,2026-08-17 09:24:45,前摄像头,否,front camera
5859,person,2026-08-17 09:24:48,前摄像头,否,front camera
5860,person,2026-08-17 09:24:50,前摄像头,否,front camera
5861,person,2026-08-17 09:24:52,前摄像头,否,front camera
5862,person,2026-08-17 09:24:54,前摄像头,否,front camera
5863,person,2026-08-17 09:24:56,前摄像头,否,front camera
5864,person,2026-08-17 09:24:59,前摄像头,否,front camera
5865,person,2026-08-17 09:25:01,前摄像头,否,front camera
5866,person,2026-08-17 09:25:03,前摄像头,否,front camera
5867,person,2026-08-17 09:25:06,前摄像头,否,front camera
5868,person,2026-08-17 09:25:08,前摄像头,否,front camera
5869,person,2026-08-17 09:25:10,前摄像头,否,front camera
5870,person,2026-08-17 09:25:12,前摄像头,否,front camera
5871,person,2026-08-17 09:25:14,前摄像头,否,front camera
5872,person,2026-08-17 09:25:16,前摄像头,否,front camera
5873,person,2026-08-17 09:25:18,前摄像头,否,front camera
5874,person,2026-08-17 09:25:20,前摄像头,否,front camera
5875,person,2026-08-17 09:25:22,前摄像头,否,front camera
5876,person,2026-08-17 09:25:25,前摄像头,否,front camera
5877,person,2026-08-17 09:25:27,前摄像头,否,front camera
5878,person,2026-08-17 09:25:33,前摄像头,否,front camera
5879,person,2026-08-17 09:25:38,前摄像头,否,front camera
5880,person,2026-08-17 09:25:40,前摄像头,否,front camera
5881,person,2026-08-17 09:25:42,前摄像头,否,front camera
5882,person,2026-08-17 09:25:44,前摄像头,否,front camera
5883,person,2026-08-17 09:25:46,前摄像头,否,front camera
5884,person,2026-08-17 09:25:48,前摄像头,否,front camera
5885,person,2026-08-17 09:25:50,前摄像头,否,front camera
5886,person,2026-08-17 09:25:52,前摄像头,否,front camera
5887,person,2026-08-17 09:25:55,前摄像头,否,front camera
5888,person,2026-08-17 09:25:58,前摄像头,否,front camera
5889,"cup,person",2026-08-17 09:26:00,前摄像头,否,front camera
5890,person,2026-08-17 09:26:02,前摄像头,否,front camera
5891,person,2026-08-17 09:26:05,前摄像头,否,front camera
5892,person,2026-08-17 09:26:07,前摄像头,否,front camera
5893,person,2026-08-17 09:26:09,前摄像头,否,front camera
5894,person,2026-08-17 09:26:11,前摄像头,否,front camera
5895,person,2026-08-17 09:26:13,前摄像头,否,front camera
5896,person,2026-08-17 09:26:15,前摄像头,否,front camera
5897,person,2026-08-17 09:26:17,前摄像头,否,front camera
5898,person,2026-08-17 09:26:19,前摄像头,否,front camera
5899,person,2026-08-17 09:26:21,前摄像头,否,front camera
5900,person,2026-08-17 09:26:23,前摄像头,否,front camera
5901,person,2026-08-17 09:26:25,前摄像头,否,front camera
5902,person,2026-08-17 09:26:27,前摄像头,否,front camera
5903,person,2026-08-17 09:26:29,前摄像头,否,front camera
5904,person,2026-08-17 09:26:31,前摄像头,否,front camera
5905,person,2026-08-17 09:26:33,前摄像头,否,front camera
5906,person,2026-08-17 09:26:35,前摄像头,否,front camera
5907,person,2026-08-17 09:26:37,前摄像头,否,front camera
5908,person,2026-08-17 09:26:40,前摄像头,否,front camera
5909,person,2026-08-17 09:26:42,前摄像头,否,front camera
5910,person,2026-08-17 09:26:44,前摄像头,否,front camera
5911,person,2026-08-17 09:26:46,前摄像头,否,front camera
5912,person,2026-08-17 09:26:48,前摄像头,否,front camera
5913,person,2026-08-17 09:26:50,前摄像头,否,front camera
5914,person,2026-08-17 09:26:52,前摄像头,否,front camera
5915,person,2026-08-17 09:26:54,前摄像头,否,front camera
5916,person,2026-08-17 09:26:56,前摄像头,否,front camera
5917,person,2026-08-17 09:26:58,前摄像头,否,front camera
5918,person,2026-08-17 09:27:00,前摄像头,否,front camera
5919,person,2026-08-17 09:27:02,前摄像头,否,front camera
5920,person,2026-08-17 09:27:04,前摄像头,否,front camera
5921,person,2026-08-17 09:27:06,前摄像头,否,front camera
5922,person,2026-08-17 09:27:08,前摄像头,否,front camera
5923,person,2026-08-17 09:27:10,前摄像头,否,front camera
5924,person,2026-08-17 09:27:13,前摄像头,否,front camera
5925,person,2026-08-17 09:27:17,前摄像头,否,front camera
5926,person,2026-08-17 09:27:19,前摄像头,否,front camera
5927,person,2026-08-17 09:27:23,前摄像头,否,front camera
5928,person,2026-08-17 09:27:25,前摄像头,否,front camera
5929,person,2026-08-17 09:27:27,前摄像头,否,front camera
5930,person,2026-08-17 09:27:29,前摄像头,否,front camera
5931,person,2026-08-17 09:27:31,前摄像头,否,front camera
5932,person,2026-08-17 09:27:33,前摄像头,否,front camera
5933,"person,cup",2026-08-17 09:27:35,前摄像头,否,front camera
5934,person,2026-08-17 09:27:37,前摄像头,否,front camera
5935,person,2026-08-17 09:27:40,前摄像头,否,front camera
5936,"person,cup",2026-08-17 09:27:42,前摄像头,否,front camera
5937,"person,cup",2026-08-17 09:27:44,前摄像头,否,front camera
5938,"person,cup",2026-08-17 09:27:46,前摄像头,否,front camera
5939,"person,cup",2026-08-17 09:27:48,前摄像头,否,front camera
5940,"person,cup",2026-08-17 09:27:50,前摄像头,否,front camera
5941,"person,cup",2026-08-17 09:27:52,前摄像头,否,front camera
5942,"person,cup",2026-08-17 09:27:54,前摄像头,否,front camera
5943,"person,cup",2026-08-17 09:27:56,前摄像头,否,front camera
5944,"person,cup",2026-08-17 09:27:58,前摄像头,否,front camera
5945,"person,cup",2026-08-17 09:28:00,前摄像头,否,front camera
5946,"person,cup",2026-08-17 09:28:02,前摄像头,否,front camera
5947,"person,cup",2026-08-17 09:28:04,前摄像头,否,front camera
5948,"person,cup",2026-08-17 09:28:06,前摄像头,否,front camera
5949,"person,cup",2026-08-17 09:28:08,前摄像头,否,front camera
5950,"person,cup",2026-08-17 09:28:10,前摄像头,否,front camera
5951,"person,cup",2026-08-17 09:28:12,前摄像头,否,front camera
5952,"person,cup",2026-08-17 09:28:14,前摄像头,否,front camera
5953,person,2026-08-17 09:28:16,前摄像头,否,front camera
5954,person,2026-08-17 09:28:18,前摄像头,否,front camera
5955,person,2026-08-17 09:28:20,前摄像头,否,front camera
5956,person,2026-08-17 09:28:22,前摄像头,否,front camera
5957,person,2026-08-17 09:28:24,前摄像头,否,front camera
5958,person,2026-08-17 09:28:26,前摄像头,否,front camera
5959,person,2026-08-17 09:28:28,前摄像头,否,front camera
5960,person,2026-08-17 09:28:30,前摄像头,否,front camera
5961,person,2026-08-17 09:28:32,前摄像头,否,front camera
5962,person,2026-08-17 09:28:34,前摄像头,否,front camera
5963,person,2026-08-17 09:28:36,前摄像头,否,front camera
5964,person,2026-08-17 09:28:38,前摄像头,否,front camera
5965,person,2026-08-17 09:28:40,前摄像头,否,front camera
5966,person,2026-08-17 09:28:42,前摄像头,否,front camera
5967,person,2026-08-17 09:28:44,前摄像头,否,front camera
5968,person,2026-08-17 09:28:46,前摄像头,否,front camera
5969,person,2026-08-17 09:28:48,前摄像头,否,front camera
5970,person,2026-08-17 09:28:50,前摄像头,否,front camera
5971,person,2026-08-17 09:28:52,前摄像头,否,front camera
5972,person,2026-08-17 09:28:54,前摄像头,否,front camera
5973,person,2026-08-17 09:28:56,前摄像头,否,front camera
5974,person,2026-08-17 09:28:58,前摄像头,否,front camera
5975,person,2026-08-17 09:29:00,前摄像头,否,front camera
5976,person,2026-08-17 09:29:02,前摄像头,否,front camera
5977,person,2026-08-17 09:29:04,前摄像头,否,front camera
5978,person,2026-08-17 09:29:06,前摄像头,否,front camera
5979,person,2026-08-17 09:29:08,前摄像头,否,front camera
5980,person,2026-08-17 09:29:10,前摄像头,否,front camera
5981,person,2026-08-17 09:29:12,前摄像头,否,front camera
5982,person,2026-08-17 09:29:14,前摄像头,否,front camera
5983,person,2026-08-17 09:29:16,前摄像头,否,front camera
5984,person,2026-08-17 09:29:18,前摄像头,否,front camera
5985,person,2026-08-17 09:29:20,前摄像头,否,front camera
5986,person,2026-08-17 09:29:22,前摄像头,否,front camera
5987,person,2026-08-17 09:29:24,前摄像头,否,front camera
5988,person,2026-08-17 09:29:26,前摄像头,否,front camera
5989,person,2026-08-17 09:29:28,前摄像头,否,front camera
5990,person,2026-08-17 09:29:30,前摄像头,否,front camera
5991,person,2026-08-17 09:29:32,前摄像头,否,front camera
5992,person,2026-08-17 09:29:34,前摄像头,否,front camera
5993,person,2026-08-17 09:29:36,前摄像头,否,front camera
5994,person,2026-08-17 09:29:38,前摄像头,否,front camera
5995,person,2026-08-17 09:29:40,前摄像头,否,front camera
5996,person,2026-08-17 09:29:42,前摄像头,否,front camera
5997,person,2026-08-17 09:29:44,前摄像头,否,front camera
5998,person,2026-08-17 09:29:46,前摄像头,否,front camera
5999,person,2026-08-17 09:29:48,前摄像头,否,front camera
6000,person,2026-08-17 09:29:50,前摄像头,否,front camera
6001,person,2026-08-17 09:29:52,前摄像头,否,front camera
6002,person,2026-08-17 09:29:54,前摄像头,否,front camera
6003,person,2026-08-17 09:29:56,前摄像头,否,front camera
6004,person,2026-08-17 09:29:58,前摄像头,否,front camera
6005,person,2026-08-17 09:30:00,前摄像头,否,front camera
6006,person,2026-08-17 09:30:02,前摄像头,否,front camera
6007,person,2026-08-17 09:30:04,前摄像头,否,front camera
6008,person,2026-08-17 09:30:06,前摄像头,否,front camera
6009,person,2026-08-17 09:30:08,前摄像头,否,front camera
6010,person,2026-08-17 09:30:10,前摄像头,否,front camera
6011,person,2026-08-17 09:30:12,前摄像头,否,front camera
6012,person,2026-08-17 09:30:14,前摄像头,否,front camera
6013,person,2026-08-17 09:30:16,前摄像头,否,front camera
6014,person,2026-08-17 09:30:18,前摄像头,否,front camera
6015,person,2026-08-17 09:30:20,前摄像头,否,front camera
6016,person,2026-08-17 09:30:22,前摄像头,否,front camera
6017,person,2026-08-17 09:30:24,前摄像头,否,front camera
6018,person,2026-08-17 09:30:26,前摄像头,否,front camera
6019,person,2026-08-17 09:30:28,前摄像头,否,front camera
6020,person,2026-08-17 09:30:30,前摄像头,否,front camera
6021,person,2026-08-17 09:30:32,前摄像头,否,front camera
6022,person,2026-08-17 09:30:34,前摄像头,否,front camera
6023,person,2026-08-17 09:30:36,前摄像头,否,front camera
6024,person,2026-08-17 09:30:38,前摄像头,否,front camera
6025,person,2026-08-17 09:30:40,前摄像头,否,front camera
6026,person,2026-08-17 09:30:42,前摄像头,否,front camera
6027,person,2026-08-17 09:30:44,前摄像头,否,front camera
6028,person,2026-08-17 09:30:49,前摄像头,否,front camera
6029,person,2026-08-17 09:30:51,前摄像头,否,front camera
6030,person,2026-08-17 09:30:54,前摄像头,否,front camera
6031,person,2026-08-17 09:30:57,前摄像头,否,front camera
6032,person,2026-08-17 09:31:00,前摄像头,否,front camera
6033,person,2026-08-17 09:31:02,前摄像头,否,front camera
6034,person,2026-08-17 09:31:04,前摄像头,否,front camera
6035,person,2026-08-17 09:31:07,前摄像头,否,front camera
6036,person,2026-08-17 09:31:10,前摄像头,否,front camera
6037,person,2026-08-17 09:31:13,前摄像头,否,front camera
6038,person,2026-08-17 09:31:15,前摄像头,否,front camera
6039,person,2026-08-17 09:31:18,前摄像头,否,front camera
6040,person,2026-08-17 09:31:21,前摄像头,否,front camera
6041,person,2026-08-17 09:31:24,前摄像头,否,front camera
6042,person,2026-08-17 09:31:26,前摄像头,否,front camera
6043,person,2026-08-17 09:31:29,前摄像头,否,front camera
6044,person,2026-08-17 09:31:32,前摄像头,否,front camera
6045,person,2026-08-17 09:31:34,前摄像头,否,front camera
6046,person,2026-08-17 09:31:37,前摄像头,否,front camera
6047,person,2026-08-17 09:31:40,前摄像头,否,front camera
6048,person,2026-08-17 09:31:42,前摄像头,否,front camera
6049,person,2026-08-17 09:31:45,前摄像头,否,front camera
6050,person,2026-08-17 09:31:48,前摄像头,否,front camera
6051,person,2026-08-17 09:31:50,前摄像头,否,front camera
6052,person,2026-08-17 09:31:53,前摄像头,否,front camera
6053,person,2026-08-17 09:31:56,前摄像头,否,front camera
6054,person,2026-08-17 09:31:58,前摄像头,否,front camera
6055,person,2026-08-17 09:32:01,前摄像头,否,front camera
6056,person,2026-08-17 09:32:03,前摄像头,否,front camera
6057,person,2026-08-17 09:32:07,前摄像头,否,front camera
6058,person,2026-08-17 09:32:10,前摄像头,否,front camera
6059,person,2026-08-17 09:32:10,前摄像头,否,front camera
6060,person,2026-08-17 09:32:13,前摄像头,否,front camera
6061,person,2026-08-17 09:32:17,前摄像头,否,front camera
6062,person,2026-08-17 09:32:19,前摄像头,否,front camera
6063,person,2026-08-17 09:32:21,前摄像头,否,front camera
6064,person,2026-08-17 09:32:23,前摄像头,否,front camera
6065,person,2026-08-17 09:32:25,前摄像头,否,front camera
6066,person,2026-08-17 09:32:27,前摄像头,否,front camera
6067,person,2026-08-17 09:32:31,前摄像头,否,front camera
6068,person,2026-08-17 09:32:33,前摄像头,否,front camera
6069,person,2026-08-17 09:32:36,前摄像头,否,front camera
6070,person,2026-08-17 09:32:39,前摄像头,否,front camera
6071,person,2026-08-17 09:32:41,前摄像头,否,front camera
6072,person,2026-08-17 09:32:44,前摄像头,否,front camera
6073,person,2026-08-17 09:32:46,前摄像头,否,front camera
6074,person,2026-08-17 09:32:48,前摄像头,否,front camera
6075,person,2026-08-17 09:32:50,前摄像头,否,front camera
6076,person,2026-08-17 09:32:52,前摄像头,否,front camera
6077,person,2026-08-17 09:32:54,前摄像头,否,front camera
6078,person,2026-08-17 09:32:56,前摄像头,否,front camera
6079,person,2026-08-17 09:32:58,前摄像头,否,front camera
6080,person,2026-08-17 09:33:01,前摄像头,否,front camera
6081,person,2026-08-17 09:33:03,前摄像头,否,front camera
6082,person,2026-08-17 09:33:05,前摄像头,否,front camera
6083,person,2026-08-17 09:33:07,前摄像头,否,front camera
6084,person,2026-08-17 09:33:09,前摄像头,否,front camera
6085,person,2026-08-17 09:33:11,前摄像头,否,front camera
6086,person,2026-08-17 09:33:13,前摄像头,否,front camera
6087,person,2026-08-17 09:33:15,前摄像头,否,front camera
6088,person,2026-08-17 09:33:17,前摄像头,否,front camera
6089,person,2026-08-17 09:33:19,前摄像头,否,front camera
6090,person,2026-08-17 09:33:21,前摄像头,否,front camera
6091,person,2026-08-17 09:33:23,前摄像头,否,front camera
6092,person,2026-08-17 09:33:25,前摄像头,否,front camera
6093,person,2026-08-17 09:33:27,前摄像头,否,front camera
6094,person,2026-08-17 09:33:29,前摄像头,否,front camera
6095,person,2026-08-17 09:33:31,前摄像头,否,front camera
6096,person,2026-08-17 09:33:33,前摄像头,否,front camera
6097,person,2026-08-17 09:33:35,前摄像头,否,front camera
6098,person,2026-08-17 09:33:37,前摄像头,否,front camera
6099,person,2026-08-17 09:33:39,前摄像头,否,front camera
6100,person,2026-08-17 09:33:41,前摄像头,否,front camera
6101,person,2026-08-17 09:33:43,前摄像头,否,front camera
6102,person,2026-08-17 09:33:45,前摄像头,否,front camera
6103,person,2026-08-17 09:33:47,前摄像头,否,front camera
6104,person,2026-08-17 09:33:49,前摄像头,否,front camera
6105,person,2026-08-17 09:33:51,前摄像头,否,front camera
6106,person,2026-08-17 09:33:53,前摄像头,否,front camera
6107,person,2026-08-17 09:33:55,前摄像头,否,front camera
6108,person,2026-08-17 09:33:57,前摄像头,否,front camera
6109,person,2026-08-17 09:33:59,前摄像头,否,front camera
6110,person,2026-08-17 09:34:01,前摄像头,否,front camera
6111,person,2026-08-17 09:34:03,前摄像头,否,front camera
6112,person,2026-08-17 09:34:05,前摄像头,否,front camera
6113,person,2026-08-17 09:34:07,前摄像头,否,front camera
6114,person,2026-08-17 09:34:09,前摄像头,否,front camera
6115,person,2026-08-17 09:34:11,前摄像头,否,front camera
6116,person,2026-08-17 09:34:13,前摄像头,否,front camera
6117,person,2026-08-17 09:34:15,前摄像头,否,front camera
6118,person,2026-08-17 09:34:17,前摄像头,否,front camera
6119,person,2026-08-17 09:34:19,前摄像头,否,front camera
6120,person,2026-08-17 09:34:21,前摄像头,否,front camera
6121,person,2026-08-17 09:34:23,前摄像头,否,front camera
6122,person,2026-08-17 09:34:25,前摄像头,否,front camera
6123,person,2026-08-17 09:34:27,前摄像头,否,front camera
6124,person,2026-08-17 09:34:29,前摄像头,否,front camera
6125,person,2026-08-17 09:34:31,前摄像头,否,front camera
6126,person,2026-08-17 09:34:33,前摄像头,否,front camera
6127,person,2026-08-17 09:34:35,前摄像头,否,front camera
6128,person,2026-08-17 09:34:37,前摄像头,否,front camera
6129,person,2026-08-17 09:34:39,前摄像头,否,front camera
6130,person,2026-08-17 09:34:41,前摄像头,否,front camera
6131,person,2026-08-17 09:34:43,前摄像头,否,front camera
6132,person,2026-08-17 09:34:45,前摄像头,否,front camera
6133,person,2026-08-17 09:34:47,前摄像头,否,front camera
6134,person,2026-08-17 09:34:49,前摄像头,否,front camera
6135,person,2026-08-17 09:34:51,前摄像头,否,front camera
6136,person,2026-08-17 09:34:56,前摄像头,否,front camera
6137,person,2026-08-17 09:34:58,前摄像头,否,front camera
6138,person,2026-08-17 09:35:00,前摄像头,否,front camera
6139,person,2026-08-17 09:35:03,前摄像头,否,front camera
6140,person,2026-08-17 09:35:05,前摄像头,否,front camera
6141,person,2026-08-17 09:35:07,前摄像头,否,front camera
6142,person,2026-08-17 09:35:10,前摄像头,否,front camera
6143,person,2026-08-17 09:35:12,前摄像头,否,front camera
6144,person,2026-08-17 09:35:15,前摄像头,否,front camera
6145,person,2026-08-17 09:35:19,前摄像头,否,front camera
6146,person,2026-08-17 09:35:21,前摄像头,否,front camera
6147,person,2026-08-17 09:35:23,前摄像头,否,front camera
6148,person,2026-08-17 09:35:25,前摄像头,否,front camera
6149,person,2026-08-17 09:35:27,前摄像头,否,front camera
6150,person,2026-08-17 09:35:29,前摄像头,否,front camera
6151,person,2026-08-17 09:35:31,前摄像头,否,front camera
6152,person,2026-08-17 09:35:33,前摄像头,否,front camera
6153,person,2026-08-17 09:35:35,前摄像头,否,front camera
6154,person,2026-08-17 09:35:37,前摄像头,否,front camera
6155,person,2026-08-17 09:35:39,前摄像头,否,front camera
6156,person,2026-08-17 09:35:41,前摄像头,否,front camera
6157,person,2026-08-17 09:35:43,前摄像头,否,front camera
6158,person,2026-08-17 09:35:45,前摄像头,否,front camera
6159,person,2026-08-17 09:35:47,前摄像头,否,front camera
6160,person,2026-08-17 09:35:49,前摄像头,否,front camera
6161,person,2026-08-17 09:35:51,前摄像头,否,front camera
6162,person,2026-08-17 09:35:53,前摄像头,否,front camera
6163,person,2026-08-17 09:35:55,前摄像头,否,front camera
6164,person,2026-08-17 09:35:57,前摄像头,否,front camera
6165,person,2026-08-17 09:35:59,前摄像头,否,front camera
6166,person,2026-08-17 09:36:01,前摄像头,否,front camera
6167,person,2026-08-17 09:36:03,前摄像头,否,front camera
6168,person,2026-08-17 09:36:05,前摄像头,否,front camera
6169,person,2026-08-17 09:36:07,前摄像头,否,front camera
6170,person,2026-08-17 09:36:09,前摄像头,否,front camera
6171,person,2026-08-17 09:36:11,前摄像头,否,front camera
6172,person,2026-08-17 09:36:13,前摄像头,否,front camera
6173,person,2026-08-17 09:36:15,前摄像头,否,front camera
6174,person,2026-08-17 09:36:17,前摄像头,否,front camera
6175,person,2026-08-17 09:36:19,前摄像头,否,front camera
6176,cup,2026-08-17 09:39:07,后摄像头,否,后摄
6177,cup,2026-08-17 09:39:09,后摄像头,否,后摄
6178,phone,2026-08-17 09:39:20,后摄像头,否,后摄
6176,person,2026-08-17 09:46:08,前摄像头,否,front camera
6177,person,2026-08-17 09:46:10,前摄像头,否,front camera
6178,person,2026-08-17 09:46:12,前摄像头,否,front camera
6179,person,2026-08-17 09:46:14,前摄像头,否,front camera
6180,person,2026-08-17 09:46:16,前摄像头,否,front camera
6181,person,2026-08-17 09:46:18,前摄像头,否,front camera
6182,person,2026-08-17 09:46:21,前摄像头,否,front camera
6183,person,2026-08-17 09:46:24,前摄像头,否,front camera
6184,person,2026-08-17 09:46:29,前摄像头,否,front camera
6185,person,2026-08-17 09:46:32,前摄像头,否,front camera
6186,person,2026-08-17 09:46:39,前摄像头,否,front camera
6187,person,2026-08-17 09:46:44,前摄像头,否,front camera
6188,person,2026-08-17 09:46:49,前摄像头,否,front camera
6189,person,2026-08-17 09:46:51,前摄像头,否,front camera
6190,person,2026-08-17 09:46:53,前摄像头,否,front camera
6191,person,2026-08-17 09:46:55,前摄像头,否,front camera
6192,person,2026-08-17 09:46:57,前摄像头,否,front camera
6193,person,2026-08-17 09:47:00,前摄像头,否,front camera
6194,person,2026-08-17 09:47:03,前摄像头,否,front camera
6195,person,2026-08-17 09:47:05,前摄像头,否,front camera
6196,person,2026-08-17 09:47:08,前摄像头,否,front camera
6197,person,2026-08-17 09:47:10,前摄像头,否,front camera
6198,person,2026-08-17 09:47:12,前摄像头,否,front camera
6199,person,2026-08-17 09:47:14,前摄像头,否,front camera
6200,person,2026-08-17 09:47:16,前摄像头,否,front camera
6201,person,2026-08-17 09:47:18,前摄像头,否,front camera
6202,person,2026-08-17 09:47:20,前摄像头,否,front camera
6203,person,2026-08-17 09:47:22,前摄像头,否,front camera
6204,person,2026-08-17 09:47:24,前摄像头,否,front camera
6205,person,2026-08-17 09:47:26,前摄像头,否,front camera
6206,person,2026-08-17 09:47:28,前摄像头,否,front camera
6207,person,2026-08-17 09:47:30,前摄像头,否,front camera
6208,person,2026-08-17 09:47:32,前摄像头,否,front camera
6209,person,2026-08-17 09:47:34,前摄像头,否,front camera
6210,person,2026-08-17 09:47:36,前摄像头,否,front camera
6211,person,2026-08-17 09:47:38,前摄像头,否,front camera
6212,person,2026-08-17 09:47:40,前摄像头,否,front camera
6213,person,2026-08-17 09:47:42,前摄像头,否,front camera
6214,person,2026-08-17 09:47:44,前摄像头,否,front camera
6215,person,2026-08-17 09:47:46,前摄像头,否,front camera
6216,person,2026-08-17 09:47:48,前摄像头,否,front camera
6217,person,2026-08-17 09:47:50,前摄像头,否,front camera
6218,person,2026-08-17 09:47:52,前摄像头,否,front camera
6219,person,2026-08-17 09:47:54,前摄像头,否,front camera
6220,person,2026-08-17 09:47:56,前摄像头,否,front camera
6221,person,2026-08-17 09:47:58,前摄像头,否,front camera
6222,person,2026-08-17 09:48:00,前摄像头,否,front camera
6223,person,2026-08-17 09:48:02,前摄像头,否,front camera
6224,person,2026-08-17 09:48:05,前摄像头,否,front camera
6225,person,2026-08-17 09:48:07,前摄像头,否,front camera
6226,person,2026-08-17 09:48:09,前摄像头,否,front camera
6227,person,2026-08-17 09:48:11,前摄像头,否,front camera
6228,person,2026-08-17 09:48:13,前摄像头,否,front camera
6229,person,2026-08-17 09:48:15,前摄像头,否,front camera
6230,person,2026-08-17 09:48:17,前摄像头,否,front camera
6231,person,2026-08-17 09:48:19,前摄像头,否,front camera
6232,person,2026-08-17 09:48:21,前摄像头,否,front camera
6233,person,2026-08-17 09:48:23,前摄像头,否,front camera
6234,person,2026-08-17 09:48:25,前摄像头,否,front camera
6235,person,2026-08-17 09:48:27,前摄像头,否,front camera
6236,person,2026-08-17 09:48:29,前摄像头,否,front camera
6237,person,2026-08-17 09:48:31,前摄像头,否,front camera
6238,person,2026-08-17 09:48:33,前摄像头,否,front camera
6239,person,2026-08-17 09:48:35,前摄像头,否,front camera
6240,person,2026-08-17 09:48:37,前摄像头,否,front camera
6241,person,2026-08-17 09:48:40,前摄像头,否,front camera
6242,person,2026-08-17 09:48:42,前摄像头,否,front camera
6243,person,2026-08-17 09:48:44,前摄像头,否,front camera
6244,person,2026-08-17 09:48:46,前摄像头,否,front camera
6245,person,2026-08-17 09:48:48,前摄像头,否,front camera
6246,person,2026-08-17 09:48:50,前摄像头,否,front camera
6247,person,2026-08-17 09:48:52,前摄像头,否,front camera
6248,person,2026-08-17 09:48:54,前摄像头,否,front camera
6249,person,2026-08-17 09:48:56,前摄像头,否,front camera
6250,person,2026-08-17 09:48:58,前摄像头,否,front camera
6251,person,2026-08-17 09:49:00,前摄像头,否,front camera
6252,person,2026-08-17 09:49:02,前摄像头,否,front camera
6253,person,2026-08-17 09:49:05,前摄像头,否,front camera
6254,person,2026-08-17 09:49:07,前摄像头,否,front camera
6255,person,2026-08-17 09:49:10,前摄像头,否,front camera
6256,person,2026-08-17 09:49:12,前摄像头,否,front camera
6257,person,2026-08-17 09:49:14,前摄像头,否,front camera
6258,person,2026-08-17 09:49:16,前摄像头,否,front camera
6259,person,2026-08-17 09:49:18,前摄像头,否,front camera
6260,person,2026-08-17 09:49:20,前摄像头,否,front camera
6261,person,2026-08-17 09:49:22,前摄像头,否,front camera
6262,person,2026-08-17 09:49:25,前摄像头,否,front camera
6263,person,2026-08-17 09:49:28,前摄像头,否,front camera
6264,person,2026-08-17 09:49:30,前摄像头,否,front camera
6265,person,2026-08-17 09:49:32,前摄像头,否,front camera
6266,person,2026-08-17 09:49:34,前摄像头,否,front camera
6267,person,2026-08-17 09:49:39,前摄像头,否,front camera
6268,person,2026-08-17 09:49:41,前摄像头,否,front camera
6269,person,2026-08-17 09:49:43,前摄像头,否,front camera
6270,person,2026-08-17 09:49:48,前摄像头,否,front camera
6271,person,2026-08-17 09:49:50,前摄像头,否,front camera
6272,person,2026-08-17 09:49:52,前摄像头,否,front camera
6273,person,2026-08-17 09:49:54,前摄像头,否,front camera
6274,person,2026-08-17 09:49:56,前摄像头,否,front camera
6275,person,2026-08-17 09:50:03,前摄像头,否,front camera
6276,person,2026-08-17 09:50:05,前摄像头,否,front camera
6277,person,2026-08-17 09:50:11,前摄像头,否,front camera
6278,person,2026-08-17 09:50:13,前摄像头,否,front camera
6279,person,2026-08-17 09:50:18,前摄像头,否,front camera
6280,person,2026-08-17 09:50:20,前摄像头,否,front camera
6281,person,2026-08-17 09:50:22,前摄像头,否,front camera
6282,person,2026-08-17 09:50:27,前摄像头,否,front camera
6283,person,2026-08-17 09:50:49,前摄像头,否,front camera
6284,person,2026-08-17 09:50:51,前摄像头,否,front camera
6285,person,2026-08-17 09:50:54,前摄像头,否,front camera
6286,person,2026-08-17 09:50:59,前摄像头,否,front camera
6287,person,2026-08-17 09:51:07,前摄像头,否,front camera
6288,person,2026-08-17 09:51:18,前摄像头,否,front camera
6289,person,2026-08-17 09:51:21,前摄像头,否,front camera
6290,person,2026-08-17 09:51:25,前摄像头,否,front camera
6291,person,2026-08-17 09:51:37,前摄像头,否,front camera
6292,person,2026-08-17 09:51:41,前摄像头,否,front camera
6293,person,2026-08-17 09:52:02,前摄像头,否,front camera
6294,person,2026-08-17 09:52:07,前摄像头,否,front camera
6295,person,2026-08-17 09:52:12,前摄像头,否,front camera
6296,person,2026-08-17 09:52:40,前摄像头,否,front camera
6297,person,2026-08-17 09:53:42,前摄像头,否,front camera
6298,person,2026-08-17 09:55:06,前摄像头,否,front camera
6299,person,2026-08-17 09:55:09,前摄像头,否,front camera
6300,person,2026-08-17 09:55:11,前摄像头,否,front camera
6301,person,2026-08-17 09:55:18,前摄像头,否,front camera
6302,person,2026-08-17 09:55:39,前摄像头,否,front camera
6303,person,2026-08-17 09:55:59,前摄像头,否,front camera
6304,person,2026-08-17 09:56:09,前摄像头,否,front camera
6305,person,2026-08-17 09:56:48,前摄像头,否,front camera
6306,person,2026-08-17 09:56:50,前摄像头,否,front camera
6307,person,2026-08-17 09:56:53,前摄像头,否,front camera
6308,person,2026-08-17 09:56:55,前摄像头,否,front camera
6309,person,2026-08-17 09:56:59,前摄像头,否,front camera
6310,person,2026-08-17 09:57:40,前摄像头,否,front camera
6311,person,2026-08-17 09:57:59,前摄像头,否,front camera
6312,person,2026-08-17 09:58:05,前摄像头,否,front camera
6313,person,2026-08-17 09:58:28,前摄像头,否,front camera
6314,person,2026-08-17 09:58:49,前摄像头,否,front camera
6315,person,2026-08-17 09:58:58,前摄像头,否,front camera
6316,person,2026-08-17 09:59:07,前摄像头,否,front camera
6317,person,2026-08-17 10:00:09,前摄像头,否,front camera
6318,person,2026-08-17 10:00:19,前摄像头,否,front camera
6319,person,2026-08-17 10:00:33,前摄像头,否,front camera
6320,person,2026-08-17 10:00:53,前摄像头,否,front camera
6321,person,2026-08-17 10:01:03,前摄像头,否,front camera
6322,person,2026-08-17 10:01:12,前摄像头,否,front camera
6323,person,2026-08-17 10:01:32,前摄像头,否,front camera
6324,person,2026-08-17 10:01:35,前摄像头,否,front camera
6325,person,2026-08-17 10:01:37,前摄像头,否,front camera
6326,person,2026-08-17 10:01:48,前摄像头,否,front camera
6327,person,2026-08-17 10:02:06,前摄像头,否,front camera
6328,person,2026-08-17 10:02:42,前摄像头,否,front camera
6329,person,2026-08-17 10:02:45,前摄像头,否,front camera
6330,person,2026-08-17 10:02:47,前摄像头,否,front camera
6331,person,2026-08-17 10:02:49,前摄像头,否,front camera
6332,person,2026-08-17 10:02:52,前摄像头,否,front camera
6333,person,2026-08-17 10:02:54,前摄像头,否,front camera
6334,person,2026-08-17 10:02:56,前摄像头,否,front camera
6335,person,2026-08-17 10:02:59,前摄像头,否,front camera
6336,person,2026-08-17 10:03:02,前摄像头,否,front camera
6337,person,2026-08-17 10:03:04,前摄像头,否,front camera
6338,person,2026-08-17 10:03:06,前摄像头,否,front camera
6339,person,2026-08-17 10:03:08,前摄像头,否,front camera
6340,person,2026-08-17 10:03:10,前摄像头,否,front camera
6341,person,2026-08-17 10:03:13,前摄像头,否,front camera
6342,person,2026-08-17 10:03:16,前摄像头,否,front camera
6343,person,2026-08-17 10:03:18,前摄像头,否,front camera
6344,person,2026-08-17 10:03:20,前摄像头,否,front camera
6345,person,2026-08-17 10:03:24,前摄像头,否,front camera
6346,person,2026-08-17 10:03:26,前摄像头,否,front camera
6347,person,2026-08-17 10:03:29,前摄像头,否,front camera
6348,person,2026-08-17 10:04:07,前摄像头,否,front camera
6349,person,2026-08-17 10:04:09,前摄像头,否,front camera
6350,person,2026-08-17 10:04:11,前摄像头,否,front camera
6351,person,2026-08-17 10:04:13,前摄像头,否,front camera
6352,person,2026-08-17 10:04:16,前摄像头,否,front camera
6353,person,2026-08-17 10:04:20,前摄像头,否,front camera
6354,person,2026-08-17 10:04:22,前摄像头,否,front camera
6355,person,2026-08-17 10:04:24,前摄像头,否,front camera
6356,person,2026-08-17 10:04:36,前摄像头,否,front camera
6357,person,2026-08-17 10:04:40,前摄像头,否,front camera
6358,person,2026-08-17 10:04:48,前摄像头,否,front camera
6357,cup,2026-08-17 10:04:50,后摄像头,否,后摄
6358,cup,2026-08-17 10:04:50,后摄像头,否,后摄
6359,cup,2026-08-17 10:04:51,后摄像头,否,后摄
6360,cup,2026-08-17 10:04:52,后摄像头,否,后摄
6361,cup,2026-08-17 10:04:54,后摄像头,否,后摄
6362,cup,2026-08-17 10:04:57,后摄像头,否,后摄
6363,cup,2026-08-17 10:04:58,后摄像头,否,后摄
6364,cup,2026-08-17 10:04:59,后摄像头,否,后摄
6365,cup,2026-08-17 10:05:01,后摄像头,否,后摄
6366,cup,2026-08-17 10:05:04,后摄像头,否,后摄
6367,cup,2026-08-17 10:05:05,后摄像头,否,后摄
6368,cup,2026-08-17 10:05:08,后摄像头,否,后摄
6369,cup,2026-08-17 10:05:09,后摄像头,否,后摄
6370,cup,2026-08-17 10:05:11,后摄像头,否,后摄
6371,cup,2026-08-17 10:05:15,后摄像头,否,后摄
6372,cup,2026-08-17 10:05:16,后摄像头,否,后摄
6373,cup,2026-08-17 10:05:17,后摄像头,否,后摄
6374,cup,2026-08-17 10:05:24,后摄像头,否,后摄
6375,cup,2026-08-17 10:05:25,后摄像头,否,后摄
6376,cup,2026-08-17 10:05:27,后摄像头,否,后摄
6377,cup,2026-08-17 10:05:28,后摄像头,否,后摄
6378,cup,2026-08-17 10:05:32,后摄像头,否,后摄
6379,cup,2026-08-17 10:05:37,后摄像头,否,后摄
6380,cup,2026-08-17 10:05:40,后摄像头,否,后摄
6381,cup,2026-08-17 10:05:41,后摄像头,否,后摄
6382,cup,2026-08-17 10:05:42,后摄像头,否,后摄
6383,cup,2026-08-17 10:05:44,后摄像头,否,后摄
6384,cup,2026-08-17 10:05:48,后摄像头,否,后摄
6385,cup,2026-08-17 10:05:49,后摄像头,否,后摄
6386,cup,2026-08-17 10:05:52,后摄像头,否,后摄
6387,cup,2026-08-17 10:05:55,后摄像头,否,后摄
6388,cup,2026-08-17 10:05:56,后摄像头,否,后摄
6389,cup,2026-08-17 10:06:01,后摄像头,否,后摄
6390,cup,2026-08-17 10:06:04,后摄像头,否,后摄
6391,cup,2026-08-17 10:06:05,后摄像头,否,后摄
6392,cup,2026-08-17 10:06:07,后摄像头,否,后摄
6359,person,2026-08-17 10:06:07,前摄像头,否,front camera
6393,cup,2026-08-17 10:06:13,后摄像头,否,后摄
6394,cup,2026-08-17 10:06:19,后摄像头,否,后摄
6395,cup,2026-08-17 10:06:21,后摄像头,否,后摄
6396,cup,2026-08-17 10:06:25,后摄像头,否,后摄
6397,cup,2026-08-17 10:06:26,后摄像头,否,后摄
6398,cup,2026-08-17 10:06:29,后摄像头,否,后摄
6399,cup,2026-08-17 10:06:32,后摄像头,否,后摄
6400,cup,2026-08-17 10:06:34,后摄像头,否,后摄
6401,cup,2026-08-17 10:06:35,后摄像头,否,后摄
6402,cup,2026-08-17 10:06:37,后摄像头,否,后摄
6403,cup,2026-08-17 10:06:39,后摄像头,否,后摄
6404,cup,2026-08-17 10:06:41,后摄像头,否,后摄
6360,person,2026-08-17 10:06:43,前摄像头,否,front camera
6361,person,2026-08-17 10:06:45,前摄像头,否,front camera
6405,cup,2026-08-17 10:06:47,后摄像头,否,后摄
6362,person,2026-08-17 10:06:47,前摄像头,否,front camera
6363,person,2026-08-17 10:06:49,前摄像头,否,front camera
6406,cup,2026-08-17 10:06:51,后摄像头,否,后摄
6364,person,2026-08-17 10:06:51,前摄像头,否,front camera
6365,person,2026-08-17 10:06:53,前摄像头,否,front camera
6407,cup,2026-08-17 10:06:55,后摄像头,否,后摄
6366,person,2026-08-17 10:06:55,前摄像头,否,front camera
6367,person,2026-08-17 10:06:57,前摄像头,否,front camera
6408,cup,2026-08-17 10:07:00,后摄像头,否,后摄
6368,person,2026-08-17 10:07:02,前摄像头,否,front camera
6409,cup,2026-08-17 10:07:04,后摄像头,否,后摄
6410,cup,2026-08-17 10:07:06,后摄像头,否,后摄
6411,cup,2026-08-17 10:07:07,后摄像头,否,后摄
6412,cup,2026-08-17 10:07:08,后摄像头,否,后摄
6413,cup,2026-08-17 10:07:12,后摄像头,否,后摄
6369,person,2026-08-17 10:07:12,前摄像头,否,front camera
6414,cup,2026-08-17 10:07:20,后摄像头,否,后摄
6370,person,2026-08-17 10:07:24,前摄像头,否,front camera
6415,cup,2026-08-17 10:07:28,后摄像头,否,后摄
6371,person,2026-08-17 10:07:28,前摄像头,否,front camera
6416,cup,2026-08-17 10:07:29,后摄像头,否,后摄
6417,cup,2026-08-17 10:07:30,后摄像头,否,后摄
6418,cup,2026-08-17 10:07:34,后摄像头,否,后摄
6419,cup,2026-08-17 10:07:36,后摄像头,否,后摄
6420,cup,2026-08-17 10:07:37,后摄像头,否,后摄
6421,cup,2026-08-17 10:07:42,后摄像头,否,后摄
6422,cup,2026-08-17 10:07:43,后摄像头,否,后摄
6423,cup,2026-08-17 10:07:46,后摄像头,否,后摄
6424,cup,2026-08-17 10:07:47,后摄像头,否,后摄
6425,cup,2026-08-17 10:07:49,后摄像头,否,后摄
6426,cup,2026-08-17 10:07:54,后摄像头,否,后摄
6427,cup,2026-08-17 10:07:56,后摄像头,否,后摄
6428,cup,2026-08-17 10:08:02,后摄像头,否,后摄
6429,cup,2026-08-17 10:08:12,后摄像头,否,后摄
6430,cup,2026-08-17 10:08:14,后摄像头,否,后摄
6431,cup,2026-08-17 10:08:16,后摄像头,否,后摄
6432,cup,2026-08-17 10:08:18,后摄像头,否,后摄
6433,cup,2026-08-17 10:08:19,后摄像头,否,后摄
6434,cup,2026-08-17 10:08:21,后摄像头,否,后摄
6435,cup,2026-08-17 10:08:22,后摄像头,否,后摄
6436,未佩戴安全帽,2026-08-17 10:08:41,后摄像头,是,后摄
6437,未佩戴安全帽,2026-08-17 10:08:42,后摄像头,是,后摄
6438,未佩戴安全帽,2026-08-17 10:08:43,后摄像头,是,后摄
6439,未佩戴安全帽,2026-08-17 10:08:44,后摄像头,是,后摄
6440,未佩戴安全帽,2026-08-17 10:08:45,后摄像头,是,后摄
6441,未佩戴安全帽,2026-08-17 10:08:46,后摄像头,是,后摄
6442,未佩戴安全帽,2026-08-17 10:08:47,后摄像头,是,后摄
6443,未佩戴安全帽,2026-08-17 10:08:48,后摄像头,是,后摄
6444,未佩戴安全帽,2026-08-17 10:08:49,后摄像头,是,后摄
6445,未佩戴安全帽,2026-08-17 10:08:50,后摄像头,是,后摄
6446,未佩戴安全帽,2026-08-17 10:08:51,后摄像头,是,后摄
6447,未佩戴安全帽,2026-08-17 10:08:52,后摄像头,是,后摄
6448,未佩戴安全帽,2026-08-17 10:08:53,后摄像头,是,后摄
6449,未佩戴安全帽,2026-08-17 10:08:54,后摄像头,是,后摄
6450,未佩戴安全帽,2026-08-17 10:08:55,后摄像头,是,后摄
6451,未佩戴安全帽,2026-08-17 10:08:56,后摄像头,是,后摄
6452,未佩戴安全帽,2026-08-17 10:08:57,后摄像头,是,后摄
6453,未佩戴安全帽,2026-08-17 10:08:58,后摄像头,是,后摄
6454,未佩戴安全帽,2026-08-17 10:08:59,后摄像头,是,后摄
6455,未佩戴安全帽,2026-08-17 10:09:00,后摄像头,是,后摄
6456,未佩戴安全帽,2026-08-17 10:09:01,后摄像头,是,后摄
6457,未佩戴安全帽,2026-08-17 10:09:02,后摄像头,是,后摄
6458,未佩戴安全帽,2026-08-17 10:09:03,后摄像头,是,后摄
6459,未佩戴安全帽,2026-08-17 10:09:04,后摄像头,是,后摄
6460,未佩戴安全帽,2026-08-17 10:09:05,后摄像头,是,后摄
6461,未佩戴安全帽,2026-08-17 10:09:06,后摄像头,是,后摄
6462,未佩戴安全帽,2026-08-17 10:09:07,后摄像头,是,后摄
6463,未佩戴安全帽,2026-08-17 10:09:08,后摄像头,是,后摄
6464,未佩戴安全帽,2026-08-17 10:09:09,后摄像头,是,后摄
6465,未佩戴安全帽,2026-08-17 10:09:10,后摄像头,是,后摄
6466,未佩戴安全帽,2026-08-17 10:09:11,后摄像头,是,后摄
6467,person,2026-08-17 10:10:15,前摄像头,否,front camera
6468,person,2026-08-17 10:10:17,前摄像头,否,front camera
6469,person,2026-08-17 10:10:19,前摄像头,否,front camera
6470,person,2026-08-17 10:10:21,前摄像头,否,front camera
6471,person,2026-08-17 10:10:23,前摄像头,否,front camera
6467,cup,2026-08-17 10:10:23,后摄像头,否,后摄
6468,cup,2026-08-17 10:10:24,后摄像头,否,后摄
6472,person,2026-08-17 10:10:25,前摄像头,否,front camera
6473,person,2026-08-17 10:10:27,前摄像头,否,front camera
6474,person,2026-08-17 10:10:29,前摄像头,否,front camera
6475,person,2026-08-17 10:10:31,前摄像头,否,front camera
6476,person,2026-08-17 10:10:33,前摄像头,否,front camera
6477,person,2026-08-17 10:10:35,前摄像头,否,front camera
6478,person,2026-08-17 10:10:37,前摄像头,否,front camera
6479,person,2026-08-17 10:10:39,前摄像头,否,front camera
6480,person,2026-08-17 10:10:41,前摄像头,否,front camera
6481,person,2026-08-17 10:10:43,前摄像头,否,front camera
6482,person,2026-08-17 10:10:45,前摄像头,否,front camera
6469,cup,2026-08-17 10:10:47,后摄像头,否,后摄
6483,person,2026-08-17 10:10:47,前摄像头,否,front camera
6484,person,2026-08-17 10:10:49,前摄像头,否,front camera
6485,person,2026-08-17 10:10:51,前摄像头,否,front camera
6486,person,2026-08-17 10:10:53,前摄像头,否,front camera
6487,person,2026-08-17 10:10:55,前摄像头,否,front camera
6488,person,2026-08-17 10:10:57,前摄像头,否,front camera
6470,cup,2026-08-17 10:10:59,后摄像头,否,后摄
6489,person,2026-08-17 10:10:59,前摄像头,否,front camera
6490,person,2026-08-17 10:11:01,前摄像头,否,front camera
6491,person,2026-08-17 10:11:03,前摄像头,否,front camera
6492,person,2026-08-17 10:11:05,前摄像头,否,front camera
6493,person,2026-08-17 10:11:07,前摄像头,否,front camera
6471,cup,2026-08-17 10:11:08,后摄像头,否,后摄
6494,person,2026-08-17 10:11:09,前摄像头,否,front camera
6472,cup,2026-08-17 10:11:14,后摄像头,否,后摄
6473,cup,2026-08-17 10:11:17,后摄像头,否,后摄
6474,cup,2026-08-17 10:11:31,后摄像头,否,后摄
6475,cup,2026-08-17 10:11:42,后摄像头,否,后摄
6476,cup,2026-08-17 10:11:45,后摄像头,否,后摄
6495,cup,2026-08-17 10:12:12,后摄像头,否,后摄
6496,cup,2026-08-17 10:12:14,后摄像头,否,后摄
6497,cup,2026-08-17 10:12:17,后摄像头,否,后摄
6495,person,2026-08-17 10:12:18,前摄像头,否,front camera
6496,person,2026-08-17 10:12:22,前摄像头,否,front camera
6497,person,2026-08-17 10:12:25,前摄像头,否,front camera
6498,person,2026-08-17 10:12:38,前摄像头,否,front camera
6499,person,2026-08-17 10:12:40,前摄像头,否,front camera
6500,person,2026-08-17 10:12:42,前摄像头,否,front camera
6501,person,2026-08-17 10:12:44,前摄像头,否,front camera
6502,person,2026-08-17 10:12:46,前摄像头,否,front camera
6503,person,2026-08-17 10:12:48,前摄像头,否,front camera
6504,person,2026-08-17 10:12:50,前摄像头,否,front camera
6505,person,2026-08-17 10:12:53,前摄像头,否,front camera
6506,person,2026-08-17 10:24:29,前摄像头,否,front camera
6507,person,2026-08-17 10:24:31,前摄像头,否,front camera
6508,person,2026-08-17 10:24:33,前摄像头,否,front camera
6509,person,2026-08-17 10:24:35,前摄像头,否,front camera
6510,person,2026-08-17 10:24:37,前摄像头,否,front camera
6511,person,2026-08-17 10:24:39,前摄像头,否,front camera
6512,person,2026-08-17 10:24:41,前摄像头,否,front camera
6513,person,2026-08-17 10:24:43,前摄像头,否,front camera
6514,person,2026-08-17 10:24:45,前摄像头,否,front camera
6515,person,2026-08-17 10:24:47,前摄像头,否,front camera
6516,person,2026-08-17 10:24:49,前摄像头,否,front camera
6517,person,2026-08-17 10:24:51,前摄像头,否,front camera
6518,person,2026-08-17 10:24:53,前摄像头,否,front camera
6519,person,2026-08-17 10:24:55,前摄像头,否,front camera
6520,person,2026-08-17 10:24:57,前摄像头,否,front camera
6521,person,2026-08-17 10:24:59,前摄像头,否,front camera
6522,person,2026-08-17 10:25:01,前摄像头,否,front camera
6523,person,2026-08-17 10:25:03,前摄像头,否,front camera
6524,person,2026-08-17 10:25:05,前摄像头,否,front camera
6525,person,2026-08-17 10:25:07,前摄像头,否,front camera
6526,person,2026-08-17 10:25:09,前摄像头,否,front camera
6527,person,2026-08-17 10:25:11,前摄像头,否,front camera
6528,person,2026-08-17 10:25:13,前摄像头,否,front camera
6529,person,2026-08-17 10:25:15,前摄像头,否,front camera
6530,person,2026-08-17 10:25:17,前摄像头,否,front camera
6531,person,2026-08-17 10:25:19,前摄像头,否,front camera
6532,person,2026-08-17 10:25:21,前摄像头,否,front camera
6533,person,2026-08-17 10:25:23,前摄像头,否,front camera
6534,person,2026-08-17 10:25:25,前摄像头,否,front camera
6535,person,2026-08-17 10:25:27,前摄像头,否,front camera
6536,person,2026-08-17 10:25:29,前摄像头,否,front camera
6537,person,2026-08-17 10:25:31,前摄像头,否,front camera
6538,person,2026-08-17 10:25:33,前摄像头,否,front camera
6539,person,2026-08-17 10:25:35,前摄像头,否,front camera
6540,person,2026-08-17 10:25:37,前摄像头,否,front camera
6541,person,2026-08-17 10:25:39,前摄像头,否,front camera
6542,person,2026-08-17 10:25:41,前摄像头,否,front camera
6543,person,2026-08-17 10:25:43,前摄像头,否,front camera
6544,person,2026-08-17 10:25:45,前摄像头,否,front camera
6545,person,2026-08-17 10:25:47,前摄像头,否,front camera
6546,person,2026-08-17 10:25:49,前摄像头,否,front camera
6547,person,2026-08-17 10:25:51,前摄像头,否,front camera
6548,person,2026-08-17 10:25:53,前摄像头,否,front camera
6549,person,2026-08-17 10:25:55,前摄像头,否,front camera
6550,person,2026-08-17 10:25:57,前摄像头,否,front camera
6551,person,2026-08-17 10:25:59,前摄像头,否,front camera
6552,person,2026-08-17 10:26:01,前摄像头,否,front camera
6553,person,2026-08-17 10:26:03,前摄像头,否,front camera
6554,person,2026-08-17 10:26:05,前摄像头,否,front camera
6555,person,2026-08-17 10:26:07,前摄像头,否,front camera
6556,person,2026-08-17 10:26:09,前摄像头,否,front camera
6557,person,2026-08-17 10:26:11,前摄像头,否,front camera
6558,person,2026-08-17 10:26:13,前摄像头,否,front camera
6559,person,2026-08-17 10:26:15,前摄像头,否,front camera
6560,person,2026-08-17 10:26:17,前摄像头,否,front camera
6561,person,2026-08-17 10:26:19,前摄像头,否,front camera
6562,person,2026-08-17 10:26:21,前摄像头,否,front camera
6563,person,2026-08-17 10:26:23,前摄像头,否,front camera
6564,person,2026-08-17 10:26:25,前摄像头,否,front camera
6565,person,2026-08-17 10:26:27,前摄像头,否,front camera
6566,person,2026-08-17 10:26:29,前摄像头,否,front camera
6567,person,2026-08-17 10:26:31,前摄像头,否,front camera
6568,person,2026-08-17 10:26:33,前摄像头,否,front camera
6569,person,2026-08-17 10:26:35,前摄像头,否,front camera
6570,person,2026-08-17 10:26:37,前摄像头,否,front camera
6571,person,2026-08-17 10:26:39,前摄像头,否,front camera
6572,person,2026-08-17 10:26:41,前摄像头,否,front camera
6573,person,2026-08-17 10:26:43,前摄像头,否,front camera
6574,person,2026-08-17 10:26:45,前摄像头,否,front camera
6575,person,2026-08-17 10:26:47,前摄像头,否,front camera
6576,person,2026-08-17 10:26:49,前摄像头,否,front camera
6577,person,2026-08-17 10:26:51,前摄像头,否,front camera
6578,person,2026-08-17 10:26:53,前摄像头,否,front camera
6579,person,2026-08-17 10:26:55,前摄像头,否,front camera
6580,person,2026-08-17 10:26:57,前摄像头,否,front camera
6553,cup,2026-08-17 10:26:58,后摄像头,否,后摄
6554,cup,2026-08-17 10:26:58,后摄像头,否,后摄
6581,person,2026-08-17 10:26:59,前摄像头,否,front camera
6582,person,2026-08-17 10:27:01,前摄像头,否,front camera
6583,person,2026-08-17 10:27:03,前摄像头,否,front camera
6584,person,2026-08-17 10:27:05,前摄像头,否,front camera
6585,person,2026-08-17 10:27:07,前摄像头,否,front camera
6586,person,2026-08-17 10:27:09,前摄像头,否,front camera
6587,person,2026-08-17 10:27:11,前摄像头,否,front camera
6588,person,2026-08-17 10:27:13,前摄像头,否,front camera
6589,person,2026-08-17 10:27:15,前摄像头,否,front camera
6555,cup,2026-08-17 10:27:16,后摄像头,否,后摄
6590,person,2026-08-17 10:27:17,前摄像头,否,front camera
6591,person,2026-08-17 10:27:19,前摄像头,否,front camera
6592,person,2026-08-17 10:27:21,前摄像头,否,front camera
6593,person,2026-08-17 10:27:23,前摄像头,否,front camera
6594,person,2026-08-17 10:27:25,前摄像头,否,front camera
6595,person,2026-08-17 10:27:27,前摄像头,否,front camera
6596,person,2026-08-17 10:27:29,前摄像头,否,front camera
6597,person,2026-08-17 10:27:31,前摄像头,否,front camera
6598,person,2026-08-17 10:27:33,前摄像头,否,front camera
6599,person,2026-08-17 10:27:35,前摄像头,否,front camera
6600,person,2026-08-17 10:27:37,前摄像头,否,front camera
6601,person,2026-08-17 10:27:39,前摄像头,否,front camera
6602,person,2026-08-17 10:27:41,前摄像头,否,front camera
6603,person,2026-08-17 10:27:43,前摄像头,否,front camera
6604,person,2026-08-17 10:27:45,前摄像头,否,front camera
6605,person,2026-08-17 10:27:47,前摄像头,否,front camera
6606,person,2026-08-17 10:27:49,前摄像头,否,front camera
6607,person,2026-08-17 10:27:51,前摄像头,否,front camera
6608,person,2026-08-17 10:27:53,前摄像头,否,front camera
6609,person,2026-08-17 10:27:55,前摄像头,否,front camera
6610,person,2026-08-17 10:27:57,前摄像头,否,front camera
6611,person,2026-08-17 10:27:59,前摄像头,否,front camera
6612,person,2026-08-17 10:28:01,前摄像头,否,front camera
6613,person,2026-08-17 10:28:03,前摄像头,否,front camera
6614,person,2026-08-17 10:28:07,前摄像头,否,front camera
6615,person,2026-08-17 10:28:10,前摄像头,否,front camera
6616,person,2026-08-17 10:28:12,前摄像头,否,front camera
6617,person,2026-08-17 10:28:15,前摄像头,否,front camera
6618,person,2026-08-17 10:28:17,前摄像头,否,front camera
6619,person,2026-08-17 10:28:19,前摄像头,否,front camera
6620,person,2026-08-17 10:28:21,前摄像头,否,front camera
6621,person,2026-08-17 10:28:23,前摄像头,否,front camera
6622,person,2026-08-17 10:28:25,前摄像头,否,front camera
6623,person,2026-08-17 10:28:27,前摄像头,否,front camera
6624,person,2026-08-17 10:28:29,前摄像头,否,front camera
6625,person,2026-08-17 10:28:31,前摄像头,否,front camera
6626,person,2026-08-17 10:28:33,前摄像头,否,front camera
6627,person,2026-08-17 10:28:35,前摄像头,否,front camera
6628,person,2026-08-17 10:28:37,前摄像头,否,front camera
6629,person,2026-08-17 10:28:39,前摄像头,否,front camera
6630,person,2026-08-17 10:28:41,前摄像头,否,front camera
6631,person,2026-08-17 10:28:43,前摄像头,否,front camera
6632,person,2026-08-17 10:28:45,前摄像头,否,front camera
6633,person,2026-08-17 10:28:47,前摄像头,否,front camera
6634,person,2026-08-17 10:28:49,前摄像头,否,front camera
6635,person,2026-08-17 10:28:51,前摄像头,否,front camera
6636,person,2026-08-17 10:28:53,前摄像头,否,front camera
6637,person,2026-08-17 10:28:55,前摄像头,否,front camera
6638,person,2026-08-17 10:28:57,前摄像头,否,front camera
6639,person,2026-08-17 10:28:59,前摄像头,否,front camera
6640,person,2026-08-17 10:29:01,前摄像头,否,front camera
6641,person,2026-08-17 10:29:03,前摄像头,否,front camera
6642,person,2026-08-17 10:29:05,前摄像头,否,front camera
6643,person,2026-08-17 10:29:07,前摄像头,否,front camera
6644,person,2026-08-17 10:29:09,前摄像头,否,front camera
6645,person,2026-08-17 10:29:11,前摄像头,否,front camera
6646,person,2026-08-17 10:29:13,前摄像头,否,front camera
6647,person,2026-08-17 10:29:15,前摄像头,否,front camera
6648,person,2026-08-17 10:29:17,前摄像头,否,front camera
6649,person,2026-08-17 10:29:19,前摄像头,否,front camera
6650,person,2026-08-17 10:29:21,前摄像头,否,front camera
6651,person,2026-08-17 10:29:23,前摄像头,否,front camera
6652,person,2026-08-17 10:29:25,前摄像头,否,front camera
6653,person,2026-08-17 10:29:27,前摄像头,否,front camera
6654,person,2026-08-17 10:29:29,前摄像头,否,front camera
6655,person,2026-08-17 10:29:31,前摄像头,否,front camera
6656,person,2026-08-17 10:29:33,前摄像头,否,front camera
6657,person,2026-08-17 10:29:35,前摄像头,否,front camera
6658,person,2026-08-17 10:29:37,前摄像头,否,front camera
6659,person,2026-08-17 10:29:39,前摄像头,否,front camera
6660,person,2026-08-17 10:29:41,前摄像头,否,front camera
6661,person,2026-08-17 10:29:44,前摄像头,否,front camera
6662,person,2026-08-17 10:29:46,前摄像头,否,front camera
6663,person,2026-08-17 10:29:48,前摄像头,否,front camera
6664,person,2026-08-17 10:29:50,前摄像头,否,front camera
6665,person,2026-08-17 10:29:52,前摄像头,否,front camera
6666,person,2026-08-17 10:29:54,前摄像头,否,front camera
6667,person,2026-08-17 10:29:56,前摄像头,否,front camera
6668,person,2026-08-17 10:29:58,前摄像头,否,front camera
6669,person,2026-08-17 10:30:00,前摄像头,否,front camera
6670,person,2026-08-17 10:30:02,前摄像头,否,front camera
6671,person,2026-08-17 10:30:04,前摄像头,否,front camera
6672,person,2026-08-17 10:30:06,前摄像头,否,front camera
6673,person,2026-08-17 10:30:08,前摄像头,否,front camera
6674,person,2026-08-17 10:30:10,前摄像头,否,front camera
6675,person,2026-08-17 10:30:12,前摄像头,否,front camera
6676,person,2026-08-17 10:30:14,前摄像头,否,front camera
6677,person,2026-08-17 10:30:16,前摄像头,否,front camera
6678,person,2026-08-17 10:30:18,前摄像头,否,front camera
6679,person,2026-08-17 10:30:20,前摄像头,否,front camera
6680,person,2026-08-17 10:30:22,前摄像头,否,front camera
6681,person,2026-08-17 10:30:24,前摄像头,否,front camera
6682,person,2026-08-17 10:30:26,前摄像头,否,front camera
6683,person,2026-08-17 10:30:28,前摄像头,否,front camera
6684,person,2026-08-17 10:30:30,前摄像头,否,front camera
6685,person,2026-08-17 10:30:32,前摄像头,否,front camera
6686,person,2026-08-17 10:30:34,前摄像头,否,front camera
6687,person,2026-08-17 10:30:36,前摄像头,否,front camera
6688,person,2026-08-17 10:30:38,前摄像头,否,front camera
6689,person,2026-08-17 10:30:40,前摄像头,否,front camera
6690,person,2026-08-17 10:30:42,前摄像头,否,front camera
6691,person,2026-08-17 10:30:44,前摄像头,否,front camera
6692,person,2026-08-17 10:30:46,前摄像头,否,front camera
6693,person,2026-08-17 10:30:48,前摄像头,否,front camera
6694,person,2026-08-17 10:30:50,前摄像头,否,front camera
6695,person,2026-08-17 10:30:52,前摄像头,否,front camera
6696,person,2026-08-17 10:30:54,前摄像头,否,front camera
6697,person,2026-08-17 10:30:56,前摄像头,否,front camera
6698,person,2026-08-17 10:30:58,前摄像头,否,front camera
6699,person,2026-08-17 10:31:00,前摄像头,否,front camera
6700,person,2026-08-17 10:31:02,前摄像头,否,front camera
6701,person,2026-08-17 10:31:04,前摄像头,否,front camera
6702,person,2026-08-17 10:31:06,前摄像头,否,front camera
6703,person,2026-08-17 10:31:08,前摄像头,否,front camera
6704,person,2026-08-17 10:31:10,前摄像头,否,front camera
6705,cup,2026-08-17 10:32:24,后摄像头,否,后摄
6706,未佩戴安全帽,2026-08-17 10:33:05,后摄像头,是,后摄
6707,未佩戴安全帽,2026-08-17 10:33:05,后摄像头,是,后摄
6708,未佩戴安全帽,2026-08-17 10:33:06,后摄像头,是,后摄
6709,未佩戴安全帽,2026-08-17 10:33:06,后摄像头,是,后摄
6710,未佩戴安全帽,2026-08-17 10:33:07,后摄像头,是,后摄
6711,未佩戴安全帽,2026-08-17 10:33:07,后摄像头,是,后摄
6712,未佩戴安全帽,2026-08-17 10:33:08,后摄像头,是,后摄
6713,未佩戴安全帽,2026-08-17 10:33:08,后摄像头,是,后摄
6714,未佩戴安全帽,2026-08-17 10:33:09,后摄像头,是,后摄
6715,未佩戴安全帽,2026-08-17 10:33:09,后摄像头,是,后摄
6716,cup,2026-08-17 10:33:11,后摄像头,否,后摄
6717,未佩戴安全帽,2026-08-17 10:33:18,后摄像头,是,后摄
6718,未佩戴安全帽,2026-08-17 10:33:19,后摄像头,是,后摄
6719,未佩戴安全帽,2026-08-17 10:33:20,后摄像头,是,后摄
6720,未佩戴安全帽,2026-08-17 10:33:21,后摄像头,是,后摄
6721,未佩戴安全帽,2026-08-17 10:33:22,后摄像头,是,后摄
6722,未佩戴安全帽,2026-08-17 10:33:23,后摄像头,是,后摄
6723,car,2026-08-17 10:33:27,后摄像头,否,后摄
6724,未佩戴安全帽,2026-08-17 10:33:31,后摄像头,是,后摄
6725,未佩戴安全帽,2026-08-17 10:33:32,后摄像头,是,后摄
6726,未佩戴安全帽,2026-08-17 10:33:33,后摄像头,是,后摄
6727,未佩戴安全帽,2026-08-17 10:33:34,后摄像头,是,后摄
6728,未佩戴安全帽,2026-08-17 10:33:35,后摄像头,是,后摄
6729,未佩戴安全帽,2026-08-17 10:33:36,后摄像头,是,后摄
6730,未佩戴安全帽,2026-08-17 10:35:18,后摄像头,是,后摄
6731,未佩戴安全帽,2026-08-17 10:35:18,后摄像头,是,后摄
6732,未佩戴安全帽,2026-08-17 10:35:19,后摄像头,是,后摄
6733,未佩戴安全帽,2026-08-17 10:35:19,后摄像头,是,后摄
6734,未佩戴安全帽,2026-08-17 10:35:20,后摄像头,是,后摄
6735,未佩戴安全帽,2026-08-17 10:35:20,后摄像头,是,后摄
6736,未佩戴安全帽,2026-08-17 10:35:21,后摄像头,是,后摄
6737,未佩戴安全帽,2026-08-17 10:35:21,后摄像头,是,后摄
6738,未佩戴安全帽,2026-08-17 10:35:22,后摄像头,是,后摄
6739,未佩戴安全帽,2026-08-17 10:35:22,后摄像头,是,后摄
6740,未佩戴安全帽,2026-08-17 10:35:23,后摄像头,是,后摄
6741,未佩戴安全帽,2026-08-17 10:35:23,后摄像头,是,后摄
6742,未佩戴安全帽,2026-08-17 10:35:24,后摄像头,是,后摄
6743,未佩戴安全帽,2026-08-17 10:35:24,后摄像头,是,后摄
6744,未佩戴安全帽,2026-08-17 10:35:25,后摄像头,是,后摄
6745,未佩戴安全帽,2026-08-17 10:35:25,后摄像头,是,后摄
6746,未佩戴安全帽,2026-08-17 10:35:26,后摄像头,是,后摄
6747,未佩戴安全帽,2026-08-17 10:35:26,后摄像头,是,后摄
6748,未佩戴安全帽,2026-08-17 10:35:27,后摄像头,是,后摄
6749,未佩戴安全帽,2026-08-17 10:35:27,后摄像头,是,后摄
6750,未佩戴安全帽,2026-08-17 10:35:28,后摄像头,是,后摄
6751,未佩戴安全帽,2026-08-17 10:35:28,后摄像头,是,后摄
6752,未佩戴安全帽,2026-08-17 10:35:29,后摄像头,是,后摄
6753,未佩戴安全帽,2026-08-17 10:35:29,后摄像头,是,后摄
6754,未佩戴安全帽,2026-08-17 10:35:30,后摄像头,是,后摄
6755,未佩戴安全帽,2026-08-17 10:35:30,后摄像头,是,后摄
6756,未佩戴安全帽,2026-08-17 10:35:31,后摄像头,是,后摄
6757,未佩戴安全帽,2026-08-17 10:35:31,后摄像头,是,后摄
6758,未佩戴安全帽,2026-08-17 10:35:32,后摄像头,是,后摄
6759,未佩戴安全帽,2026-08-17 10:35:32,后摄像头,是,后摄
6760,未佩戴安全帽,2026-08-17 10:35:33,后摄像头,是,后摄
6761,未佩戴安全帽,2026-08-17 10:35:33,后摄像头,是,后摄
6762,未佩戴安全帽,2026-08-17 10:35:34,后摄像头,是,后摄
6763,未佩戴安全帽,2026-08-17 10:35:34,后摄像头,是,后摄
6764,未佩戴安全帽,2026-08-17 10:35:35,后摄像头,是,后摄
6765,未佩戴安全帽,2026-08-17 10:35:35,后摄像头,是,后摄
6766,未佩戴安全帽,2026-08-17 10:35:36,后摄像头,是,后摄
6767,未佩戴安全帽,2026-08-17 10:35:36,后摄像头,是,后摄
6768,未佩戴安全帽,2026-08-17 10:35:37,后摄像头,是,后摄
6769,未佩戴安全帽,2026-08-17 10:35:37,后摄像头,是,后摄
6770,未佩戴安全帽,2026-08-17 10:35:38,后摄像头,是,后摄
6771,未佩戴安全帽,2026-08-17 10:35:38,后摄像头,是,后摄
6772,未佩戴安全帽,2026-08-17 10:35:39,后摄像头,是,后摄
6773,未佩戴安全帽,2026-08-17 10:35:39,后摄像头,是,后摄
6774,未佩戴安全帽,2026-08-17 10:35:40,后摄像头,是,后摄
6775,未佩戴安全帽,2026-08-17 10:35:40,后摄像头,是,后摄
6776,未佩戴安全帽,2026-08-17 10:35:41,后摄像头,是,后摄
6777,未佩戴安全帽,2026-08-17 10:35:41,后摄像头,是,后摄
6705,door,2026-08-17 10:35:42,前摄像头,否,front camera
6778,未佩戴安全帽,2026-08-17 10:35:42,后摄像头,是,后摄
6779,未佩戴安全帽,2026-08-17 10:35:42,后摄像头,是,后摄
6780,未佩戴安全帽,2026-08-17 10:35:43,后摄像头,是,后摄
6781,未佩戴安全帽,2026-08-17 10:35:43,后摄像头,是,后摄
6706,door,2026-08-17 10:35:44,前摄像头,否,front camera
6782,未佩戴安全帽,2026-08-17 10:35:44,后摄像头,是,后摄
6783,未佩戴安全帽,2026-08-17 10:35:44,后摄像头,是,后摄
6784,未佩戴安全帽,2026-08-17 10:35:45,后摄像头,是,后摄
6785,未佩戴安全帽,2026-08-17 10:35:45,后摄像头,是,后摄
6707,door,2026-08-17 10:35:46,前摄像头,否,front camera
6786,未佩戴安全帽,2026-08-17 10:35:46,后摄像头,是,后摄
6787,未佩戴安全帽,2026-08-17 10:35:46,后摄像头,是,后摄
6788,未佩戴安全帽,2026-08-17 10:35:47,后摄像头,是,后摄
6789,未佩戴安全帽,2026-08-17 10:35:47,后摄像头,是,后摄
6708,door,2026-08-17 10:35:48,前摄像头,否,front camera
6790,未佩戴安全帽,2026-08-17 10:35:48,后摄像头,是,后摄
6791,未佩戴安全帽,2026-08-17 10:35:48,后摄像头,是,后摄
6792,未佩戴安全帽,2026-08-17 10:35:49,后摄像头,是,后摄
6793,未佩戴安全帽,2026-08-17 10:35:49,后摄像头,是,后摄
6709,door,2026-08-17 10:35:50,前摄像头,否,front camera
6794,未佩戴安全帽,2026-08-17 10:35:50,后摄像头,是,后摄
6795,未佩戴安全帽,2026-08-17 10:35:50,后摄像头,是,后摄
6796,未佩戴安全帽,2026-08-17 10:35:51,后摄像头,是,后摄
6797,未佩戴安全帽,2026-08-17 10:35:51,后摄像头,是,后摄
6710,door,2026-08-17 10:35:52,前摄像头,否,front camera
6798,未佩戴安全帽,2026-08-17 10:35:52,后摄像头,是,后摄
6799,未佩戴安全帽,2026-08-17 10:35:52,后摄像头,是,后摄
6800,未佩戴安全帽,2026-08-17 10:35:53,后摄像头,是,后摄
6801,未佩戴安全帽,2026-08-17 10:35:53,后摄像头,是,后摄
6711,door,2026-08-17 10:35:54,前摄像头,否,front camera
6802,未佩戴安全帽,2026-08-17 10:35:54,后摄像头,是,后摄
6803,未佩戴安全帽,2026-08-17 10:35:54,后摄像头,是,后摄
6804,未佩戴安全帽,2026-08-17 10:35:55,后摄像头,是,后摄
6805,未佩戴安全帽,2026-08-17 10:35:55,后摄像头,是,后摄
6806,未佩戴安全帽,2026-08-17 10:35:56,后摄像头,是,后摄
6807,未佩戴安全帽,2026-08-17 10:35:56,后摄像头,是,后摄
6808,未佩戴安全帽,2026-08-17 10:35:57,后摄像头,是,后摄
6809,未佩戴安全帽,2026-08-17 10:35:57,后摄像头,是,后摄
6810,未佩戴安全帽,2026-08-17 10:35:58,后摄像头,是,后摄
6811,未佩戴安全帽,2026-08-17 10:35:58,后摄像头,是,后摄
6812,未佩戴安全帽,2026-08-17 10:35:59,后摄像头,是,后摄
6813,未佩戴安全帽,2026-08-17 10:35:59,后摄像头,是,后摄
6814,未佩戴安全帽,2026-08-17 10:36:00,后摄像头,是,后摄
6815,未佩戴安全帽,2026-08-17 10:36:00,后摄像头,是,后摄
6816,未佩戴安全帽,2026-08-17 10:36:01,后摄像头,是,后摄
6817,未佩戴安全帽,2026-08-17 10:36:01,后摄像头,是,后摄
6818,未佩戴安全帽,2026-08-17 10:36:02,后摄像头,是,后摄
6819,未佩戴安全帽,2026-08-17 10:36:02,后摄像头,是,后摄
6712,door,2026-08-17 10:36:03,前摄像头,否,front camera
6820,未佩戴安全帽,2026-08-17 10:36:03,后摄像头,是,后摄
6821,未佩戴安全帽,2026-08-17 10:36:03,后摄像头,是,后摄
6822,未佩戴安全帽,2026-08-17 10:36:04,后摄像头,是,后摄
6823,未佩戴安全帽,2026-08-17 10:36:04,后摄像头,是,后摄
6713,door,2026-08-17 10:36:09,前摄像头,否,front camera
6714,door,2026-08-17 10:36:11,前摄像头,否,front camera
6715,door,2026-08-17 10:36:13,前摄像头,否,front camera
6716,door,2026-08-17 10:36:16,前摄像头,否,front camera
6717,door,2026-08-17 10:36:22,前摄像头,否,front camera
6718,door,2026-08-17 10:36:24,前摄像头,否,front camera
6719,door,2026-08-17 10:36:26,前摄像头,否,front camera
6720,door,2026-08-17 10:36:28,前摄像头,否,front camera
6721,door,2026-08-17 10:36:33,前摄像头,否,front camera
6722,door,2026-08-17 10:36:35,前摄像头,否,front camera
6723,door,2026-08-17 10:36:37,前摄像头,否,front camera
6724,door,2026-08-17 10:36:39,前摄像头,否,front camera
6725,door,2026-08-17 10:36:41,前摄像头,否,front camera
6726,door,2026-08-17 10:36:43,前摄像头,否,front camera
6727,door,2026-08-17 10:36:45,前摄像头,否,front camera
6728,door,2026-08-17 10:36:47,前摄像头,否,front camera
6729,door,2026-08-17 10:36:49,前摄像头,否,front camera
6730,door,2026-08-17 10:36:52,前摄像头,否,front camera
6731,door,2026-08-17 10:36:59,前摄像头,否,front camera
6732,door,2026-08-17 10:37:03,前摄像头,否,front camera
6733,door,2026-08-17 10:37:07,前摄像头,否,front camera
6734,door,2026-08-17 10:37:10,前摄像头,否,front camera
6735,door,2026-08-17 10:37:16,前摄像头,否,front camera
6736,door,2026-08-17 10:37:25,前摄像头,否,front camera
6737,door,2026-08-17 10:37:27,前摄像头,否,front camera
6738,door,2026-08-17 10:37:29,前摄像头,否,front camera
6739,door,2026-08-17 10:37:31,前摄像头,否,front camera
6740,door,2026-08-17 10:37:33,前摄像头,否,front camera
6741,door,2026-08-17 10:37:35,前摄像头,否,front camera
6742,door,2026-08-17 10:37:37,前摄像头,否,front camera
6743,door,2026-08-17 10:37:39,前摄像头,否,front camera
6744,door,2026-08-17 10:37:52,前摄像头,否,front camera
6745,door,2026-08-17 10:37:54,前摄像头,否,front camera
6746,door,2026-08-17 10:37:56,前摄像头,否,front camera
6747,door,2026-08-17 10:37:58,前摄像头,否,front camera
6748,door,2026-08-17 10:38:02,前摄像头,否,front camera
6749,door,2026-08-17 10:38:09,前摄像头,否,front camera
6824,未佩戴安全帽,2026-08-17 10:38:30,后摄像头,是,后摄
6825,未佩戴安全帽,2026-08-17 10:38:31,后摄像头,是,后摄
6826,未佩戴安全帽,2026-08-17 10:39:25,后摄像头,是,后摄
6827,未佩戴安全帽,2026-08-17 10:40:10,后摄像头,是,后摄
6750,123,2026-08-17 10:40:24,前摄像头,否,front camera
6751,door,2026-08-17 10:40:44,前摄像头,否,front camera
6752,door,2026-08-17 10:40:46,前摄像头,否,front camera
6753,door,2026-08-17 10:40:48,前摄像头,否,front camera
6754,door,2026-08-17 10:40:52,前摄像头,否,front camera
6755,door,2026-08-17 10:40:55,前摄像头,否,front camera
6756,door,2026-08-17 10:40:57,前摄像头,否,front camera
6757,door,2026-08-17 10:41:00,前摄像头,否,front camera
6828,未佩戴安全帽,2026-08-17 10:41:08,后摄像头,是,后摄
6829,未佩戴安全帽,2026-08-17 10:41:08,后摄像头,是,后摄
6830,phone,2026-08-17 10:41:38,后摄像头,否,后摄
6831,未佩戴安全帽,2026-08-17 10:42:09,后摄像头,是,后摄
6832,未佩戴安全帽,2026-08-17 10:44:10,后摄像头,是,后摄
6833,未佩戴安全帽,2026-08-17 10:44:10,后摄像头,是,后摄
6834,未佩戴安全帽,2026-08-17 10:44:11,后摄像头,是,后摄
6835,未佩戴安全帽,2026-08-17 10:44:11,后摄像头,是,后摄
6836,未佩戴安全帽,2026-08-17 10:44:12,后摄像头,是,后摄
6837,未佩戴安全帽,2026-08-17 10:44:12,后摄像头,是,后摄
6838,未佩戴安全帽,2026-08-17 10:44:13,后摄像头,是,后摄
6839,未佩戴安全帽,2026-08-17 10:44:13,后摄像头,是,后摄
6840,未佩戴安全帽,2026-08-17 10:44:14,后摄像头,是,后摄
6841,未佩戴安全帽,2026-08-17 10:44:14,后摄像头,是,后摄
6842,未佩戴安全帽,2026-08-17 10:44:15,后摄像头,是,后摄
6843,未佩戴安全帽,2026-08-17 10:44:15,后摄像头,是,后摄
6844,未佩戴安全帽,2026-08-17 10:44:16,后摄像头,是,后摄
6845,未佩戴安全帽,2026-08-17 10:44:16,后摄像头,是,后摄
6846,未佩戴安全帽,2026-08-17 10:44:17,后摄像头,是,后摄
6847,未佩戴安全帽,2026-08-17 10:44:17,后摄像头,是,后摄
6848,未佩戴安全帽,2026-08-17 10:44:18,后摄像头,是,后摄
6849,未佩戴安全帽,2026-08-17 10:44:18,后摄像头,是,后摄
6850,未佩戴安全帽,2026-08-17 10:44:19,后摄像头,是,后摄
6851,未佩戴安全帽,2026-08-17 10:44:19,后摄像头,是,后摄
6852,未佩戴安全帽,2026-08-17 10:44:20,后摄像头,是,后摄
6853,未佩戴安全帽,2026-08-17 10:44:20,后摄像头,是,后摄
6854,未佩戴安全帽,2026-08-17 10:44:21,后摄像头,是,后摄
6855,未佩戴安全帽,2026-08-17 10:44:21,后摄像头,是,后摄
6856,未佩戴安全帽,2026-08-17 10:44:22,后摄像头,是,后摄
6857,未佩戴安全帽,2026-08-17 10:44:22,后摄像头,是,后摄
6858,未佩戴安全帽,2026-08-17 10:44:23,后摄像头,是,后摄
6859,未佩戴安全帽,2026-08-17 10:44:23,后摄像头,是,后摄
6860,未佩戴安全帽,2026-08-17 10:44:24,后摄像头,是,后摄
6861,未佩戴安全帽,2026-08-17 10:44:24,后摄像头,是,后摄
6862,未佩戴安全帽,2026-08-17 10:44:25,后摄像头,是,后摄
6863,未佩戴安全帽,2026-08-17 10:44:25,后摄像头,是,后摄
6864,未佩戴安全帽,2026-08-17 10:44:26,后摄像头,是,后摄
6865,未佩戴安全帽,2026-08-17 10:44:26,后摄像头,是,后摄
6758,door,2026-08-17 10:44:27,前摄像头,否,front camera
6866,未佩戴安全帽,2026-08-17 10:44:27,后摄像头,是,后摄
6867,未佩戴安全帽,2026-08-17 10:44:27,后摄像头,是,后摄
6868,未佩戴安全帽,2026-08-17 10:44:28,后摄像头,是,后摄
6869,未佩戴安全帽,2026-08-17 10:44:28,后摄像头,是,后摄
6759,door,2026-08-17 10:44:28,前摄像头,否,front camera
6870,未佩戴安全帽,2026-08-17 10:44:29,后摄像头,是,后摄
6871,未佩戴安全帽,2026-08-17 10:44:29,后摄像头,是,后摄
6872,未佩戴安全帽,2026-08-17 10:44:30,后摄像头,是,后摄
6873,未佩戴安全帽,2026-08-17 10:44:30,后摄像头,是,后摄
6760,door,2026-08-17 10:44:30,前摄像头,否,front camera
6874,未佩戴安全帽,2026-08-17 10:44:31,后摄像头,是,后摄
6875,未佩戴安全帽,2026-08-17 10:44:31,后摄像头,是,后摄
6876,未佩戴安全帽,2026-08-17 10:44:32,后摄像头,是,后摄
6877,未佩戴安全帽,2026-08-17 10:44:32,后摄像头,是,后摄
6761,door,2026-08-17 10:44:32,前摄像头,否,front camera
6878,未佩戴安全帽,2026-08-17 10:44:33,后摄像头,是,后摄
6879,未佩戴安全帽,2026-08-17 10:44:33,后摄像头,是,后摄
6880,未佩戴安全帽,2026-08-17 10:44:34,后摄像头,是,后摄
6881,未佩戴安全帽,2026-08-17 10:44:34,后摄像头,是,后摄
6762,door,2026-08-17 10:44:34,前摄像头,否,front camera
6882,未佩戴安全帽,2026-08-17 10:44:35,后摄像头,是,后摄
6883,未佩戴安全帽,2026-08-17 10:44:35,后摄像头,是,后摄
6884,未佩戴安全帽,2026-08-17 10:44:36,后摄像头,是,后摄
6885,未佩戴安全帽,2026-08-17 10:44:36,后摄像头,是,后摄
6763,door,2026-08-17 10:44:36,前摄像头,否,front camera
6886,未佩戴安全帽,2026-08-17 10:44:37,后摄像头,是,后摄
6887,未佩戴安全帽,2026-08-17 10:44:37,后摄像头,是,后摄
6888,未佩戴安全帽,2026-08-17 10:44:38,后摄像头,是,后摄
6764,door,2026-08-17 10:44:38,前摄像头,否,front camera
6889,未佩戴安全帽,2026-08-17 10:44:39,后摄像头,是,后摄
6890,未佩戴安全帽,2026-08-17 10:44:40,后摄像头,是,后摄
6765,door,2026-08-17 10:44:40,前摄像头,否,front camera
6891,未佩戴安全帽,2026-08-17 10:44:41,后摄像头,是,后摄
6892,未佩戴安全帽,2026-08-17 10:44:42,后摄像头,是,后摄
6766,door,2026-08-17 10:44:42,前摄像头,否,front camera
6893,未佩戴安全帽,2026-08-17 10:44:43,后摄像头,是,后摄
6894,未佩戴安全帽,2026-08-17 10:44:44,后摄像头,是,后摄
6767,door,2026-08-17 10:44:44,前摄像头,否,front camera
6895,未佩戴安全帽,2026-08-17 10:44:47,后摄像头,是,后摄
6768,door,2026-08-17 10:44:48,前摄像头,否,front camera
6896,未佩戴安全帽,2026-08-17 10:44:48,后摄像头,是,后摄
6897,未佩戴安全帽,2026-08-17 10:44:49,后摄像头,是,后摄
6898,未佩戴安全帽,2026-08-17 10:44:50,后摄像头,是,后摄
6899,未佩戴安全帽,2026-08-17 10:44:51,后摄像头,是,后摄
6900,未佩戴安全帽,2026-08-17 10:44:52,后摄像头,是,后摄
6901,未佩戴安全帽,2026-08-17 10:44:53,后摄像头,是,后摄
6902,未佩戴安全帽,2026-08-17 10:44:54,后摄像头,是,后摄
6903,未佩戴安全帽,2026-08-17 10:44:55,后摄像头,是,后摄
6904,未佩戴安全帽,2026-08-17 10:44:56,后摄像头,是,后摄
6905,未佩戴安全帽,2026-08-17 10:44:57,后摄像头,是,后摄
6769,door,2026-08-17 10:45:00,前摄像头,否,front camera
6770,door,2026-08-17 10:45:08,前摄像头,否,front camera
6771,door,2026-08-17 10:45:12,前摄像头,否,front camera
6772,door,2026-08-17 10:45:14,前摄像头,否,front camera
6906,未佩戴安全帽,2026-08-17 10:45:15,后摄像头,是,后摄
6907,未佩戴安全帽,2026-08-17 10:45:16,后摄像头,是,后摄
6773,door,2026-08-17 10:45:16,前摄像头,否,front camera
6908,未佩戴安全帽,2026-08-17 10:45:17,后摄像头,是,后摄
6774,door,2026-08-17 10:45:22,前摄像头,否,front camera
6909,phone,2026-08-17 10:45:25,后摄像头,否,后摄
6775,door,2026-08-17 10:45:38,前摄像头,否,front camera
6776,door,2026-08-17 10:45:40,前摄像头,否,front camera
6777,door,2026-08-17 10:45:42,前摄像头,否,front camera
6910,未佩戴安全帽,2026-08-17 10:45:44,后摄像头,是,后摄
6911,未佩戴安全帽,2026-08-17 10:45:45,后摄像头,是,后摄
6912,未佩戴安全帽,2026-08-17 10:45:46,后摄像头,是,后摄
6913,未佩戴安全帽,2026-08-17 10:45:47,后摄像头,是,后摄
6914,未佩戴安全帽,2026-08-17 10:45:48,后摄像头,是,后摄
6915,未佩戴安全帽,2026-08-17 10:45:49,后摄像头,是,后摄
6916,未佩戴安全帽,2026-08-17 10:45:50,后摄像头,是,后摄
6917,未佩戴安全帽,2026-08-17 10:45:51,后摄像头,是,后摄
6918,未佩戴安全帽,2026-08-17 10:45:52,后摄像头,是,后摄
6919,未佩戴安全帽,2026-08-17 10:45:53,后摄像头,是,后摄
6920,未佩戴安全帽,2026-08-17 10:45:54,后摄像头,是,后摄
6921,未佩戴安全帽,2026-08-17 10:45:55,后摄像头,是,后摄
6922,未佩戴安全帽,2026-08-17 10:47:34,后摄像头,是,后摄
6923,未佩戴安全帽,2026-08-17 10:47:35,后摄像头,是,后摄
6924,未佩戴安全帽,2026-08-17 10:47:36,后摄像头,是,后摄
6925,未佩戴安全帽,2026-08-17 10:47:37,后摄像头,是,后摄
6926,cup,2026-08-17 10:47:39,后摄像头,否,后摄
6927,cup,2026-08-17 10:47:40,后摄像头,否,后摄
6928,cup,2026-08-17 10:47:42,后摄像头,否,后摄
6929,cup,2026-08-17 10:47:44,后摄像头,否,后摄
6930,cup,2026-08-17 10:47:45,后摄像头,否,后摄
6931,cup,2026-08-17 10:47:46,后摄像头,否,后摄
6932,未佩戴安全帽,2026-08-17 10:47:48,后摄像头,是,后摄
6933,cup,2026-08-17 10:47:49,后摄像头,否,后摄
6934,cup,2026-08-17 10:47:53,后摄像头,否,后摄
6935,cup,2026-08-17 10:47:54,后摄像头,否,后摄
6936,cup,2026-08-17 10:47:56,后摄像头,否,后摄
6937,cup,2026-08-17 10:47:57,后摄像头,否,后摄
6938,cup,2026-08-17 10:48:03,后摄像头,否,后摄
6939,cup,2026-08-17 10:48:04,后摄像头,否,后摄
6940,cup,2026-08-17 10:48:14,后摄像头,否,后摄
6941,未佩戴安全帽,2026-08-17 10:48:14,后摄像头,是,后摄
6942,未佩戴安全帽,2026-08-17 10:48:15,后摄像头,是,后摄
6943,未佩戴安全帽,2026-08-17 10:48:15,后摄像头,是,后摄
6944,cup,2026-08-17 10:48:16,后摄像头,否,后摄
6945,cup,2026-08-17 10:48:18,后摄像头,否,后摄
6946,cup,2026-08-17 10:48:23,后摄像头,否,后摄
6947,cup,2026-08-17 10:48:45,后摄像头,否,后摄
6948,cup,2026-08-17 10:48:45,后摄像头,否,后摄
6949,cup,2026-08-17 10:48:47,后摄像头,否,后摄
6950,cup,2026-08-17 10:48:52,后摄像头,否,后摄
6951,cup,2026-08-17 10:48:53,后摄像头,否,后摄
6952,cup,2026-08-17 10:48:54,后摄像头,否,后摄
6953,cup,2026-08-17 10:48:56,后摄像头,否,后摄
6954,cup,2026-08-17 10:48:57,后摄像头,否,后摄
6955,cup,2026-08-17 10:48:58,后摄像头,否,后摄
6956,cup,2026-08-17 10:49:00,后摄像头,否,后摄
6957,cup,2026-08-17 10:49:02,后摄像头,否,后摄
6958,cup,2026-08-17 10:49:13,后摄像头,否,后摄
6959,cup,2026-08-17 10:49:14,后摄像头,否,后摄
6960,cup,2026-08-17 10:49:15,后摄像头,否,后摄
6961,cup,2026-08-17 10:49:16,后摄像头,否,后摄
6962,cup,2026-08-17 10:49:25,后摄像头,否,后摄
6963,cup,2026-08-17 10:49:27,后摄像头,否,后摄
6964,cup,2026-08-17 10:49:29,后摄像头,否,后摄
6965,cup,2026-08-17 10:49:32,后摄像头,否,后摄
6966,cup,2026-08-17 10:49:37,后摄像头,否,后摄
6967,cup,2026-08-17 10:49:39,后摄像头,否,后摄
6968,cup,2026-08-17 10:49:55,后摄像头,否,后摄
6969,cup,2026-08-17 10:49:57,后摄像头,否,后摄
6778,person,2026-08-17 10:50:12,前摄像头,否,front camera
6779,person,2026-08-17 10:50:14,前摄像头,否,front camera
6780,person,2026-08-17 10:50:17,前摄像头,否,front camera
6781,person,2026-08-17 10:50:22,前摄像头,否,front camera
6970,cup,2026-08-17 10:50:23,后摄像头,否,后摄
6971,cup,2026-08-17 10:50:24,后摄像头,否,后摄
6782,person,2026-08-17 10:50:25,前摄像头,否,front camera
6972,cup,2026-08-17 10:50:26,后摄像头,否,后摄
6783,person,2026-08-17 10:50:27,前摄像头,否,front camera
6784,person,2026-08-17 10:50:32,前摄像头,否,front camera
6973,cup,2026-08-17 10:50:32,后摄像头,否,后摄
6785,person,2026-08-17 10:50:37,前摄像头,否,front camera
6974,cup,2026-08-17 10:50:38,后摄像头,否,后摄
6786,person,2026-08-17 10:50:39,前摄像头,否,front camera
6975,cup,2026-08-17 10:50:39,后摄像头,否,后摄
6976,cup,2026-08-17 10:50:41,后摄像头,否,后摄
6787,person,2026-08-17 10:50:41,前摄像头,否,front camera
6977,cup,2026-08-17 10:50:42,后摄像头,否,后摄
6788,person,2026-08-17 10:50:44,前摄像头,否,front camera
6978,cup,2026-08-17 10:50:45,后摄像头,否,后摄
6789,person,2026-08-17 10:50:46,前摄像头,否,front camera
6979,cup,2026-08-17 10:50:47,后摄像头,否,后摄
6980,cup,2026-08-17 10:50:49,后摄像头,否,后摄
6981,cup,2026-08-17 10:50:52,后摄像头,否,后摄
6790,person,2026-08-17 10:50:55,前摄像头,否,front camera
6791,person,2026-08-17 10:51:00,前摄像头,否,front camera
6792,person,2026-08-17 10:51:02,前摄像头,否,front camera
6793,person,2026-08-17 10:51:07,前摄像头,否,front camera
6794,person,2026-08-17 10:51:10,前摄像头,否,front camera
6795,person,2026-08-17 10:51:12,前摄像头,否,front camera
6982,cup,2026-08-17 10:51:15,后摄像头,否,后摄
6983,cup,2026-08-17 10:51:15,后摄像头,否,后摄
6796,person,2026-08-17 10:51:15,前摄像头,否,front camera
6984,cup,2026-08-17 10:51:16,后摄像头,否,后摄
6985,未佩戴安全帽,2026-08-17 10:51:19,后摄像头,是,后摄
6986,未佩戴安全帽,2026-08-17 10:51:20,后摄像头,是,后摄
6987,未佩戴安全帽,2026-08-17 10:51:21,后摄像头,是,后摄
6988,cup,2026-08-17 10:54:24,后摄像头,否,后摄
6989,cup,2026-08-17 10:54:24,后摄像头,否,后摄
6990,cup,2026-08-17 10:54:29,后摄像头,否,后摄
6991,cup,2026-08-17 10:54:30,后摄像头,否,后摄
6992,cup,2026-08-17 10:54:33,后摄像头,否,后摄
6993,cup,2026-08-17 10:54:43,后摄像头,否,后摄
6994,cup,2026-08-17 10:54:48,后摄像头,否,后摄
6995,cup,2026-08-17 10:54:52,后摄像头,否,后摄
6996,cup,2026-08-17 10:54:56,后摄像头,否,后摄
6997,cup,2026-08-17 10:54:58,后摄像头,否,后摄
6998,cup,2026-08-17 10:55:00,后摄像头,否,后摄
6999,cup,2026-08-17 10:55:09,后摄像头,否,后摄
7000,cup,2026-08-17 10:55:15,后摄像头,否,后摄
7001,cup,2026-08-17 10:55:17,后摄像头,否,后摄
7002,cup,2026-08-17 10:55:19,后摄像头,否,后摄
7003,cup,2026-08-17 10:55:24,后摄像头,否,后摄
7004,cup,2026-08-17 10:55:26,后摄像头,否,后摄
7005,cup,2026-08-17 10:55:29,后摄像头,否,后摄
7006,cup,2026-08-17 10:55:31,后摄像头,否,后摄
7007,cup,2026-08-17 10:55:33,后摄像头,否,后摄
7008,cup,2026-08-17 10:55:38,后摄像头,否,后摄
7009,cup,2026-08-17 10:55:41,后摄像头,否,后摄
7010,cup,2026-08-17 10:55:45,后摄像头,否,后摄
7011,cup,2026-08-17 10:55:46,后摄像头,否,后摄
7012,cup,2026-08-17 10:55:48,后摄像头,否,后摄
7013,cup,2026-08-17 10:55:54,后摄像头,否,后摄
7014,cup,2026-08-17 10:56:01,后摄像头,否,后摄
7015,cup,2026-08-17 10:56:07,后摄像头,否,后摄
7016,cup,2026-08-17 10:56:09,后摄像头,否,后摄
7017,cup,2026-08-17 10:56:10,后摄像头,否,后摄
7018,cup,2026-08-17 10:56:12,后摄像头,否,后摄
7019,cup,2026-08-17 10:56:14,后摄像头,否,后摄
7020,cup,2026-08-17 10:56:15,后摄像头,否,后摄
7021,cup,2026-08-17 10:56:18,后摄像头,否,后摄
7022,cup,2026-08-17 10:56:19,后摄像头,否,后摄
7023,cup,2026-08-17 10:56:22,后摄像头,否,后摄
7024,cup,2026-08-17 10:56:24,后摄像头,否,后摄
7025,cup,2026-08-17 10:56:26,后摄像头,否,后摄
7026,cup,2026-08-17 10:56:27,后摄像头,否,后摄
7027,cup,2026-08-17 10:56:28,后摄像头,否,后摄
7028,cup,2026-08-17 10:56:29,后摄像头,否,后摄
7029,cup,2026-08-17 10:56:33,后摄像头,否,后摄
7030,cup,2026-08-17 10:56:37,后摄像头,否,后摄
7031,cup,2026-08-17 10:56:38,后摄像头,否,后摄
7032,cup,2026-08-17 10:56:41,后摄像头,否,后摄
7033,cup,2026-08-17 10:56:42,后摄像头,否,后摄
7034,cup,2026-08-17 10:56:46,后摄像头,否,后摄
7035,cup,2026-08-17 10:56:47,后摄像头,否,后摄
7036,cup,2026-08-17 10:56:49,后摄像头,否,后摄
7037,cup,2026-08-17 10:56:54,后摄像头,否,后摄
7038,cup,2026-08-17 10:56:58,后摄像头,否,后摄
7039,cup,2026-08-17 10:56:59,后摄像头,否,后摄
7040,cup,2026-08-17 10:57:00,后摄像头,否,后摄
7041,未佩戴安全帽,2026-08-17 10:57:03,后摄像头,是,后摄
7042,未佩戴安全帽,2026-08-17 10:57:04,后摄像头,是,后摄
7043,未佩戴安全帽,2026-08-17 10:57:05,后摄像头,是,后摄
7044,未佩戴安全帽,2026-08-17 10:57:06,后摄像头,是,后摄
7045,未佩戴安全帽,2026-08-17 10:57:07,后摄像头,是,后摄
7046,未佩戴安全帽,2026-08-17 10:57:08,后摄像头,是,后摄
7047,cup,2026-08-17 10:57:13,后摄像头,否,后摄
7048,未佩戴安全帽,2026-08-17 10:57:13,后摄像头,是,后摄
7049,cup,2026-08-17 10:57:15,后摄像头,否,后摄
7050,cup,2026-08-17 10:57:17,后摄像头,否,后摄
7051,cup,2026-08-17 10:57:18,后摄像头,否,后摄
7052,cup,2026-08-17 10:57:29,后摄像头,否,后摄
7053,cup,2026-08-17 10:57:34,后摄像头,否,后摄
7054,cup,2026-08-17 10:57:39,后摄像头,否,后摄
7055,cup,2026-08-17 10:57:40,后摄像头,否,后摄
7056,cup,2026-08-17 10:57:41,后摄像头,否,后摄
7057,cup,2026-08-17 10:57:43,后摄像头,否,后摄
7058,cup,2026-08-17 10:57:45,后摄像头,否,后摄
7059,cup,2026-08-17 10:57:47,后摄像头,否,后摄
7060,cup,2026-08-17 10:57:48,后摄像头,否,后摄
7061,cup,2026-08-17 10:57:53,后摄像头,否,后摄
7062,cup,2026-08-17 10:57:55,后摄像头,否,后摄
7063,cup,2026-08-17 10:57:57,后摄像头,否,后摄
7064,cup,2026-08-17 10:57:58,后摄像头,否,后摄
7065,cup,2026-08-17 10:58:04,后摄像头,否,后摄
7066,cup,2026-08-17 10:58:10,后摄像头,否,后摄
7067,未佩戴安全帽,2026-08-17 10:58:15,后摄像头,是,后摄
7068,未佩戴安全帽,2026-08-17 10:58:16,后摄像头,是,后摄
7069,未佩戴安全帽,2026-08-17 10:58:17,后摄像头,是,后摄
7070,未佩戴安全帽,2026-08-17 10:58:18,后摄像头,是,后摄
7071,未佩戴安全帽,2026-08-17 10:58:19,后摄像头,是,后摄
7072,未佩戴安全帽,2026-08-17 10:58:20,后摄像头,是,后摄
7073,未佩戴安全帽,2026-08-17 10:58:21,后摄像头,是,后摄
7074,未佩戴安全帽,2026-08-17 10:58:22,后摄像头,是,后摄
7075,未佩戴安全帽,2026-08-17 10:58:23,后摄像头,是,后摄
7076,cup,2026-08-17 10:58:33,后摄像头,否,后摄
7077,cup,2026-08-17 10:58:34,后摄像头,否,后摄
7078,cup,2026-08-17 10:58:43,后摄像头,否,后摄
6797,person,2026-08-17 10:59:25,前摄像头,否,front camera
7079,cup,2026-08-17 10:59:27,后摄像头,否,后摄
7080,cup,2026-08-17 10:59:27,后摄像头,否,后摄
6798,person,2026-08-17 10:59:27,前摄像头,否,front camera
6799,person,2026-08-17 10:59:29,前摄像头,否,front camera
6800,person,2026-08-17 10:59:31,前摄像头,否,front camera
7081,未佩戴安全帽,2026-08-17 10:59:34,后摄像头,是,后摄
7082,未佩戴安全帽,2026-08-17 10:59:35,后摄像头,是,后摄
7083,未佩戴安全帽,2026-08-17 10:59:36,后摄像头,是,后摄
7084,未佩戴安全帽,2026-08-17 10:59:37,后摄像头,是,后摄
7085,未佩戴安全帽,2026-08-17 10:59:38,后摄像头,是,后摄
7086,cup,2026-08-17 10:59:40,后摄像头,否,后摄
6801,person,2026-08-17 10:59:43,前摄像头,否,front camera
6802,person,2026-08-17 10:59:53,前摄像头,否,front camera
6803,person,2026-08-17 10:59:57,前摄像头,否,front camera
6804,person,2026-08-17 10:59:59,前摄像头,否,front camera
7087,cup,2026-08-17 11:00:03,后摄像头,否,后摄
6805,person,2026-08-17 11:00:08,前摄像头,否,front camera
7088,cup,2026-08-17 11:00:11,后摄像头,否,后摄
7089,cup,2026-08-17 11:00:12,后摄像头,否,后摄
7090,cup,2026-08-17 11:00:14,后摄像头,否,后摄
7091,cup,2026-08-17 11:00:18,后摄像头,否,后摄
6806,person,2026-08-17 11:00:19,前摄像头,否,front camera
7092,cup,2026-08-17 11:00:19,后摄像头,否,后摄
7093,cup,2026-08-17 11:00:20,后摄像头,否,后摄
7094,cup,2026-08-17 11:00:21,后摄像头,否,后摄
7095,cup,2026-08-17 11:00:23,后摄像头,否,后摄
7096,cup,2026-08-17 11:00:26,后摄像头,否,后摄
6807,person,2026-08-17 11:00:27,前摄像头,否,front camera
7097,cup,2026-08-17 11:00:31,后摄像头,否,后摄
6808,person,2026-08-17 11:00:32,前摄像头,否,front camera
7098,cup,2026-08-17 11:00:33,后摄像头,否,后摄
6809,person,2026-08-17 11:00:41,前摄像头,否,front camera
6810,person,2026-08-17 11:00:45,前摄像头,否,front camera
6811,person,2026-08-17 11:01:04,前摄像头,否,front camera
6812,person,2026-08-17 11:01:44,前摄像头,否,front camera
6813,person,2026-08-17 11:01:52,前摄像头,否,front camera
6814,person,2026-08-17 11:02:00,前摄像头,否,front camera
6815,person,2026-08-17 11:02:04,前摄像头,否,front camera
6816,person,2026-08-17 11:02:06,前摄像头,否,front camera
6817,person,2026-08-17 11:02:11,前摄像头,否,front camera
6818,person,2026-08-17 11:02:23,前摄像头,否,front camera
6819,person,2026-08-17 11:02:32,前摄像头,否,front camera
6820,person,2026-08-17 11:02:45,前摄像头,否,front camera
6821,person,2026-08-17 11:02:55,前摄像头,否,front camera
6822,person,2026-08-17 11:03:01,前摄像头,否,front camera
6823,person,2026-08-17 11:03:04,前摄像头,否,front camera
6824,person,2026-08-17 11:03:15,前摄像头,否,front camera
6825,person,2026-08-17 11:03:29,前摄像头,否,front camera
6826,person,2026-08-17 11:03:34,前摄像头,否,front camera
6827,person,2026-08-17 11:03:42,前摄像头,否,front camera
7099,cup,2026-08-17 11:03:55,后摄像头,否,后摄
7100,cup,2026-08-17 11:03:55,后摄像头,否,后摄
7101,cup,2026-08-17 11:03:59,后摄像头,否,后摄
7102,cup,2026-08-17 11:04:03,后摄像头,否,后摄
6828,person,2026-08-17 11:04:03,前摄像头,否,front camera
6829,person,2026-08-17 11:04:07,前摄像头,否,front camera
7103,cup,2026-08-17 11:04:08,后摄像头,否,后摄
6830,person,2026-08-17 11:04:10,前摄像头,否,front camera
7104,cup,2026-08-17 11:04:11,后摄像头,否,后摄
7105,cup,2026-08-17 11:04:15,后摄像头,否,后摄
7106,cup,2026-08-17 11:04:19,后摄像头,否,后摄
7107,cup,2026-08-17 11:04:23,后摄像头,否,后摄
7108,cup,2026-08-17 11:04:24,后摄像头,否,后摄
7109,cup,2026-08-17 11:04:27,后摄像头,否,后摄
6831,person,2026-08-17 11:04:27,前摄像头,否,front camera
6832,person,2026-08-17 11:04:34,前摄像头,否,front camera
7110,cup,2026-08-17 11:04:41,后摄像头,否,后摄
7111,cup,2026-08-17 11:04:42,后摄像头,否,后摄
7112,cup,2026-08-17 11:04:43,后摄像头,否,后摄
7113,cup,2026-08-17 11:04:45,后摄像头,否,后摄
7114,cup,2026-08-17 11:04:55,后摄像头,否,后摄
7115,cup,2026-08-17 11:04:56,后摄像头,否,后摄
7116,cup,2026-08-17 11:07:11,后摄像头,否,后摄
7117,cup,2026-08-17 11:07:11,后摄像头,否,后摄
7118,cup,2026-08-17 11:07:15,后摄像头,否,后摄
7119,cup,2026-08-17 11:07:16,后摄像头,否,后摄
7120,cup,2026-08-17 11:07:19,后摄像头,否,后摄
7121,cup,2026-08-17 11:07:24,后摄像头,否,后摄
7122,cup,2026-08-17 11:07:25,后摄像头,否,后摄
7123,cup,2026-08-17 11:07:29,后摄像头,否,后摄
7124,cup,2026-08-17 11:07:40,后摄像头,否,后摄
7125,cup,2026-08-17 11:07:41,后摄像头,否,后摄
7126,cup,2026-08-17 11:07:43,后摄像头,否,后摄
7127,cup,2026-08-17 11:07:45,后摄像头,否,后摄
7128,cup,2026-08-17 11:07:52,后摄像头,否,后摄
7129,cup,2026-08-17 11:07:54,后摄像头,否,后摄
7116,chair,2026-08-17 11:09:20,前摄像头,否,front camera
7117,chair,2026-08-17 11:09:22,前摄像头,否,front camera
7118,chair,2026-08-17 11:09:24,前摄像头,否,front camera
7119,chair,2026-08-17 11:09:26,前摄像头,否,front camera
7120,chair,2026-08-17 11:09:28,前摄像头,否,front camera
7121,chair,2026-08-17 11:09:30,前摄像头,否,front camera
7122,chair,2026-08-17 11:09:33,前摄像头,否,front camera
7123,chair,2026-08-17 11:09:35,前摄像头,否,front camera
7124,chair,2026-08-17 11:09:37,前摄像头,否,front camera
7125,chair,2026-08-17 11:09:39,前摄像头,否,front camera
7126,chair,2026-08-17 11:09:41,前摄像头,否,front camera
7127,chair,2026-08-17 11:09:43,前摄像头,否,front camera
7128,chair,2026-08-17 11:09:45,前摄像头,否,front camera
7129,chair,2026-08-17 11:09:47,前摄像头,否,front camera
7130,chair,2026-08-17 11:09:49,前摄像头,否,front camera
7131,chair,2026-08-17 11:09:51,前摄像头,否,front camera
7132,"box,chair",2026-08-17 11:09:54,前摄像头,否,front camera
7133,chair,2026-08-17 11:09:56,前摄像头,否,front camera
7134,chair,2026-08-17 11:09:58,前摄像头,否,front camera
7135,box,2026-08-17 11:10:00,前摄像头,否,front camera
7136,chair,2026-08-17 11:10:02,前摄像头,否,front camera
7137,chair,2026-08-17 11:10:04,前摄像头,否,front camera
7138,box,2026-08-17 11:10:06,前摄像头,否,front camera
7139,"chair,box",2026-08-17 11:10:08,前摄像头,否,front camera
7140,"chair,box",2026-08-17 11:10:10,前摄像头,否,front camera
7141,"chair,box",2026-08-17 11:10:12,前摄像头,否,front camera
7142,"chair,box",2026-08-17 11:10:14,前摄像头,否,front camera
7143,chair,2026-08-17 11:10:18,前摄像头,否,front camera
7144,chair,2026-08-17 11:10:20,前摄像头,否,front camera
7145,chair,2026-08-17 11:10:22,前摄像头,否,front camera
7146,chair,2026-08-17 11:10:24,前摄像头,否,front camera
7147,chair,2026-08-17 11:10:26,前摄像头,否,front camera
7148,"chair,box",2026-08-17 11:10:28,前摄像头,否,front camera
7149,chair,2026-08-17 11:10:30,前摄像头,否,front camera
7150,chair,2026-08-17 11:10:32,前摄像头,否,front camera
7151,box,2026-08-17 11:10:34,前摄像头,否,front camera
7152,chair,2026-08-17 11:10:37,前摄像头,否,front camera
7153,box,2026-08-17 11:10:39,前摄像头,否,front camera
7154,chair,2026-08-17 11:10:41,前摄像头,否,front camera
7155,chair,2026-08-17 11:10:43,前摄像头,否,front camera
7156,chair,2026-08-17 11:10:45,前摄像头,否,front camera
7157,"chair,box",2026-08-17 11:10:47,前摄像头,否,front camera
7158,"box,chair",2026-08-17 11:10:49,前摄像头,否,front camera
7159,"box,chair",2026-08-17 11:10:51,前摄像头,否,front camera
7160,chair,2026-08-17 11:10:53,前摄像头,否,front camera
7161,chair,2026-08-17 11:10:55,前摄像头,否,front camera
7162,box,2026-08-17 11:10:58,前摄像头,否,front camera
7163,chair,2026-08-17 11:11:00,前摄像头,否,front camera
7164,"chair,box",2026-08-17 11:11:02,前摄像头,否,front camera
7165,chair,2026-08-17 11:11:04,前摄像头,否,front camera
7166,chair,2026-08-17 11:11:06,前摄像头,否,front camera
7167,chair,2026-08-17 11:11:08,前摄像头,否,front camera
7168,"chair,box",2026-08-17 11:11:10,前摄像头,否,front camera
7169,"chair,box",2026-08-17 11:11:12,前摄像头,否,front camera
7170,chair,2026-08-17 11:11:14,前摄像头,否,front camera
7171,chair,2026-08-17 11:11:16,前摄像头,否,front camera
7172,"chair,box",2026-08-17 11:11:18,前摄像头,否,front camera
7173,chair,2026-08-17 11:11:20,前摄像头,否,front camera
7174,"chair,box",2026-08-17 11:11:22,前摄像头,否,front camera
7175,chair,2026-08-17 11:11:24,前摄像头,否,front camera
7176,chair,2026-08-17 11:11:26,前摄像头,否,front camera
7177,"chair,box",2026-08-17 11:11:28,前摄像头,否,front camera
7178,chair,2026-08-17 11:11:30,前摄像头,否,front camera
7179,box,2026-08-17 11:11:32,前摄像头,否,front camera
7180,chair,2026-08-17 11:11:34,前摄像头,否,front camera
7181,chair,2026-08-17 11:11:36,前摄像头,否,front camera
7182,"chair,box",2026-08-17 11:11:38,前摄像头,否,front camera
7183,chair,2026-08-17 11:11:40,前摄像头,否,front camera
7184,box,2026-08-17 11:11:42,前摄像头,否,front camera
7185,"chair,box",2026-08-17 11:11:44,前摄像头,否,front camera
7186,"chair,box",2026-08-17 11:11:46,前摄像头,否,front camera
7187,"chair,box",2026-08-17 11:11:48,前摄像头,否,front camera
7188,chair,2026-08-17 11:11:50,前摄像头,否,front camera
7189,box,2026-08-17 11:11:52,前摄像头,否,front camera
7190,"chair,box",2026-08-17 11:11:54,前摄像头,否,front camera
7191,chair,2026-08-17 11:11:56,前摄像头,否,front camera
7192,chair,2026-08-17 11:11:58,前摄像头,否,front camera
7193,box,2026-08-17 11:12:01,前摄像头,否,front camera
7194,chair,2026-08-17 11:12:03,前摄像头,否,front camera
7195,"box,person,chair",2026-08-17 11:12:05,前摄像头,否,front camera
7196,"box,person,chair",2026-08-17 11:12:07,前摄像头,否,front camera
7197,"chair,box",2026-08-17 11:12:09,前摄像头,否,front camera
7198,"chair,box",2026-08-17 11:12:11,前摄像头,否,front camera
7199,person,2026-08-17 11:12:13,前摄像头,否,front camera
7200,chair,2026-08-17 11:12:15,前摄像头,否,front camera
7201,"box,chair",2026-08-17 11:12:17,前摄像头,否,front camera
7202,chair,2026-08-17 11:12:19,前摄像头,否,front camera
7203,chair,2026-08-17 11:12:21,前摄像头,否,front camera
7204,box,2026-08-17 11:12:23,前摄像头,否,front camera
7205,box,2026-08-17 11:12:25,前摄像头,否,front camera
7206,"person,box",2026-08-17 11:12:27,前摄像头,否,front camera
7207,person,2026-08-17 11:12:29,前摄像头,否,front camera
7208,person,2026-08-17 11:12:31,前摄像头,否,front camera
7209,box,2026-08-17 11:12:33,前摄像头,否,front camera
7210,person,2026-08-17 11:12:35,前摄像头,否,front camera
7211,person,2026-08-17 11:12:37,前摄像头,否,front camera
7212,person,2026-08-17 11:12:39,前摄像头,否,front camera
7213,"box,person,shoe",2026-08-17 11:12:41,前摄像头,否,front camera
7214,"person,box",2026-08-17 11:12:43,前摄像头,否,front camera
7215,person,2026-08-17 11:12:45,前摄像头,否,front camera
7216,person,2026-08-17 11:12:47,前摄像头,否,front camera
7217,"person,box",2026-08-17 11:12:49,前摄像头,否,front camera
7218,person,2026-08-17 11:12:51,前摄像头,否,front camera
7219,"person,box",2026-08-17 11:12:53,前摄像头,否,front camera
7220,person,2026-08-17 11:12:55,前摄像头,否,front camera
7221,person,2026-08-17 11:12:57,前摄像头,否,front camera
7222,"person,box,chair",2026-08-17 11:12:59,前摄像头,否,front camera
7223,person,2026-08-17 11:13:01,前摄像头,否,front camera
7224,"person,box",2026-08-17 11:13:03,前摄像头,否,front camera
7225,"person,box",2026-08-17 11:13:05,前摄像头,否,front camera
7226,"person,box",2026-08-17 11:13:07,前摄像头,否,front camera
7227,person,2026-08-17 11:13:09,前摄像头,否,front camera
7228,person,2026-08-17 11:13:11,前摄像头,否,front camera
7229,"person,box",2026-08-17 11:13:13,前摄像头,否,front camera
7230,person,2026-08-17 11:13:15,前摄像头,否,front camera
7231,"person,box",2026-08-17 11:13:17,前摄像头,否,front camera
7232,person,2026-08-17 11:13:19,前摄像头,否,front camera
7233,person,2026-08-17 11:13:21,前摄像头,否,front camera
7234,"box,person,shoe",2026-08-17 11:13:23,前摄像头,否,front camera
7235,person,2026-08-17 11:13:25,前摄像头,否,front camera
7236,person,2026-08-17 11:13:27,前摄像头,否,front camera
7237,person,2026-08-17 11:13:29,前摄像头,否,front camera
7238,person,2026-08-17 11:13:31,前摄像头,否,front camera
7239,person,2026-08-17 11:13:33,前摄像头,否,front camera
7240,"person,box",2026-08-17 11:13:35,前摄像头,否,front camera
7241,"person,box",2026-08-17 11:13:37,前摄像头,否,front camera
7242,"box,person",2026-08-17 11:13:39,前摄像头,否,front camera
7243,"person,box",2026-08-17 11:13:41,前摄像头,否,front camera
7244,person,2026-08-17 11:13:43,前摄像头,否,front camera
7245,box,2026-08-17 11:13:45,前摄像头,否,front camera
7246,"person,box,shoe",2026-08-17 11:13:47,前摄像头,否,front camera
7247,person,2026-08-17 11:13:49,前摄像头,否,front camera
7248,person,2026-08-17 11:13:51,前摄像头,否,front camera
7249,person,2026-08-17 11:13:53,前摄像头,否,front camera
7250,person,2026-08-17 11:13:55,前摄像头,否,front camera
7251,"person,shoe,box",2026-08-17 11:13:57,前摄像头,否,front camera
7252,"person,box",2026-08-17 11:13:59,前摄像头,否,front camera
7253,person,2026-08-17 11:14:01,前摄像头,否,front camera
7254,person,2026-08-17 11:14:03,前摄像头,否,front camera
7255,person,2026-08-17 11:14:05,前摄像头,否,front camera
7256,person,2026-08-17 11:14:07,前摄像头,否,front camera
7257,person,2026-08-17 11:14:09,前摄像头,否,front camera
7258,person,2026-08-17 11:14:11,前摄像头,否,front camera
7259,person,2026-08-17 11:14:13,前摄像头,否,front camera
7260,person,2026-08-17 11:14:15,前摄像头,否,front camera
7261,person,2026-08-17 11:14:17,前摄像头,否,front camera
7262,person,2026-08-17 11:14:19,前摄像头,否,front camera
7263,"person,box",2026-08-17 11:14:21,前摄像头,否,front camera
7264,"person,box",2026-08-17 11:14:23,前摄像头,否,front camera
7265,person,2026-08-17 11:14:25,前摄像头,否,front camera
7266,box,2026-08-17 11:14:27,前摄像头,否,front camera
7267,box,2026-08-17 11:14:29,前摄像头,否,front camera
7268,person,2026-08-17 11:14:31,前摄像头,否,front camera
7269,box,2026-08-17 11:14:33,前摄像头,否,front camera
7270,"person,box",2026-08-17 11:14:37,前摄像头,否,front camera
7271,person,2026-08-17 11:14:39,前摄像头,否,front camera
7272,"person,box",2026-08-17 11:14:41,前摄像头,否,front camera
7273,person,2026-08-17 11:14:43,前摄像头,否,front camera
7274,"person,box",2026-08-17 11:14:45,前摄像头,否,front camera
7275,person,2026-08-17 11:14:47,前摄像头,否,front camera
7276,person,2026-08-17 11:14:49,前摄像头,否,front camera
7277,person,2026-08-17 11:14:51,前摄像头,否,front camera
7278,person,2026-08-17 11:14:53,前摄像头,否,front camera
7279,person,2026-08-17 11:14:55,前摄像头,否,front camera
7280,person,2026-08-17 11:14:57,前摄像头,否,front camera
7281,"person,box",2026-08-17 11:14:59,前摄像头,否,front camera
7282,person,2026-08-17 11:15:01,前摄像头,否,front camera
7283,person,2026-08-17 11:15:03,前摄像头,否,front camera
7284,person,2026-08-17 11:15:05,前摄像头,否,front camera
7285,person,2026-08-17 11:15:07,前摄像头,否,front camera
7286,"person,box",2026-08-17 11:15:09,前摄像头,否,front camera
7287,"person,box",2026-08-17 11:15:11,前摄像头,否,front camera
7288,person,2026-08-17 11:15:13,前摄像头,否,front camera
7289,"person,box",2026-08-17 11:15:15,前摄像头,否,front camera
7290,"person,box",2026-08-17 11:15:17,前摄像头,否,front camera
7291,"person,box",2026-08-17 11:15:19,前摄像头,否,front camera
7292,"person,box",2026-08-17 11:15:21,前摄像头,否,front camera
7293,person,2026-08-17 11:15:23,前摄像头,否,front camera
7294,person,2026-08-17 11:15:25,前摄像头,否,front camera
7295,person,2026-08-17 11:15:27,前摄像头,否,front camera
7283,box,2026-08-17 11:15:27,后摄像头,否,后摄
7284,box,2026-08-17 11:15:28,后摄像头,否,后摄
7296,"person,box",2026-08-17 11:15:29,前摄像头,否,front camera
7297,person,2026-08-17 11:15:31,前摄像头,否,front camera
7285,box,2026-08-17 11:15:32,后摄像头,否,后摄
7286,box,2026-08-17 11:15:33,后摄像头,否,后摄
7298,"person,box",2026-08-17 11:15:33,前摄像头,否,front camera
7299,"person,box",2026-08-17 11:15:35,前摄像头,否,front camera
7300,"person,box",2026-08-17 11:15:37,前摄像头,否,front camera
7287,box,2026-08-17 11:15:37,后摄像头,否,后摄
7301,"person,box",2026-08-17 11:15:39,前摄像头,否,front camera
7302,person,2026-08-17 11:15:41,前摄像头,否,front camera
7288,box,2026-08-17 11:15:43,后摄像头,否,后摄
7303,"person,box",2026-08-17 11:15:43,前摄像头,否,front camera
7304,person,2026-08-17 11:15:45,前摄像头,否,front camera
7305,person,2026-08-17 11:15:47,前摄像头,否,front camera
7306,"person,box,chair",2026-08-17 11:15:49,前摄像头,否,front camera
7307,"person,chair,box",2026-08-17 11:15:51,前摄像头,否,front camera
7289,未佩戴安全帽,2026-08-17 11:15:52,后摄像头,是,后摄
7308,person,2026-08-17 11:15:53,前摄像头,否,front camera
7290,未佩戴安全帽,2026-08-17 11:15:53,后摄像头,是,后摄
7291,未佩戴安全帽,2026-08-17 11:15:54,后摄像头,是,后摄
7309,person,2026-08-17 11:15:55,前摄像头,否,front camera
7292,未佩戴安全帽,2026-08-17 11:15:55,后摄像头,是,后摄
7293,未佩戴安全帽,2026-08-17 11:15:56,后摄像头,是,后摄
7310,box,2026-08-17 11:15:57,前摄像头,否,front camera
7294,未佩戴安全帽,2026-08-17 11:15:57,后摄像头,是,后摄
7311,"person,box",2026-08-17 11:15:59,前摄像头,否,front camera
7312,person,2026-08-17 11:16:01,前摄像头,否,front camera
7313,person,2026-08-17 11:16:03,前摄像头,否,front camera
7295,box,2026-08-17 11:16:04,后摄像头,否,后摄
7314,person,2026-08-17 11:16:05,前摄像头,否,front camera
7296,box,2026-08-17 11:16:05,后摄像头,否,后摄
7297,box,2026-08-17 11:16:06,后摄像头,否,后摄
7315,person,2026-08-17 11:16:07,前摄像头,否,front camera
7298,box,2026-08-17 11:16:09,后摄像头,否,后摄
7316,"person,box",2026-08-17 11:16:09,前摄像头,否,front camera
7317,person,2026-08-17 11:16:11,前摄像头,否,front camera
7299,box,2026-08-17 11:16:12,后摄像头,否,后摄
7318,person,2026-08-17 11:16:13,前摄像头,否,front camera
7300,box,2026-08-17 11:16:15,后摄像头,否,后摄
7319,"person,box",2026-08-17 11:16:15,前摄像头,否,front camera
7301,box,2026-08-17 11:16:16,后摄像头,否,后摄
7320,person,2026-08-17 11:16:18,前摄像头,否,front camera
7302,box,2026-08-17 11:16:18,后摄像头,否,后摄
7321,"box,person",2026-08-17 11:16:20,前摄像头,否,front camera
7322,"box,person",2026-08-17 11:16:22,前摄像头,否,front camera
7303,未佩戴安全帽,2026-08-17 11:16:22,后摄像头,是,后摄
7304,未佩戴安全帽,2026-08-17 11:16:23,后摄像头,是,后摄
7323,"person,box",2026-08-17 11:16:24,前摄像头,否,front camera
7305,shoe,2026-08-17 11:16:24,后摄像头,否,后摄
7306,未佩戴安全帽,2026-08-17 11:16:24,后摄像头,是,后摄
7324,box,2026-08-17 11:16:26,前摄像头,否,front camera
7307,box,2026-08-17 11:16:27,后摄像头,否,后摄
7325,person,2026-08-17 11:16:28,前摄像头,否,front camera
7326,"box,person",2026-08-17 11:16:30,前摄像头,否,front camera
7308,box,2026-08-17 11:16:30,后摄像头,否,后摄
7327,person,2026-08-17 11:16:32,前摄像头,否,front camera
7328,"person,box",2026-08-17 11:16:34,前摄像头,否,front camera
7329,"person,box",2026-08-17 11:16:36,前摄像头,否,front camera
7330,box,2026-08-17 11:16:38,前摄像头,否,front camera
7309,chair,2026-08-17 11:18:00,后摄像头,否,后摄
7310,chair,2026-08-17 11:18:01,后摄像头,否,后摄
7311,chair,2026-08-17 11:18:29,后摄像头,否,后摄
7312,chair,2026-08-17 11:18:32,后摄像头,否,后摄
7313,chair,2026-08-17 11:18:45,后摄像头,否,后摄
7314,chair,2026-08-17 11:19:01,后摄像头,否,后摄
7315,chair,2026-08-17 11:19:15,后摄像头,否,后摄
7316,chair,2026-08-17 11:19:17,后摄像头,否,后摄
7331,chair,2026-08-17 11:19:22,前摄像头,否,front camera
7317,chair,2026-08-17 11:19:23,后摄像头,否,后摄
7332,chair,2026-08-17 11:19:26,前摄像头,否,front camera
7318,chair,2026-08-17 11:19:26,后摄像头,否,后摄
7333,chair,2026-08-17 11:19:33,前摄像头,否,front camera
7319,chair,2026-08-17 11:19:38,后摄像头,否,后摄
7320,chair,2026-08-17 11:19:40,后摄像头,否,后摄
7321,chair,2026-08-17 11:19:49,后摄像头,否,后摄
7322,chair,2026-08-17 11:19:54,后摄像头,否,后摄
7334,chair,2026-08-17 11:19:57,前摄像头,否,front camera
7323,chair,2026-08-17 11:19:57,后摄像头,否,后摄
7335,chair,2026-08-17 11:20:00,前摄像头,否,front camera
7324,chair,2026-08-17 11:20:01,后摄像头,否,后摄
7336,chair,2026-08-17 11:20:03,前摄像头,否,front camera
7337,chair,2026-08-17 11:20:07,前摄像头,否,front camera
7338,chair,2026-08-17 11:20:10,前摄像头,否,front camera
7339,chair,2026-08-17 11:20:17,前摄像头,否,front camera
7325,chair,2026-08-17 11:20:19,后摄像头,否,后摄
7340,person,2026-08-17 11:20:20,前摄像头,否,front camera
7341,person,2026-08-17 11:20:22,前摄像头,否,front camera
7342,person,2026-08-17 11:20:24,前摄像头,否,front camera
7343,person,2026-08-17 11:20:26,前摄像头,否,front camera
7344,person,2026-08-17 11:20:28,前摄像头,否,front camera
7345,person,2026-08-17 11:20:30,前摄像头,否,front camera
7346,person,2026-08-17 11:20:32,前摄像头,否,front camera
7347,person,2026-08-17 11:20:34,前摄像头,否,front camera
7348,person,2026-08-17 11:20:36,前摄像头,否,front camera
7349,person,2026-08-17 11:20:38,前摄像头,否,front camera
7350,person,2026-08-17 11:20:40,前摄像头,否,front camera
7351,person,2026-08-17 11:20:42,前摄像头,否,front camera
7352,person,2026-08-17 11:20:44,前摄像头,否,front camera
7353,person,2026-08-17 11:20:46,前摄像头,否,front camera
7354,person,2026-08-17 11:20:48,前摄像头,否,front camera
7326,未佩戴安全帽,2026-08-17 11:20:49,后摄像头,是,后摄
7327,未佩戴安全帽,2026-08-17 11:20:50,后摄像头,是,后摄
7355,person,2026-08-17 11:20:50,前摄像头,否,front camera
7328,未佩戴安全帽,2026-08-17 11:20:51,后摄像头,是,后摄
7329,未佩戴安全帽,2026-08-17 11:20:52,后摄像头,是,后摄
7356,person,2026-08-17 11:20:52,前摄像头,否,front camera
7330,未佩戴安全帽,2026-08-17 11:20:53,后摄像头,是,后摄
7331,未佩戴安全帽,2026-08-17 11:20:54,后摄像头,是,后摄
7357,person,2026-08-17 11:20:54,前摄像头,否,front camera
7332,未佩戴安全帽,2026-08-17 11:20:55,后摄像头,是,后摄
7333,未佩戴安全帽,2026-08-17 11:20:56,后摄像头,是,后摄
7358,person,2026-08-17 11:20:56,前摄像头,否,front camera
7334,未佩戴安全帽,2026-08-17 11:20:57,后摄像头,是,后摄
7335,未佩戴安全帽,2026-08-17 11:20:58,后摄像头,是,后摄
7359,person,2026-08-17 11:20:58,前摄像头,否,front camera
7336,未佩戴安全帽,2026-08-17 11:20:59,后摄像头,是,后摄
7337,未佩戴安全帽,2026-08-17 11:21:00,后摄像头,是,后摄
7360,person,2026-08-17 11:21:00,前摄像头,否,front camera
7338,未佩戴安全帽,2026-08-17 11:21:01,后摄像头,是,后摄
7339,未佩戴安全帽,2026-08-17 11:21:02,后摄像头,是,后摄
7361,person,2026-08-17 11:21:02,前摄像头,否,front camera
7362,person,2026-08-17 11:21:04,前摄像头,否,front camera
7363,person,2026-08-17 11:21:06,前摄像头,否,front camera
7364,person,2026-08-17 11:21:08,前摄像头,否,front camera
7365,person,2026-08-17 11:21:10,前摄像头,否,front camera
7366,person,2026-08-17 11:21:12,前摄像头,否,front camera
7367,person,2026-08-17 11:21:14,前摄像头,否,front camera
7368,person,2026-08-17 11:21:16,前摄像头,否,front camera
7369,person,2026-08-17 11:21:18,前摄像头,否,front camera
7370,person,2026-08-17 11:21:20,前摄像头,否,front camera
7371,person,2026-08-17 11:21:22,前摄像头,否,front camera
7372,person,2026-08-17 11:21:24,前摄像头,否,front camera
7373,person,2026-08-17 11:21:26,前摄像头,否,front camera
7374,person,2026-08-17 11:21:28,前摄像头,否,front camera
7375,person,2026-08-17 11:21:30,前摄像头,否,front camera
7376,person,2026-08-17 11:21:32,前摄像头,否,front camera
7340,box,2026-08-17 11:21:33,后摄像头,否,后摄
7377,box,2026-08-17 11:21:34,前摄像头,否,front camera
7378,box,2026-08-17 11:21:36,前摄像头,否,front camera
7341,box,2026-08-17 11:21:38,后摄像头,否,后摄
7379,box,2026-08-17 11:21:38,前摄像头,否,front camera
7342,box,2026-08-17 11:21:40,后摄像头,否,后摄
7380,box,2026-08-17 11:21:40,前摄像头,否,front camera
7381,box,2026-08-17 11:21:42,前摄像头,否,front camera
7343,box,2026-08-17 11:21:43,后摄像头,否,后摄
7382,box,2026-08-17 11:21:44,前摄像头,否,front camera
7344,box,2026-08-17 11:21:45,后摄像头,否,后摄
7383,box,2026-08-17 11:21:47,前摄像头,否,front camera
7384,box,2026-08-17 11:21:49,前摄像头,否,front camera
7345,box,2026-08-17 11:21:49,后摄像头,否,后摄
7385,box,2026-08-17 11:21:51,前摄像头,否,front camera
7386,box,2026-08-17 11:21:53,前摄像头,否,front camera
7346,box,2026-08-17 11:21:53,后摄像头,否,后摄
7387,box,2026-08-17 11:32:33,前摄像头,否,front camera
7388,box,2026-08-17 11:32:38,前摄像头,否,front camera
7387,box,2026-08-17 11:32:39,后摄像头,否,rear camera
7388,box,2026-08-17 11:32:39,后摄像头,否,rear camera
7389,box,2026-08-17 11:32:40,前摄像头,否,front camera
7389,box,2026-08-17 11:32:41,后摄像头,否,rear camera
7390,box,2026-08-17 11:32:42,前摄像头,否,front camera
7390,box,2026-08-17 11:32:43,后摄像头,否,rear camera
7391,box,2026-08-17 11:32:44,前摄像头,否,front camera
7391,chair,2026-08-17 11:32:44,后摄像头,否,rear camera
7392,"chair,box",2026-08-17 11:32:46,后摄像头,否,rear camera
7392,box,2026-08-17 11:32:46,前摄像头,否,front camera
7393,box,2026-08-17 11:32:47,后摄像头,否,rear camera
7393,box,2026-08-17 11:32:48,前摄像头,否,front camera
7394,chair,2026-08-17 11:32:49,后摄像头,否,rear camera
7394,box,2026-08-17 11:32:52,前摄像头,否,front camera
7395,box,2026-08-17 11:32:52,后摄像头,否,rear camera
7396,box,2026-08-17 11:32:54,后摄像头,否,rear camera
7395,box,2026-08-17 11:32:54,前摄像头,否,front camera
7397,box,2026-08-17 11:32:55,后摄像头,否,rear camera
7398,box,2026-08-17 11:32:56,后摄像头,否,rear camera
7396,box,2026-08-17 11:32:56,前摄像头,否,front camera
7397,box,2026-08-17 11:32:58,前摄像头,否,front camera
7399,box,2026-08-17 11:33:00,后摄像头,否,rear camera
7398,box,2026-08-17 11:33:00,前摄像头,否,front camera
7400,box,2026-08-17 11:33:02,后摄像头,否,rear camera
7399,box,2026-08-17 11:33:02,前摄像头,否,front camera
7401,chair,2026-08-17 11:33:04,后摄像头,否,rear camera
7400,box,2026-08-17 11:33:04,前摄像头,否,front camera
7401,box,2026-08-17 11:33:07,前摄像头,否,front camera
7402,chair,2026-08-17 11:33:07,后摄像头,否,rear camera
7403,chair,2026-08-17 11:33:08,后摄像头,否,rear camera
7402,box,2026-08-17 11:33:09,前摄像头,否,front camera
7404,chair,2026-08-17 11:33:09,后摄像头,否,rear camera
7405,chair,2026-08-17 11:33:10,后摄像头,否,rear camera
7406,未佩戴安全帽,2026-08-17 11:33:11,后摄像头,是,rear camera
7407,未佩戴安全帽,2026-08-17 11:33:11,后摄像头,是,rear camera
7403,box,2026-08-17 11:33:11,前摄像头,否,front camera
7408,未佩戴安全帽,2026-08-17 11:33:12,后摄像头,是,rear camera
7409,未佩戴安全帽,2026-08-17 11:33:12,后摄像头,是,rear camera
7410,未佩戴安全帽,2026-08-17 11:33:13,后摄像头,是,rear camera
7411,未佩戴安全帽,2026-08-17 11:33:13,后摄像头,是,rear camera
7404,box,2026-08-17 11:33:13,前摄像头,否,front camera
7412,未佩戴安全帽,2026-08-17 11:33:14,后摄像头,是,rear camera
7413,未佩戴安全帽,2026-08-17 11:33:14,后摄像头,是,rear camera
7414,未佩戴安全帽,2026-08-17 11:33:15,后摄像头,是,rear camera
7415,未佩戴安全帽,2026-08-17 11:33:15,后摄像头,是,rear camera
7405,box,2026-08-17 11:33:15,前摄像头,否,front camera
7416,chair,2026-08-17 11:33:16,后摄像头,否,rear camera
7417,未佩戴安全帽,2026-08-17 11:33:17,后摄像头,是,rear camera
7418,chair,2026-08-17 11:33:17,后摄像头,否,rear camera
7406,box,2026-08-17 11:33:18,前摄像头,否,front camera
7419,chair,2026-08-17 11:33:18,后摄像头,否,rear camera
7420,chair,2026-08-17 11:33:19,后摄像头,否,rear camera
7407,"box,chair",2026-08-17 11:33:20,前摄像头,否,front camera
7421,chair,2026-08-17 11:33:20,后摄像头,否,rear camera
7422,chair,2026-08-17 11:33:21,后摄像头,否,rear camera
7408,"box,chair",2026-08-17 11:33:22,前摄像头,否,front camera
7423,chair,2026-08-17 11:33:22,后摄像头,否,rear camera
7424,chair,2026-08-17 11:33:23,后摄像头,否,rear camera
7409,box,2026-08-17 11:33:24,前摄像头,否,front camera
7425,chair,2026-08-17 11:33:24,后摄像头,否,rear camera
7426,chair,2026-08-17 11:33:25,后摄像头,否,rear camera
7410,"person,box",2026-08-17 11:33:26,前摄像头,否,front camera
7427,chair,2026-08-17 11:33:26,后摄像头,否,rear camera
7428,chair,2026-08-17 11:33:27,后摄像头,否,rear camera
7411,person,2026-08-17 11:33:28,前摄像头,否,front camera
7429,chair,2026-08-17 11:33:28,后摄像头,否,rear camera
7430,chair,2026-08-17 11:33:29,后摄像头,否,rear camera
7412,box,2026-08-17 11:33:30,前摄像头,否,front camera
7431,chair,2026-08-17 11:33:30,后摄像头,否,rear camera
7432,chair,2026-08-17 11:33:31,后摄像头,否,rear camera
7413,person,2026-08-17 11:33:32,前摄像头,否,front camera
7433,chair,2026-08-17 11:33:32,后摄像头,否,rear camera
7434,chair,2026-08-17 11:33:33,后摄像头,否,rear camera
7414,person,2026-08-17 11:33:34,前摄像头,否,front camera
7435,chair,2026-08-17 11:33:34,后摄像头,否,rear camera
7436,chair,2026-08-17 11:33:35,后摄像头,否,rear camera
7415,person,2026-08-17 11:33:36,前摄像头,否,front camera
7437,chair,2026-08-17 11:33:36,后摄像头,否,rear camera
7438,chair,2026-08-17 11:33:37,后摄像头,否,rear camera
7416,"person,box",2026-08-17 11:33:38,前摄像头,否,front camera
7439,chair,2026-08-17 11:33:38,后摄像头,否,rear camera
7440,chair,2026-08-17 11:33:39,后摄像头,否,rear camera
7417,box,2026-08-17 11:33:40,前摄像头,否,front camera
7441,chair,2026-08-17 11:33:40,后摄像头,否,rear camera
7442,chair,2026-08-17 11:33:41,后摄像头,否,rear camera
7418,"person,box",2026-08-17 11:33:42,前摄像头,否,front camera
7443,chair,2026-08-17 11:33:42,后摄像头,否,rear camera
7444,chair,2026-08-17 11:33:43,后摄像头,否,rear camera
7419,person,2026-08-17 11:33:44,前摄像头,否,front camera
7445,chair,2026-08-17 11:33:44,后摄像头,否,rear camera
7446,chair,2026-08-17 11:33:45,后摄像头,否,rear camera
7420,box,2026-08-17 11:33:46,前摄像头,否,front camera
7447,chair,2026-08-17 11:33:46,后摄像头,否,rear camera
7448,chair,2026-08-17 11:33:47,后摄像头,否,rear camera
7421,box,2026-08-17 11:33:48,前摄像头,否,front camera
7449,chair,2026-08-17 11:33:48,后摄像头,否,rear camera
7450,chair,2026-08-17 11:33:49,后摄像头,否,rear camera
7422,box,2026-08-17 11:33:50,前摄像头,否,front camera
7451,chair,2026-08-17 11:33:50,后摄像头,否,rear camera
7452,chair,2026-08-17 11:33:51,后摄像头,否,rear camera
7423,box,2026-08-17 11:33:52,前摄像头,否,front camera
7453,chair,2026-08-17 11:33:53,后摄像头,否,rear camera
7454,chair,2026-08-17 11:33:53,后摄像头,否,rear camera
7455,未佩戴安全帽,2026-08-17 11:33:54,后摄像头,是,rear camera
7424,"person,box",2026-08-17 11:33:54,前摄像头,否,front camera
7456,未佩戴安全帽,2026-08-17 11:33:55,后摄像头,是,rear camera
7457,未佩戴安全帽,2026-08-17 11:33:55,后摄像头,是,rear camera
7458,未佩戴安全帽,2026-08-17 11:33:56,后摄像头,是,rear camera
7459,未佩戴安全帽,2026-08-17 11:33:56,后摄像头,是,rear camera
7425,"person,box",2026-08-17 11:33:56,前摄像头,否,front camera
7460,未佩戴安全帽,2026-08-17 11:33:57,后摄像头,是,rear camera
7461,未佩戴安全帽,2026-08-17 11:33:57,后摄像头,是,rear camera
7462,未佩戴安全帽,2026-08-17 11:33:58,后摄像头,是,rear camera
7463,未佩戴安全帽,2026-08-17 11:33:58,后摄像头,是,rear camera
7426,person,2026-08-17 11:33:58,前摄像头,否,front camera
7464,未佩戴安全帽,2026-08-17 11:33:59,后摄像头,是,rear camera
7465,未佩戴安全帽,2026-08-17 11:33:59,后摄像头,是,rear camera
7466,未佩戴安全帽,2026-08-17 11:34:00,后摄像头,是,rear camera
7467,未佩戴安全帽,2026-08-17 11:34:00,后摄像头,是,rear camera
7427,box,2026-08-17 11:34:00,前摄像头,否,front camera
7468,未佩戴安全帽,2026-08-17 11:34:01,后摄像头,是,rear camera
7469,未佩戴安全帽,2026-08-17 11:34:01,后摄像头,是,rear camera
7470,chair,2026-08-17 11:34:02,后摄像头,否,rear camera
7428,person,2026-08-17 11:34:02,前摄像头,否,front camera
7471,chair,2026-08-17 11:34:03,后摄像头,否,rear camera
7472,chair,2026-08-17 11:34:04,后摄像头,否,rear camera
7429,person,2026-08-17 11:34:04,前摄像头,否,front camera
7473,chair,2026-08-17 11:34:05,后摄像头,否,rear camera
7474,chair,2026-08-17 11:34:06,后摄像头,否,rear camera
7430,person,2026-08-17 11:34:06,前摄像头,否,front camera
7475,chair,2026-08-17 11:34:07,后摄像头,否,rear camera
7476,chair,2026-08-17 11:34:08,后摄像头,否,rear camera
7431,box,2026-08-17 11:34:08,前摄像头,否,front camera
7477,chair,2026-08-17 11:34:09,后摄像头,否,rear camera
7478,chair,2026-08-17 11:34:10,后摄像头,否,rear camera
7432,"person,box",2026-08-17 11:34:10,前摄像头,否,front camera
7479,chair,2026-08-17 11:34:11,后摄像头,否,rear camera
7480,chair,2026-08-17 11:34:12,后摄像头,否,rear camera
7433,box,2026-08-17 11:34:12,前摄像头,否,front camera
7481,chair,2026-08-17 11:34:13,后摄像头,否,rear camera
7482,chair,2026-08-17 11:34:14,后摄像头,否,rear camera
7434,box,2026-08-17 11:34:14,前摄像头,否,front camera
7483,chair,2026-08-17 11:34:15,后摄像头,否,rear camera
7484,chair,2026-08-17 11:34:16,后摄像头,否,rear camera
7435,box,2026-08-17 11:34:16,前摄像头,否,front camera
7485,chair,2026-08-17 11:34:17,后摄像头,否,rear camera
7486,chair,2026-08-17 11:34:18,后摄像头,否,rear camera
7436,box,2026-08-17 11:34:19,前摄像头,否,front camera
7487,chair,2026-08-17 11:34:19,后摄像头,否,rear camera
7488,chair,2026-08-17 11:34:20,后摄像头,否,rear camera
7437,box,2026-08-17 11:34:21,前摄像头,否,front camera
7489,chair,2026-08-17 11:34:21,后摄像头,否,rear camera
7490,chair,2026-08-17 11:34:22,后摄像头,否,rear camera
7438,"box,person",2026-08-17 11:34:23,前摄像头,否,front camera
7491,chair,2026-08-17 11:34:23,后摄像头,否,rear camera
7492,chair,2026-08-17 11:34:24,后摄像头,否,rear camera
7439,"person,box",2026-08-17 11:34:25,前摄像头,否,front camera
7493,chair,2026-08-17 11:34:25,后摄像头,否,rear camera
7494,chair,2026-08-17 11:34:26,后摄像头,否,rear camera
7495,chair,2026-08-17 11:34:27,后摄像头,否,rear camera
7440,box,2026-08-17 11:34:27,前摄像头,否,front camera
7496,chair,2026-08-17 11:34:28,后摄像头,否,rear camera
7497,chair,2026-08-17 11:34:29,后摄像头,否,rear camera
7441,box,2026-08-17 11:34:29,前摄像头,否,front camera
7498,chair,2026-08-17 11:34:30,后摄像头,否,rear camera
7499,chair,2026-08-17 11:34:31,后摄像头,否,rear camera
7442,box,2026-08-17 11:34:32,前摄像头,否,front camera
7500,chair,2026-08-17 11:34:32,后摄像头,否,rear camera
7501,未佩戴安全帽,2026-08-17 11:34:33,后摄像头,是,rear camera
7502,未佩戴安全帽,2026-08-17 11:34:33,后摄像头,是,rear camera
7443,box,2026-08-17 11:34:34,前摄像头,否,front camera
7503,未佩戴安全帽,2026-08-17 11:34:34,后摄像头,是,rear camera
7504,未佩戴安全帽,2026-08-17 11:34:34,后摄像头,是,rear camera
7505,未佩戴安全帽,2026-08-17 11:34:35,后摄像头,是,rear camera
7506,未佩戴安全帽,2026-08-17 11:34:35,后摄像头,是,rear camera
7444,person,2026-08-17 11:34:36,前摄像头,否,front camera
7507,未佩戴安全帽,2026-08-17 11:34:36,后摄像头,是,rear camera
7508,未佩戴安全帽,2026-08-17 11:34:36,后摄像头,是,rear camera
7509,未佩戴安全帽,2026-08-17 11:34:37,后摄像头,是,rear camera
7510,未佩戴安全帽,2026-08-17 11:34:37,后摄像头,是,rear camera
7445,box,2026-08-17 11:34:38,前摄像头,否,front camera
7511,未佩戴安全帽,2026-08-17 11:34:38,后摄像头,是,rear camera
7512,未佩戴安全帽,2026-08-17 11:34:38,后摄像头,是,rear camera
7513,未佩戴安全帽,2026-08-17 11:34:39,后摄像头,是,rear camera
7514,未佩戴安全帽,2026-08-17 11:34:39,后摄像头,是,rear camera
7515,未佩戴安全帽,2026-08-17 11:34:40,后摄像头,是,rear camera
7516,未佩戴安全帽,2026-08-17 11:34:40,后摄像头,是,rear camera
7446,box,2026-08-17 11:34:40,前摄像头,否,front camera
7517,未佩戴安全帽,2026-08-17 11:34:41,后摄像头,是,rear camera
7518,未佩戴安全帽,2026-08-17 11:34:41,后摄像头,是,rear camera
7519,未佩戴安全帽,2026-08-17 11:34:42,后摄像头,是,rear camera
7520,未佩戴安全帽,2026-08-17 11:34:42,后摄像头,是,rear camera
7447,box,2026-08-17 11:34:42,前摄像头,否,front camera
7521,未佩戴安全帽,2026-08-17 11:34:43,后摄像头,是,rear camera
7522,未佩戴安全帽,2026-08-17 11:34:43,后摄像头,是,rear camera
7523,未佩戴安全帽,2026-08-17 11:34:44,后摄像头,是,rear camera
7524,未佩戴安全帽,2026-08-17 11:34:44,后摄像头,是,rear camera
7525,未佩戴安全帽,2026-08-17 11:34:45,后摄像头,是,rear camera
7448,box,2026-08-17 11:34:45,前摄像头,否,front camera
7526,未佩戴安全帽,2026-08-17 11:34:45,后摄像头,是,rear camera
7527,未佩戴安全帽,2026-08-17 11:34:46,后摄像头,是,rear camera
7528,未佩戴安全帽,2026-08-17 11:34:46,后摄像头,是,rear camera
7529,未佩戴安全帽,2026-08-17 11:34:47,后摄像头,是,rear camera
7449,box,2026-08-17 11:34:47,前摄像头,否,front camera
7530,未佩戴安全帽,2026-08-17 11:34:47,后摄像头,是,rear camera
7531,未佩戴安全帽,2026-08-17 11:34:48,后摄像头,是,rear camera
7532,未佩戴安全帽,2026-08-17 11:34:48,后摄像头,是,rear camera
7533,未佩戴安全帽,2026-08-17 11:34:49,后摄像头,是,rear camera
7450,box,2026-08-17 11:34:49,前摄像头,否,front camera
7534,未佩戴安全帽,2026-08-17 11:34:49,后摄像头,是,rear camera
7451,box,2026-08-17 11:34:51,前摄像头,否,front camera
7535,chair,2026-08-17 11:34:52,后摄像头,否,rear camera
7536,chair,2026-08-17 11:34:53,后摄像头,否,rear camera
7452,box,2026-08-17 11:34:53,前摄像头,否,front camera
7537,chair,2026-08-17 11:34:54,后摄像头,否,rear camera
7538,chair,2026-08-17 11:34:55,后摄像头,否,rear camera
7453,box,2026-08-17 11:34:55,前摄像头,否,front camera
7539,chair,2026-08-17 11:34:56,后摄像头,否,rear camera
7540,未佩戴安全帽,2026-08-17 11:34:57,后摄像头,是,rear camera
7541,未佩戴安全帽,2026-08-17 11:34:57,后摄像头,是,rear camera
7542,未佩戴安全帽,2026-08-17 11:34:58,后摄像头,是,rear camera
7543,未佩戴安全帽,2026-08-17 11:34:58,后摄像头,是,rear camera
7544,未佩戴安全帽,2026-08-17 11:34:59,后摄像头,是,rear camera
7454,box,2026-08-17 11:34:59,前摄像头,否,front camera
7545,未佩戴安全帽,2026-08-17 11:34:59,后摄像头,是,rear camera
7546,未佩戴安全帽,2026-08-17 11:35:00,后摄像头,是,rear camera
7547,未佩戴安全帽,2026-08-17 11:35:00,后摄像头,是,rear camera
7548,未佩戴安全帽,2026-08-17 11:35:01,后摄像头,是,rear camera
7549,未佩戴安全帽,2026-08-17 11:35:01,后摄像头,是,rear camera
7455,box,2026-08-17 11:35:01,前摄像头,否,front camera
7550,未佩戴安全帽,2026-08-17 11:35:02,后摄像头,是,rear camera
7551,未佩戴安全帽,2026-08-17 11:35:02,后摄像头,是,rear camera
7552,未佩戴安全帽,2026-08-17 11:35:03,后摄像头,是,rear camera
7553,未佩戴安全帽,2026-08-17 11:35:03,后摄像头,是,rear camera
7554,未佩戴安全帽,2026-08-17 11:35:04,后摄像头,是,rear camera
7555,未佩戴安全帽,2026-08-17 11:35:04,后摄像头,是,rear camera
7556,未佩戴安全帽,2026-08-17 11:35:05,后摄像头,是,rear camera
7557,未佩戴安全帽,2026-08-17 11:35:05,后摄像头,是,rear camera
7558,未佩戴安全帽,2026-08-17 11:35:06,后摄像头,是,rear camera
7559,未佩戴安全帽,2026-08-17 11:35:06,后摄像头,是,rear camera
7560,未佩戴安全帽,2026-08-17 11:35:07,后摄像头,是,rear camera
7561,未佩戴安全帽,2026-08-17 11:35:07,后摄像头,是,rear camera
7456,box,2026-08-17 11:35:07,前摄像头,否,front camera
7562,chair,2026-08-17 11:35:08,后摄像头,否,rear camera
7563,chair,2026-08-17 11:35:09,后摄像头,否,rear camera
7457,box,2026-08-17 11:35:09,前摄像头,否,front camera
7564,chair,2026-08-17 11:35:10,后摄像头,否,rear camera
7565,chair,2026-08-17 11:35:11,后摄像头,否,rear camera
7458,box,2026-08-17 11:35:11,前摄像头,否,front camera
7566,chair,2026-08-17 11:35:12,后摄像头,否,rear camera
7459,box,2026-08-17 11:35:13,前摄像头,否,front camera
7567,chair,2026-08-17 11:35:13,后摄像头,否,rear camera
7460,box,2026-08-17 11:35:15,前摄像头,否,front camera
7568,chair,2026-08-17 11:35:16,后摄像头,否,rear camera
7569,chair,2026-08-17 11:35:17,后摄像头,否,rear camera
7461,box,2026-08-17 11:35:17,前摄像头,否,front camera
7570,chair,2026-08-17 11:35:18,后摄像头,否,rear camera
7571,chair,2026-08-17 11:35:19,后摄像头,否,rear camera
7462,box,2026-08-17 11:35:19,前摄像头,否,front camera
7572,chair,2026-08-17 11:35:20,后摄像头,否,rear camera
7573,chair,2026-08-17 11:35:21,后摄像头,否,rear camera
7574,chair,2026-08-17 11:35:22,后摄像头,否,rear camera
7463,box,2026-08-17 11:35:22,前摄像头,否,front camera
7575,chair,2026-08-17 11:35:23,后摄像头,否,rear camera
7576,chair,2026-08-17 11:35:24,后摄像头,否,rear camera
7464,box,2026-08-17 11:35:24,前摄像头,否,front camera
7577,chair,2026-08-17 11:35:25,后摄像头,否,rear camera
7578,chair,2026-08-17 11:35:26,后摄像头,否,rear camera
7465,box,2026-08-17 11:35:26,前摄像头,否,front camera
7579,chair,2026-08-17 11:35:27,后摄像头,否,rear camera
7580,chair,2026-08-17 11:35:28,后摄像头,否,rear camera
7466,box,2026-08-17 11:35:28,前摄像头,否,front camera
7581,chair,2026-08-17 11:35:29,后摄像头,否,rear camera
7582,chair,2026-08-17 11:35:30,后摄像头,否,rear camera
7467,box,2026-08-17 11:35:31,前摄像头,否,front camera
7583,chair,2026-08-17 11:35:31,后摄像头,否,rear camera
7584,chair,2026-08-17 11:35:32,后摄像头,否,rear camera
7468,chair,2026-08-17 11:35:33,前摄像头,否,front camera
7585,chair,2026-08-17 11:35:33,后摄像头,否,rear camera
7586,chair,2026-08-17 11:35:34,后摄像头,否,rear camera
7587,chair,2026-08-17 11:35:35,后摄像头,否,rear camera
7588,chair,2026-08-17 11:35:36,后摄像头,否,rear camera
7469,chair,2026-08-17 11:35:37,前摄像头,否,front camera
7589,chair,2026-08-17 11:35:37,后摄像头,否,rear camera
7590,chair,2026-08-17 11:35:38,后摄像头,否,rear camera
7470,box,2026-08-17 11:35:39,前摄像头,否,front camera
7591,chair,2026-08-17 11:35:39,后摄像头,否,rear camera
7471,box,2026-08-17 11:35:41,前摄像头,否,front camera
7592,chair,2026-08-17 11:35:42,后摄像头,否,rear camera
7593,chair,2026-08-17 11:35:43,后摄像头,否,rear camera
7472,box,2026-08-17 11:35:43,前摄像头,否,front camera
7594,chair,2026-08-17 11:35:44,后摄像头,否,rear camera
7473,box,2026-08-17 11:35:45,前摄像头,否,front camera
7474,chair,2026-08-17 11:35:47,前摄像头,否,front camera
7595,chair,2026-08-17 11:35:49,后摄像头,否,rear camera
7475,"chair,box",2026-08-17 11:35:49,前摄像头,否,front camera
7476,"chair,box",2026-08-17 11:35:51,前摄像头,否,front camera
7596,chair,2026-08-17 11:35:52,后摄像头,否,rear camera
7597,chair,2026-08-17 11:35:53,后摄像头,否,rear camera
7477,box,2026-08-17 11:35:53,前摄像头,否,front camera
7598,chair,2026-08-17 11:35:54,后摄像头,否,rear camera
7599,chair,2026-08-17 11:35:55,后摄像头,否,rear camera
7478,box,2026-08-17 11:35:55,前摄像头,否,front camera
7600,chair,2026-08-17 11:35:56,后摄像头,否,rear camera
7601,chair,2026-08-17 11:35:57,后摄像头,否,rear camera
7479,"chair,box",2026-08-17 11:35:57,前摄像头,否,front camera
7602,chair,2026-08-17 11:35:58,后摄像头,否,rear camera
7603,chair,2026-08-17 11:35:59,后摄像头,否,rear camera
7480,box,2026-08-17 11:35:59,前摄像头,否,front camera
7604,chair,2026-08-17 11:36:00,后摄像头,否,rear camera
7605,chair,2026-08-17 11:36:01,后摄像头,否,rear camera
7481,box,2026-08-17 11:36:01,前摄像头,否,front camera
7606,chair,2026-08-17 11:36:02,后摄像头,否,rear camera
7607,chair,2026-08-17 11:36:03,后摄像头,否,rear camera
7482,"box,chair",2026-08-17 11:36:03,前摄像头,否,front camera
7608,chair,2026-08-17 11:36:04,后摄像头,否,rear camera
7483,box,2026-08-17 11:36:07,前摄像头,否,front camera
7609,chair,2026-08-17 11:36:07,后摄像头,否,rear camera
7610,chair,2026-08-17 11:36:08,后摄像头,否,rear camera
7611,chair,2026-08-17 11:36:09,后摄像头,否,rear camera
7484,box,2026-08-17 11:36:09,前摄像头,否,front camera
7612,chair,2026-08-17 11:36:10,后摄像头,否,rear camera
7613,chair,2026-08-17 11:36:11,后摄像头,否,rear camera
7485,box,2026-08-17 11:36:11,前摄像头,否,front camera
7614,chair,2026-08-17 11:36:12,后摄像头,否,rear camera
7615,chair,2026-08-17 11:36:13,后摄像头,否,rear camera
7486,box,2026-08-17 11:36:13,前摄像头,否,front camera
7616,chair,2026-08-17 11:36:14,后摄像头,否,rear camera
7617,chair,2026-08-17 11:36:15,后摄像头,否,rear camera
7487,box,2026-08-17 11:36:15,前摄像头,否,front camera
7618,chair,2026-08-17 11:36:16,后摄像头,否,rear camera
7619,chair,2026-08-17 11:36:17,后摄像头,否,rear camera
7620,chair,2026-08-17 11:36:18,后摄像头,否,rear camera
7488,box,2026-08-17 11:36:18,前摄像头,否,front camera
7621,chair,2026-08-17 11:36:19,后摄像头,否,rear camera
7622,chair,2026-08-17 11:36:20,后摄像头,否,rear camera
7489,"chair,box",2026-08-17 11:36:20,前摄像头,否,front camera
7623,chair,2026-08-17 11:36:21,后摄像头,否,rear camera
7624,chair,2026-08-17 11:36:22,后摄像头,否,rear camera
7490,box,2026-08-17 11:36:23,前摄像头,否,front camera
7625,chair,2026-08-17 11:36:23,后摄像头,否,rear camera
7626,chair,2026-08-17 11:36:24,后摄像头,否,rear camera
7491,box,2026-08-17 11:36:25,前摄像头,否,front camera
7627,chair,2026-08-17 11:36:25,后摄像头,否,rear camera
7628,chair,2026-08-17 11:36:26,后摄像头,否,rear camera
7492,box,2026-08-17 11:36:27,前摄像头,否,front camera
7629,chair,2026-08-17 11:36:27,后摄像头,否,rear camera
7630,chair,2026-08-17 11:36:28,后摄像头,否,rear camera
7493,box,2026-08-17 11:36:29,前摄像头,否,front camera
7631,chair,2026-08-17 11:36:29,后摄像头,否,rear camera
7632,chair,2026-08-17 11:36:30,后摄像头,否,rear camera
7494,box,2026-08-17 11:36:31,前摄像头,否,front camera
7633,chair,2026-08-17 11:36:31,后摄像头,否,rear camera
7634,chair,2026-08-17 11:36:32,后摄像头,否,rear camera
7495,box,2026-08-17 11:36:33,前摄像头,否,front camera
7635,chair,2026-08-17 11:36:33,后摄像头,否,rear camera
7636,chair,2026-08-17 11:36:34,后摄像头,否,rear camera
7496,box,2026-08-17 11:36:35,前摄像头,否,front camera
7637,chair,2026-08-17 11:36:35,后摄像头,否,rear camera
7638,chair,2026-08-17 11:36:36,后摄像头,否,rear camera
7497,box,2026-08-17 11:36:37,前摄像头,否,front camera
7639,chair,2026-08-17 11:36:37,后摄像头,否,rear camera
7640,chair,2026-08-17 11:36:38,后摄像头,否,rear camera
7498,box,2026-08-17 11:36:39,前摄像头,否,front camera
7641,chair,2026-08-17 11:36:39,后摄像头,否,rear camera
7642,chair,2026-08-17 11:36:40,后摄像头,否,rear camera
7499,box,2026-08-17 11:36:41,前摄像头,否,front camera
7643,chair,2026-08-17 11:36:41,后摄像头,否,rear camera
7644,chair,2026-08-17 11:36:42,后摄像头,否,rear camera
7500,box,2026-08-17 11:36:43,前摄像头,否,front camera
7645,chair,2026-08-17 11:36:43,后摄像头,否,rear camera
7646,chair,2026-08-17 11:36:44,后摄像头,否,rear camera
7501,box,2026-08-17 11:36:45,前摄像头,否,front camera
7647,chair,2026-08-17 11:36:45,后摄像头,否,rear camera
7648,chair,2026-08-17 11:36:46,后摄像头,否,rear camera
7502,box,2026-08-17 11:36:47,前摄像头,否,front camera
7649,chair,2026-08-17 11:36:47,后摄像头,否,rear camera
7650,chair,2026-08-17 11:36:48,后摄像头,否,rear camera
7503,box,2026-08-17 11:36:49,前摄像头,否,front camera
7651,chair,2026-08-17 11:36:49,后摄像头,否,rear camera
7652,chair,2026-08-17 11:36:50,后摄像头,否,rear camera
7653,chair,2026-08-17 11:36:51,后摄像头,否,rear camera
7504,box,2026-08-17 11:36:52,前摄像头,否,front camera
7654,chair,2026-08-17 11:36:52,后摄像头,否,rear camera
7655,chair,2026-08-17 11:36:53,后摄像头,否,rear camera
7505,box,2026-08-17 11:36:54,前摄像头,否,front camera
7656,chair,2026-08-17 11:36:54,后摄像头,否,rear camera
7657,chair,2026-08-17 11:36:55,后摄像头,否,rear camera
7506,box,2026-08-17 11:36:56,前摄像头,否,front camera
7658,chair,2026-08-17 11:36:56,后摄像头,否,rear camera
7659,chair,2026-08-17 11:36:57,后摄像头,否,rear camera
7507,box,2026-08-17 11:36:58,前摄像头,否,front camera
7660,chair,2026-08-17 11:36:58,后摄像头,否,rear camera
7661,chair,2026-08-17 11:36:59,后摄像头,否,rear camera
7508,box,2026-08-17 11:37:00,前摄像头,否,front camera
7662,chair,2026-08-17 11:37:00,后摄像头,否,rear camera
7663,chair,2026-08-17 11:37:01,后摄像头,否,rear camera
7509,box,2026-08-17 11:37:02,前摄像头,否,front camera
7664,chair,2026-08-17 11:37:02,后摄像头,否,rear camera
7665,chair,2026-08-17 11:37:03,后摄像头,否,rear camera
7510,box,2026-08-17 11:37:04,前摄像头,否,front camera
7666,chair,2026-08-17 11:37:04,后摄像头,否,rear camera
7667,chair,2026-08-17 11:37:05,后摄像头,否,rear camera
7511,box,2026-08-17 11:37:06,前摄像头,否,front camera
7668,chair,2026-08-17 11:37:06,后摄像头,否,rear camera
7669,chair,2026-08-17 11:37:07,后摄像头,否,rear camera
7512,box,2026-08-17 11:37:08,前摄像头,否,front camera
7670,chair,2026-08-17 11:37:08,后摄像头,否,rear camera
7671,chair,2026-08-17 11:37:09,后摄像头,否,rear camera
7513,box,2026-08-17 11:37:10,前摄像头,否,front camera
7672,chair,2026-08-17 11:37:10,后摄像头,否,rear camera
7673,chair,2026-08-17 11:37:11,后摄像头,否,rear camera
7514,box,2026-08-17 11:37:12,前摄像头,否,front camera
7674,chair,2026-08-17 11:37:12,后摄像头,否,rear camera
7675,chair,2026-08-17 11:37:13,后摄像头,否,rear camera
7515,box,2026-08-17 11:37:14,前摄像头,否,front camera
7676,chair,2026-08-17 11:37:14,后摄像头,否,rear camera
7677,chair,2026-08-17 11:37:15,后摄像头,否,rear camera
7516,box,2026-08-17 11:37:16,前摄像头,否,front camera
7678,chair,2026-08-17 11:37:16,后摄像头,否,rear camera
7679,chair,2026-08-17 11:37:17,后摄像头,否,rear camera
7517,box,2026-08-17 11:37:18,前摄像头,否,front camera
7680,chair,2026-08-17 11:37:18,后摄像头,否,rear camera
7681,chair,2026-08-17 11:37:19,后摄像头,否,rear camera
7518,box,2026-08-17 11:37:20,前摄像头,否,front camera
7682,chair,2026-08-17 11:37:20,后摄像头,否,rear camera
7683,chair,2026-08-17 11:37:21,后摄像头,否,rear camera
7519,box,2026-08-17 11:37:22,前摄像头,否,front camera
7684,chair,2026-08-17 11:37:22,后摄像头,否,rear camera
7685,chair,2026-08-17 11:37:23,后摄像头,否,rear camera
7520,box,2026-08-17 11:37:24,前摄像头,否,front camera
7686,chair,2026-08-17 11:37:24,后摄像头,否,rear camera
7687,chair,2026-08-17 11:37:25,后摄像头,否,rear camera
7521,box,2026-08-17 11:37:26,前摄像头,否,front camera
7688,chair,2026-08-17 11:37:26,后摄像头,否,rear camera
7689,chair,2026-08-17 11:37:27,后摄像头,否,rear camera
7522,box,2026-08-17 11:37:28,前摄像头,否,front camera
7690,chair,2026-08-17 11:37:28,后摄像头,否,rear camera
7691,chair,2026-08-17 11:37:29,后摄像头,否,rear camera
7523,box,2026-08-17 11:37:30,前摄像头,否,front camera
7692,chair,2026-08-17 11:37:30,后摄像头,否,rear camera
7693,chair,2026-08-17 11:37:31,后摄像头,否,rear camera
7524,box,2026-08-17 11:37:32,前摄像头,否,front camera
7694,chair,2026-08-17 11:37:33,后摄像头,否,rear camera
7695,chair,2026-08-17 11:37:33,后摄像头,否,rear camera
7525,box,2026-08-17 11:37:34,前摄像头,否,front camera
7696,chair,2026-08-17 11:37:35,后摄像头,否,rear camera
7697,chair,2026-08-17 11:37:36,后摄像头,否,rear camera
7526,box,2026-08-17 11:37:36,前摄像头,否,front camera
7698,chair,2026-08-17 11:37:37,后摄像头,否,rear camera
7699,chair,2026-08-17 11:37:38,后摄像头,否,rear camera
7527,box,2026-08-17 11:37:38,前摄像头,否,front camera
7700,chair,2026-08-17 11:37:39,后摄像头,否,rear camera
7701,chair,2026-08-17 11:37:40,后摄像头,否,rear camera
7528,box,2026-08-17 11:37:40,前摄像头,否,front camera
7702,chair,2026-08-17 11:37:41,后摄像头,否,rear camera
7703,chair,2026-08-17 11:37:42,后摄像头,否,rear camera
7529,box,2026-08-17 11:37:42,前摄像头,否,front camera
7704,chair,2026-08-17 11:37:43,后摄像头,否,rear camera
7705,chair,2026-08-17 11:37:44,后摄像头,否,rear camera
7530,box,2026-08-17 11:37:44,前摄像头,否,front camera
7706,chair,2026-08-17 11:37:45,后摄像头,否,rear camera
7707,chair,2026-08-17 11:37:46,后摄像头,否,rear camera
7531,box,2026-08-17 11:37:46,前摄像头,否,front camera
7708,chair,2026-08-17 11:37:47,后摄像头,否,rear camera
7709,chair,2026-08-17 11:37:48,后摄像头,否,rear camera
7532,box,2026-08-17 11:37:48,前摄像头,否,front camera
7710,chair,2026-08-17 11:37:49,后摄像头,否,rear camera
7711,chair,2026-08-17 11:37:50,后摄像头,否,rear camera
7533,"chair,box",2026-08-17 11:37:50,前摄像头,否,front camera
7712,chair,2026-08-17 11:37:51,后摄像头,否,rear camera
7713,chair,2026-08-17 11:37:52,后摄像头,否,rear camera
7534,"box,chair",2026-08-17 11:37:52,前摄像头,否,front camera
7714,chair,2026-08-17 11:37:53,后摄像头,否,rear camera
7715,chair,2026-08-17 11:37:54,后摄像头,否,rear camera
7535,"chair,box",2026-08-17 11:37:54,前摄像头,否,front camera
7716,chair,2026-08-17 11:37:55,后摄像头,否,rear camera
7717,chair,2026-08-17 11:37:56,后摄像头,否,rear camera
7536,box,2026-08-17 11:37:56,前摄像头,否,front camera
7718,chair,2026-08-17 11:37:57,后摄像头,否,rear camera
7719,chair,2026-08-17 11:37:58,后摄像头,否,rear camera
7537,box,2026-08-17 11:37:58,前摄像头,否,front camera
7720,chair,2026-08-17 11:37:59,后摄像头,否,rear camera
7721,chair,2026-08-17 11:38:00,后摄像头,否,rear camera
7538,box,2026-08-17 11:38:00,前摄像头,否,front camera
7722,chair,2026-08-17 11:38:01,后摄像头,否,rear camera
7723,chair,2026-08-17 11:38:02,后摄像头,否,rear camera
7539,box,2026-08-17 11:38:02,前摄像头,否,front camera
7724,chair,2026-08-17 11:38:03,后摄像头,否,rear camera
7725,chair,2026-08-17 11:38:04,后摄像头,否,rear camera
7540,box,2026-08-17 11:38:04,前摄像头,否,front camera
7726,chair,2026-08-17 11:38:05,后摄像头,否,rear camera
7727,chair,2026-08-17 11:38:06,后摄像头,否,rear camera
7541,box,2026-08-17 11:38:06,前摄像头,否,front camera
7728,chair,2026-08-17 11:38:07,后摄像头,否,rear camera
7729,chair,2026-08-17 11:38:08,后摄像头,否,rear camera
7542,box,2026-08-17 11:38:08,前摄像头,否,front camera
7730,chair,2026-08-17 11:38:09,后摄像头,否,rear camera
7731,chair,2026-08-17 11:38:10,后摄像头,否,rear camera
7543,"box,chair",2026-08-17 11:38:10,前摄像头,否,front camera
7732,chair,2026-08-17 11:38:11,后摄像头,否,rear camera
7733,chair,2026-08-17 11:38:12,后摄像头,否,rear camera
7544,box,2026-08-17 11:38:12,前摄像头,否,front camera
7734,chair,2026-08-17 11:38:13,后摄像头,否,rear camera
7735,chair,2026-08-17 11:38:14,后摄像头,否,rear camera
7545,box,2026-08-17 11:38:15,前摄像头,否,front camera
7736,chair,2026-08-17 11:38:15,后摄像头,否,rear camera
7737,chair,2026-08-17 11:38:16,后摄像头,否,rear camera
7546,box,2026-08-17 11:38:17,前摄像头,否,front camera
7738,chair,2026-08-17 11:38:17,后摄像头,否,rear camera
7739,chair,2026-08-17 11:38:18,后摄像头,否,rear camera
7547,box,2026-08-17 11:38:18,前摄像头,否,front camera
7740,chair,2026-08-17 11:38:19,后摄像头,否,rear camera
7741,chair,2026-08-17 11:38:20,后摄像头,否,rear camera
7548,box,2026-08-17 11:38:21,前摄像头,否,front camera
7742,chair,2026-08-17 11:38:21,后摄像头,否,rear camera
7743,chair,2026-08-17 11:38:22,后摄像头,否,rear camera
7549,box,2026-08-17 11:38:23,前摄像头,否,front camera
7744,chair,2026-08-17 11:38:23,后摄像头,否,rear camera
7745,chair,2026-08-17 11:38:24,后摄像头,否,rear camera
7550,box,2026-08-17 11:38:25,前摄像头,否,front camera
7746,chair,2026-08-17 11:38:25,后摄像头,否,rear camera
7747,chair,2026-08-17 11:38:26,后摄像头,否,rear camera
7551,box,2026-08-17 11:38:27,前摄像头,否,front camera
7748,chair,2026-08-17 11:38:27,后摄像头,否,rear camera
7749,chair,2026-08-17 11:38:28,后摄像头,否,rear camera
7552,box,2026-08-17 11:38:29,前摄像头,否,front camera
7750,chair,2026-08-17 11:38:29,后摄像头,否,rear camera
7751,chair,2026-08-17 11:38:30,后摄像头,否,rear camera
7553,chair,2026-08-17 11:38:31,前摄像头,否,front camera
7752,chair,2026-08-17 11:38:31,后摄像头,否,rear camera
7753,chair,2026-08-17 11:38:32,后摄像头,否,rear camera
7554,box,2026-08-17 11:38:33,前摄像头,否,front camera
7754,chair,2026-08-17 11:38:33,后摄像头,否,rear camera
7755,chair,2026-08-17 11:38:34,后摄像头,否,rear camera
7555,box,2026-08-17 11:38:35,前摄像头,否,front camera
7756,chair,2026-08-17 11:38:35,后摄像头,否,rear camera
7757,chair,2026-08-17 11:38:36,后摄像头,否,rear camera
7556,box,2026-08-17 11:38:37,前摄像头,否,front camera
7758,chair,2026-08-17 11:38:37,后摄像头,否,rear camera
7759,chair,2026-08-17 11:38:38,后摄像头,否,rear camera
7557,box,2026-08-17 11:38:39,前摄像头,否,front camera
7760,chair,2026-08-17 11:38:39,后摄像头,否,rear camera
7761,chair,2026-08-17 11:38:40,后摄像头,否,rear camera
7558,box,2026-08-17 11:38:41,前摄像头,否,front camera
7762,chair,2026-08-17 11:38:41,后摄像头,否,rear camera
7763,chair,2026-08-17 11:38:42,后摄像头,否,rear camera
7559,box,2026-08-17 11:38:43,前摄像头,否,front camera
7764,chair,2026-08-17 11:38:43,后摄像头,否,rear camera
7765,chair,2026-08-17 11:38:44,后摄像头,否,rear camera
7766,chair,2026-08-17 11:38:45,后摄像头,否,rear camera
7560,box,2026-08-17 11:38:45,前摄像头,否,front camera
7767,chair,2026-08-17 11:38:46,后摄像头,否,rear camera
7768,chair,2026-08-17 11:38:47,后摄像头,否,rear camera
7561,box,2026-08-17 11:38:47,前摄像头,否,front camera
7769,chair,2026-08-17 11:38:48,后摄像头,否,rear camera
7770,chair,2026-08-17 11:38:49,后摄像头,否,rear camera
7562,box,2026-08-17 11:38:49,前摄像头,否,front camera
7771,chair,2026-08-17 11:38:50,后摄像头,否,rear camera
7772,chair,2026-08-17 11:38:51,后摄像头,否,rear camera
7563,box,2026-08-17 11:38:51,前摄像头,否,front camera
7773,chair,2026-08-17 11:38:52,后摄像头,否,rear camera
7774,chair,2026-08-17 11:38:53,后摄像头,否,rear camera
7564,box,2026-08-17 11:38:53,前摄像头,否,front camera
7775,chair,2026-08-17 11:38:54,后摄像头,否,rear camera
7776,chair,2026-08-17 11:38:55,后摄像头,否,rear camera
7565,chair,2026-08-17 11:38:55,前摄像头,否,front camera
7777,chair,2026-08-17 11:38:56,后摄像头,否,rear camera
7778,chair,2026-08-17 11:38:57,后摄像头,否,rear camera
7566,box,2026-08-17 11:38:57,前摄像头,否,front camera
7779,chair,2026-08-17 11:38:58,后摄像头,否,rear camera
7780,chair,2026-08-17 11:38:59,后摄像头,否,rear camera
7567,box,2026-08-17 11:38:59,前摄像头,否,front camera
7781,chair,2026-08-17 11:39:00,后摄像头,否,rear camera
7782,chair,2026-08-17 11:39:01,后摄像头,否,rear camera
7568,box,2026-08-17 11:39:01,前摄像头,否,front camera
7783,chair,2026-08-17 11:39:02,后摄像头,否,rear camera
7784,chair,2026-08-17 11:39:03,后摄像头,否,rear camera
7569,box,2026-08-17 11:39:03,前摄像头,否,front camera
7785,chair,2026-08-17 11:39:04,后摄像头,否,rear camera
7786,chair,2026-08-17 11:39:05,后摄像头,否,rear camera
7570,box,2026-08-17 11:39:05,前摄像头,否,front camera
7787,chair,2026-08-17 11:39:06,后摄像头,否,rear camera
7788,chair,2026-08-17 11:39:07,后摄像头,否,rear camera
7571,box,2026-08-17 11:39:07,前摄像头,否,front camera
7789,chair,2026-08-17 11:39:08,后摄像头,否,rear camera
7790,chair,2026-08-17 11:39:09,后摄像头,否,rear camera
7572,box,2026-08-17 11:39:09,前摄像头,否,front camera
7791,chair,2026-08-17 11:39:10,后摄像头,否,rear camera
7792,chair,2026-08-17 11:39:11,后摄像头,否,rear camera
7573,box,2026-08-17 11:39:11,前摄像头,否,front camera
7793,"chair,box",2026-08-17 11:39:12,后摄像头,否,rear camera
7794,chair,2026-08-17 11:39:13,后摄像头,否,rear camera
7574,box,2026-08-17 11:39:13,前摄像头,否,front camera
7795,chair,2026-08-17 11:39:14,后摄像头,否,rear camera
7796,chair,2026-08-17 11:39:15,后摄像头,否,rear camera
7575,box,2026-08-17 11:39:15,前摄像头,否,front camera
7797,chair,2026-08-17 11:39:16,后摄像头,否,rear camera
7798,chair,2026-08-17 11:39:17,后摄像头,否,rear camera
7799,chair,2026-08-17 11:39:18,后摄像头,否,rear camera
7576,box,2026-08-17 11:39:18,前摄像头,否,front camera
7800,chair,2026-08-17 11:39:19,后摄像头,否,rear camera
7801,chair,2026-08-17 11:39:20,后摄像头,否,rear camera
7577,box,2026-08-17 11:39:20,前摄像头,否,front camera
7802,chair,2026-08-17 11:39:21,后摄像头,否,rear camera
7803,chair,2026-08-17 11:39:22,后摄像头,否,rear camera
7578,box,2026-08-17 11:39:22,前摄像头,否,front camera
7804,chair,2026-08-17 11:39:23,后摄像头,否,rear camera
7805,chair,2026-08-17 11:39:24,后摄像头,否,rear camera
7579,box,2026-08-17 11:39:24,前摄像头,否,front camera
7806,chair,2026-08-17 11:39:25,后摄像头,否,rear camera
7807,chair,2026-08-17 11:39:26,后摄像头,否,rear camera
7580,chair,2026-08-17 11:39:26,前摄像头,否,front camera
7808,chair,2026-08-17 11:39:27,后摄像头,否,rear camera
7809,chair,2026-08-17 11:39:28,后摄像头,否,rear camera
7581,chair,2026-08-17 11:39:28,前摄像头,否,front camera
7810,chair,2026-08-17 11:39:29,后摄像头,否,rear camera
7811,chair,2026-08-17 11:39:30,后摄像头,否,rear camera
7582,"chair,box",2026-08-17 11:39:30,前摄像头,否,front camera
7812,chair,2026-08-17 11:39:31,后摄像头,否,rear camera
7813,chair,2026-08-17 11:39:32,后摄像头,否,rear camera
7583,"chair,box",2026-08-17 11:39:32,前摄像头,否,front camera
7814,chair,2026-08-17 11:39:33,后摄像头,否,rear camera
7815,chair,2026-08-17 11:39:34,后摄像头,否,rear camera
7584,chair,2026-08-17 11:39:34,前摄像头,否,front camera
7816,chair,2026-08-17 11:39:35,后摄像头,否,rear camera
7817,chair,2026-08-17 11:39:36,后摄像头,否,rear camera
7585,chair,2026-08-17 11:39:36,前摄像头,否,front camera
7818,chair,2026-08-17 11:39:37,后摄像头,否,rear camera
7819,chair,2026-08-17 11:39:38,后摄像头,否,rear camera
7586,chair,2026-08-17 11:39:38,前摄像头,否,front camera
7820,chair,2026-08-17 11:39:39,后摄像头,否,rear camera
7821,chair,2026-08-17 11:39:40,后摄像头,否,rear camera
7587,"chair,box",2026-08-17 11:39:40,前摄像头,否,front camera
7822,chair,2026-08-17 11:39:41,后摄像头,否,rear camera
7823,chair,2026-08-17 11:39:42,后摄像头,否,rear camera
7588,chair,2026-08-17 11:39:42,前摄像头,否,front camera
7824,chair,2026-08-17 11:39:43,后摄像头,否,rear camera
7825,chair,2026-08-17 11:39:44,后摄像头,否,rear camera
7589,chair,2026-08-17 11:39:44,前摄像头,否,front camera
7826,chair,2026-08-17 11:39:45,后摄像头,否,rear camera
7827,chair,2026-08-17 11:39:46,后摄像头,否,rear camera
7590,chair,2026-08-17 11:39:46,前摄像头,否,front camera
7828,chair,2026-08-17 11:39:47,后摄像头,否,rear camera
7829,chair,2026-08-17 11:39:48,后摄像头,否,rear camera
7591,chair,2026-08-17 11:39:48,前摄像头,否,front camera
7830,chair,2026-08-17 11:39:49,后摄像头,否,rear camera
7831,chair,2026-08-17 11:39:50,后摄像头,否,rear camera
7592,chair,2026-08-17 11:39:50,前摄像头,否,front camera
7832,chair,2026-08-17 11:39:51,后摄像头,否,rear camera
7833,chair,2026-08-17 11:39:52,后摄像头,否,rear camera
7593,"chair,box",2026-08-17 11:39:52,前摄像头,否,front camera
7834,chair,2026-08-17 11:39:53,后摄像头,否,rear camera
7835,chair,2026-08-17 11:39:54,后摄像头,否,rear camera
7594,"chair,box",2026-08-17 11:39:54,前摄像头,否,front camera
7836,chair,2026-08-17 11:39:55,后摄像头,否,rear camera
7837,chair,2026-08-17 11:39:56,后摄像头,否,rear camera
7595,"box,chair",2026-08-17 11:39:56,前摄像头,否,front camera
7838,chair,2026-08-17 11:39:57,后摄像头,否,rear camera
7839,chair,2026-08-17 11:39:58,后摄像头,否,rear camera
7596,chair,2026-08-17 11:39:58,前摄像头,否,front camera
7840,chair,2026-08-17 11:39:59,后摄像头,否,rear camera
7841,chair,2026-08-17 11:40:00,后摄像头,否,rear camera
7597,"chair,box",2026-08-17 11:40:00,前摄像头,否,front camera
7842,chair,2026-08-17 11:40:01,后摄像头,否,rear camera
7843,chair,2026-08-17 11:40:02,后摄像头,否,rear camera
7598,"box,chair",2026-08-17 11:40:02,前摄像头,否,front camera
7844,chair,2026-08-17 11:40:03,后摄像头,否,rear camera
7845,chair,2026-08-17 11:40:04,后摄像头,否,rear camera
7599,chair,2026-08-17 11:40:04,前摄像头,否,front camera
7846,chair,2026-08-17 11:40:05,后摄像头,否,rear camera
7847,chair,2026-08-17 11:40:06,后摄像头,否,rear camera
7600,"chair,box",2026-08-17 11:40:06,前摄像头,否,front camera
7848,chair,2026-08-17 11:40:07,后摄像头,否,rear camera
7849,chair,2026-08-17 11:40:08,后摄像头,否,rear camera
7601,chair,2026-08-17 11:40:08,前摄像头,否,front camera
7850,chair,2026-08-17 11:40:09,后摄像头,否,rear camera
7851,chair,2026-08-17 11:40:10,后摄像头,否,rear camera
7602,chair,2026-08-17 11:40:10,前摄像头,否,front camera
7852,chair,2026-08-17 11:40:11,后摄像头,否,rear camera
7853,chair,2026-08-17 11:40:12,后摄像头,否,rear camera
7603,chair,2026-08-17 11:40:12,前摄像头,否,front camera
7854,chair,2026-08-17 11:40:13,后摄像头,否,rear camera
7855,chair,2026-08-17 11:40:14,后摄像头,否,rear camera
7604,chair,2026-08-17 11:40:14,前摄像头,否,front camera
7856,chair,2026-08-17 11:40:15,后摄像头,否,rear camera
7857,chair,2026-08-17 11:40:16,后摄像头,否,rear camera
7605,"chair,box",2026-08-17 11:40:16,前摄像头,否,front camera
7858,chair,2026-08-17 11:40:17,后摄像头,否,rear camera
7859,chair,2026-08-17 11:40:18,后摄像头,否,rear camera
7606,"chair,box",2026-08-17 11:40:18,前摄像头,否,front camera
7860,chair,2026-08-17 11:40:19,后摄像头,否,rear camera
7861,chair,2026-08-17 11:40:20,后摄像头,否,rear camera
7607,chair,2026-08-17 11:40:20,前摄像头,否,front camera
7862,chair,2026-08-17 11:40:21,后摄像头,否,rear camera
7863,chair,2026-08-17 11:40:22,后摄像头,否,rear camera
7608,"chair,box",2026-08-17 11:40:22,前摄像头,否,front camera
7864,chair,2026-08-17 11:40:23,后摄像头,否,rear camera
7865,chair,2026-08-17 11:40:24,后摄像头,否,rear camera
7609,chair,2026-08-17 11:40:24,前摄像头,否,front camera
7866,chair,2026-08-17 11:40:25,后摄像头,否,rear camera
7867,chair,2026-08-17 11:40:26,后摄像头,否,rear camera
7610,"chair,box",2026-08-17 11:40:26,前摄像头,否,front camera
7868,chair,2026-08-17 11:40:27,后摄像头,否,rear camera
7869,chair,2026-08-17 11:40:28,后摄像头,否,rear camera
7611,"chair,box",2026-08-17 11:40:28,前摄像头,否,front camera
7870,chair,2026-08-17 11:40:29,后摄像头,否,rear camera
7871,chair,2026-08-17 11:40:30,后摄像头,否,rear camera
7612,"chair,box",2026-08-17 11:40:30,前摄像头,否,front camera
7872,chair,2026-08-17 11:40:31,后摄像头,否,rear camera
7873,chair,2026-08-17 11:40:32,后摄像头,否,rear camera
7613,chair,2026-08-17 11:40:32,前摄像头,否,front camera
7874,chair,2026-08-17 11:40:33,后摄像头,否,rear camera
7875,chair,2026-08-17 11:40:34,后摄像头,否,rear camera
7614,chair,2026-08-17 11:40:34,前摄像头,否,front camera
7876,chair,2026-08-17 11:40:35,后摄像头,否,rear camera
7877,chair,2026-08-17 11:40:36,后摄像头,否,rear camera
7615,chair,2026-08-17 11:40:36,前摄像头,否,front camera
7878,chair,2026-08-17 11:40:37,后摄像头,否,rear camera
7879,chair,2026-08-17 11:40:38,后摄像头,否,rear camera
7616,chair,2026-08-17 11:40:38,前摄像头,否,front camera
7880,chair,2026-08-17 11:40:39,后摄像头,否,rear camera
7881,chair,2026-08-17 11:40:40,后摄像头,否,rear camera
7617,chair,2026-08-17 11:40:40,前摄像头,否,front camera
7882,chair,2026-08-17 11:40:41,后摄像头,否,rear camera
7883,chair,2026-08-17 11:40:42,后摄像头,否,rear camera
7618,"chair,box",2026-08-17 11:40:42,前摄像头,否,front camera
7884,chair,2026-08-17 11:40:43,后摄像头,否,rear camera
7885,chair,2026-08-17 11:40:44,后摄像头,否,rear camera
7619,chair,2026-08-17 11:40:45,前摄像头,否,front camera
7886,chair,2026-08-17 11:40:45,后摄像头,否,rear camera
7887,chair,2026-08-17 11:40:46,后摄像头,否,rear camera
7620,chair,2026-08-17 11:40:47,前摄像头,否,front camera
7888,chair,2026-08-17 11:40:47,后摄像头,否,rear camera
7889,chair,2026-08-17 11:40:48,后摄像头,否,rear camera
7621,"chair,box",2026-08-17 11:40:49,前摄像头,否,front camera
7890,chair,2026-08-17 11:40:49,后摄像头,否,rear camera
7891,chair,2026-08-17 11:40:50,后摄像头,否,rear camera
7622,chair,2026-08-17 11:40:51,前摄像头,否,front camera
7892,chair,2026-08-17 11:40:51,后摄像头,否,rear camera
7893,chair,2026-08-17 11:40:52,后摄像头,否,rear camera
7623,chair,2026-08-17 11:40:53,前摄像头,否,front camera
7894,chair,2026-08-17 11:40:53,后摄像头,否,rear camera
7895,chair,2026-08-17 11:40:54,后摄像头,否,rear camera
7624,chair,2026-08-17 11:40:55,前摄像头,否,front camera
7896,chair,2026-08-17 11:40:55,后摄像头,否,rear camera
7897,chair,2026-08-17 11:40:56,后摄像头,否,rear camera
7625,"chair,box",2026-08-17 11:40:57,前摄像头,否,front camera
7898,chair,2026-08-17 11:40:57,后摄像头,否,rear camera
7899,chair,2026-08-17 11:40:58,后摄像头,否,rear camera
7626,chair,2026-08-17 11:40:59,前摄像头,否,front camera
7900,chair,2026-08-17 11:40:59,后摄像头,否,rear camera
7901,chair,2026-08-17 11:41:00,后摄像头,否,rear camera
7627,"box,chair",2026-08-17 11:41:01,前摄像头,否,front camera
7902,chair,2026-08-17 11:41:01,后摄像头,否,rear camera
7903,chair,2026-08-17 11:41:02,后摄像头,否,rear camera
7628,"chair,box",2026-08-17 11:41:03,前摄像头,否,front camera
7904,chair,2026-08-17 11:41:03,后摄像头,否,rear camera
7905,chair,2026-08-17 11:41:04,后摄像头,否,rear camera
7629,"chair,box",2026-08-17 11:41:05,前摄像头,否,front camera
7906,chair,2026-08-17 11:41:05,后摄像头,否,rear camera
7907,chair,2026-08-17 11:41:06,后摄像头,否,rear camera
7630,"chair,box",2026-08-17 11:41:07,前摄像头,否,front camera
7908,chair,2026-08-17 11:41:07,后摄像头,否,rear camera
7909,chair,2026-08-17 11:41:08,后摄像头,否,rear camera
7631,"chair,box",2026-08-17 11:41:09,前摄像头,否,front camera
7910,chair,2026-08-17 11:41:09,后摄像头,否,rear camera
7911,chair,2026-08-17 11:41:10,后摄像头,否,rear camera
7632,"box,chair",2026-08-17 11:41:11,前摄像头,否,front camera
7912,chair,2026-08-17 11:41:11,后摄像头,否,rear camera
7913,chair,2026-08-17 11:41:12,后摄像头,否,rear camera
7633,chair,2026-08-17 11:41:13,前摄像头,否,front camera
7914,chair,2026-08-17 11:41:13,后摄像头,否,rear camera
7915,chair,2026-08-17 11:41:14,后摄像头,否,rear camera
7634,"chair,box",2026-08-17 11:41:15,前摄像头,否,front camera
7916,chair,2026-08-17 11:41:15,后摄像头,否,rear camera
7917,chair,2026-08-17 11:41:16,后摄像头,否,rear camera
7635,chair,2026-08-17 11:41:17,前摄像头,否,front camera
7918,chair,2026-08-17 11:41:17,后摄像头,否,rear camera
7919,chair,2026-08-17 11:41:18,后摄像头,否,rear camera
7636,chair,2026-08-17 11:41:19,前摄像头,否,front camera
7920,chair,2026-08-17 11:41:19,后摄像头,否,rear camera
7921,chair,2026-08-17 11:41:20,后摄像头,否,rear camera
7637,chair,2026-08-17 11:41:21,前摄像头,否,front camera
7922,chair,2026-08-17 11:41:21,后摄像头,否,rear camera
7923,chair,2026-08-17 11:41:22,后摄像头,否,rear camera
7638,"chair,box",2026-08-17 11:41:23,前摄像头,否,front camera
7924,chair,2026-08-17 11:41:23,后摄像头,否,rear camera
7925,chair,2026-08-17 11:41:24,后摄像头,否,rear camera
7639,chair,2026-08-17 11:41:25,前摄像头,否,front camera
7926,chair,2026-08-17 11:41:25,后摄像头,否,rear camera
7927,chair,2026-08-17 11:41:26,后摄像头,否,rear camera
7640,chair,2026-08-17 11:41:27,前摄像头,否,front camera
7928,chair,2026-08-17 11:41:27,后摄像头,否,rear camera
7929,chair,2026-08-17 11:41:28,后摄像头,否,rear camera
7641,chair,2026-08-17 11:41:29,前摄像头,否,front camera
7930,chair,2026-08-17 11:41:29,后摄像头,否,rear camera
7931,chair,2026-08-17 11:41:30,后摄像头,否,rear camera
7642,chair,2026-08-17 11:41:31,前摄像头,否,front camera
7932,chair,2026-08-17 11:41:31,后摄像头,否,rear camera
7933,chair,2026-08-17 11:41:32,后摄像头,否,rear camera
7643,chair,2026-08-17 11:41:33,前摄像头,否,front camera
7934,chair,2026-08-17 11:41:33,后摄像头,否,rear camera
7935,chair,2026-08-17 11:41:34,后摄像头,否,rear camera
7644,chair,2026-08-17 11:41:35,前摄像头,否,front camera
7936,chair,2026-08-17 11:41:35,后摄像头,否,rear camera
7937,chair,2026-08-17 11:41:36,后摄像头,否,rear camera
7645,chair,2026-08-17 11:41:37,前摄像头,否,front camera
7938,chair,2026-08-17 11:41:37,后摄像头,否,rear camera
7939,chair,2026-08-17 11:41:38,后摄像头,否,rear camera
7646,chair,2026-08-17 11:41:39,前摄像头,否,front camera
7940,chair,2026-08-17 11:41:39,后摄像头,否,rear camera
7941,chair,2026-08-17 11:41:40,后摄像头,否,rear camera
7647,chair,2026-08-17 11:41:41,前摄像头,否,front camera
7942,chair,2026-08-17 11:41:41,后摄像头,否,rear camera
7943,chair,2026-08-17 11:41:42,后摄像头,否,rear camera
7648,"chair,box",2026-08-17 11:41:43,前摄像头,否,front camera
7944,chair,2026-08-17 11:41:43,后摄像头,否,rear camera
7945,chair,2026-08-17 11:41:44,后摄像头,否,rear camera
7649,chair,2026-08-17 11:41:45,前摄像头,否,front camera
7946,chair,2026-08-17 11:41:45,后摄像头,否,rear camera
7947,chair,2026-08-17 11:41:46,后摄像头,否,rear camera
7650,chair,2026-08-17 11:41:47,前摄像头,否,front camera
7948,chair,2026-08-17 11:41:47,后摄像头,否,rear camera
7949,chair,2026-08-17 11:41:48,后摄像头,否,rear camera
7651,"chair,box",2026-08-17 11:41:49,前摄像头,否,front camera
7950,chair,2026-08-17 11:41:49,后摄像头,否,rear camera
7951,chair,2026-08-17 11:41:50,后摄像头,否,rear camera
7652,chair,2026-08-17 11:41:51,前摄像头,否,front camera
7952,chair,2026-08-17 11:41:51,后摄像头,否,rear camera
7953,chair,2026-08-17 11:41:52,后摄像头,否,rear camera
7653,"chair,box",2026-08-17 11:41:53,前摄像头,否,front camera
7954,chair,2026-08-17 11:41:53,后摄像头,否,rear camera
7955,chair,2026-08-17 11:41:54,后摄像头,否,rear camera
7654,"box,chair",2026-08-17 11:41:55,前摄像头,否,front camera
7956,chair,2026-08-17 11:41:55,后摄像头,否,rear camera
7957,chair,2026-08-17 11:41:56,后摄像头,否,rear camera
7655,chair,2026-08-17 11:41:57,前摄像头,否,front camera
7958,chair,2026-08-17 11:41:57,后摄像头,否,rear camera
7959,chair,2026-08-17 11:41:58,后摄像头,否,rear camera
7656,chair,2026-08-17 11:41:59,前摄像头,否,front camera
7960,chair,2026-08-17 11:41:59,后摄像头,否,rear camera
7961,chair,2026-08-17 11:42:00,后摄像头,否,rear camera
7657,"chair,box",2026-08-17 11:42:01,前摄像头,否,front camera
7962,chair,2026-08-17 11:42:01,后摄像头,否,rear camera
7963,chair,2026-08-17 11:42:02,后摄像头,否,rear camera
7658,chair,2026-08-17 11:42:03,前摄像头,否,front camera
7964,chair,2026-08-17 11:42:03,后摄像头,否,rear camera
7965,chair,2026-08-17 11:42:04,后摄像头,否,rear camera
7659,chair,2026-08-17 11:42:05,前摄像头,否,front camera
7966,chair,2026-08-17 11:42:05,后摄像头,否,rear camera
7967,chair,2026-08-17 11:42:06,后摄像头,否,rear camera
7660,chair,2026-08-17 11:42:07,前摄像头,否,front camera
7968,chair,2026-08-17 11:42:07,后摄像头,否,rear camera
7969,chair,2026-08-17 11:42:08,后摄像头,否,rear camera
7661,chair,2026-08-17 11:42:09,前摄像头,否,front camera
7970,chair,2026-08-17 11:42:09,后摄像头,否,rear camera
7971,chair,2026-08-17 11:42:10,后摄像头,否,rear camera
7662,chair,2026-08-17 11:42:11,前摄像头,否,front camera
7972,chair,2026-08-17 11:42:11,后摄像头,否,rear camera
7973,chair,2026-08-17 11:42:12,后摄像头,否,rear camera
7663,"chair,box",2026-08-17 11:42:13,前摄像头,否,front camera
7974,chair,2026-08-17 11:42:13,后摄像头,否,rear camera
7975,chair,2026-08-17 11:42:14,后摄像头,否,rear camera
7664,chair,2026-08-17 11:42:15,前摄像头,否,front camera
7976,chair,2026-08-17 11:42:15,后摄像头,否,rear camera
7977,chair,2026-08-17 11:42:16,后摄像头,否,rear camera
7665,"chair,box",2026-08-17 11:42:17,前摄像头,否,front camera
7978,chair,2026-08-17 11:42:18,后摄像头,否,rear camera
7979,chair,2026-08-17 11:42:18,后摄像头,否,rear camera
7666,chair,2026-08-17 11:42:19,前摄像头,否,front camera
7980,chair,2026-08-17 11:42:20,后摄像头,否,rear camera
7981,chair,2026-08-17 11:42:20,后摄像头,否,rear camera
7667,"chair,box",2026-08-17 11:42:21,前摄像头,否,front camera
7982,chair,2026-08-17 11:42:21,后摄像头,否,rear camera
7983,chair,2026-08-17 11:42:22,后摄像头,否,rear camera
7668,"chair,box",2026-08-17 11:42:23,前摄像头,否,front camera
7984,chair,2026-08-17 11:42:24,后摄像头,否,rear camera
7985,chair,2026-08-17 11:42:25,后摄像头,否,rear camera
7669,chair,2026-08-17 11:42:25,前摄像头,否,front camera
7986,chair,2026-08-17 11:42:26,后摄像头,否,rear camera
7987,chair,2026-08-17 11:42:27,后摄像头,否,rear camera
7670,chair,2026-08-17 11:42:27,前摄像头,否,front camera
7988,chair,2026-08-17 11:42:28,后摄像头,否,rear camera
7989,chair,2026-08-17 11:42:29,后摄像头,否,rear camera
7671,chair,2026-08-17 11:42:29,前摄像头,否,front camera
7990,chair,2026-08-17 11:42:30,后摄像头,否,rear camera
7991,chair,2026-08-17 11:42:31,后摄像头,否,rear camera
7672,chair,2026-08-17 11:42:31,前摄像头,否,front camera
7992,chair,2026-08-17 11:42:32,后摄像头,否,rear camera
7993,chair,2026-08-17 11:42:33,后摄像头,否,rear camera
7673,"chair,box",2026-08-17 11:42:33,前摄像头,否,front camera
7994,chair,2026-08-17 11:42:34,后摄像头,否,rear camera
7995,chair,2026-08-17 11:42:35,后摄像头,否,rear camera
7674,chair,2026-08-17 11:42:35,前摄像头,否,front camera
7996,chair,2026-08-17 11:42:36,后摄像头,否,rear camera
7997,chair,2026-08-17 11:42:37,后摄像头,否,rear camera
7675,chair,2026-08-17 11:42:37,前摄像头,否,front camera
7998,chair,2026-08-17 11:42:38,后摄像头,否,rear camera
7999,chair,2026-08-17 11:42:39,后摄像头,否,rear camera
7676,"chair,box",2026-08-17 11:42:39,前摄像头,否,front camera
8000,chair,2026-08-17 11:42:40,后摄像头,否,rear camera
8001,chair,2026-08-17 11:42:41,后摄像头,否,rear camera
7677,chair,2026-08-17 11:42:41,前摄像头,否,front camera
8002,chair,2026-08-17 11:42:42,后摄像头,否,rear camera
8003,chair,2026-08-17 11:42:43,后摄像头,否,rear camera
7678,chair,2026-08-17 11:42:43,前摄像头,否,front camera
8004,chair,2026-08-17 11:42:44,后摄像头,否,rear camera
8005,chair,2026-08-17 11:42:45,后摄像头,否,rear camera
7679,"chair,box",2026-08-17 11:42:45,前摄像头,否,front camera
8006,chair,2026-08-17 11:42:46,后摄像头,否,rear camera
8007,chair,2026-08-17 11:42:47,后摄像头,否,rear camera
7680,"chair,box",2026-08-17 11:42:47,前摄像头,否,front camera
8008,chair,2026-08-17 11:42:48,后摄像头,否,rear camera
8009,chair,2026-08-17 11:42:49,后摄像头,否,rear camera
7681,chair,2026-08-17 11:42:49,前摄像头,否,front camera
8010,chair,2026-08-17 11:42:50,后摄像头,否,rear camera
8011,chair,2026-08-17 11:42:51,后摄像头,否,rear camera
7682,"chair,box",2026-08-17 11:42:51,前摄像头,否,front camera
8012,chair,2026-08-17 11:42:52,后摄像头,否,rear camera
8013,chair,2026-08-17 11:42:53,后摄像头,否,rear camera
7683,chair,2026-08-17 11:42:53,前摄像头,否,front camera
8014,chair,2026-08-17 11:42:54,后摄像头,否,rear camera
8015,chair,2026-08-17 11:42:55,后摄像头,否,rear camera
7684,chair,2026-08-17 11:42:55,前摄像头,否,front camera
8016,chair,2026-08-17 11:42:56,后摄像头,否,rear camera
8017,chair,2026-08-17 11:42:57,后摄像头,否,rear camera
7685,chair,2026-08-17 11:42:57,前摄像头,否,front camera
8018,chair,2026-08-17 11:42:58,后摄像头,否,rear camera
8019,chair,2026-08-17 11:42:59,后摄像头,否,rear camera
7686,chair,2026-08-17 11:42:59,前摄像头,否,front camera
8020,chair,2026-08-17 11:43:00,后摄像头,否,rear camera
8021,chair,2026-08-17 11:43:01,后摄像头,否,rear camera
7687,"chair,box",2026-08-17 11:43:01,前摄像头,否,front camera
8022,chair,2026-08-17 11:43:02,后摄像头,否,rear camera
8023,chair,2026-08-17 11:43:03,后摄像头,否,rear camera
7688,chair,2026-08-17 11:43:03,前摄像头,否,front camera
8024,chair,2026-08-17 11:43:04,后摄像头,否,rear camera
8025,chair,2026-08-17 11:43:05,后摄像头,否,rear camera
7689,chair,2026-08-17 11:43:05,前摄像头,否,front camera
8026,chair,2026-08-17 11:43:06,后摄像头,否,rear camera
8027,chair,2026-08-17 11:43:07,后摄像头,否,rear camera
7690,"chair,box",2026-08-17 11:43:07,前摄像头,否,front camera
8028,chair,2026-08-17 11:43:08,后摄像头,否,rear camera
8029,chair,2026-08-17 11:43:09,后摄像头,否,rear camera
7691,chair,2026-08-17 11:43:09,前摄像头,否,front camera
8030,chair,2026-08-17 11:43:10,后摄像头,否,rear camera
8031,chair,2026-08-17 11:43:11,后摄像头,否,rear camera
7692,"chair,box",2026-08-17 11:43:11,前摄像头,否,front camera
8032,chair,2026-08-17 11:43:12,后摄像头,否,rear camera
8033,chair,2026-08-17 11:43:13,后摄像头,否,rear camera
7693,chair,2026-08-17 11:43:13,前摄像头,否,front camera
8034,chair,2026-08-17 11:43:14,后摄像头,否,rear camera
8035,chair,2026-08-17 11:43:15,后摄像头,否,rear camera
7694,"chair,box",2026-08-17 11:43:15,前摄像头,否,front camera
8036,chair,2026-08-17 11:43:16,后摄像头,否,rear camera
8037,chair,2026-08-17 11:43:17,后摄像头,否,rear camera
7695,chair,2026-08-17 11:43:17,前摄像头,否,front camera
8038,chair,2026-08-17 11:43:18,后摄像头,否,rear camera
8039,chair,2026-08-17 11:43:19,后摄像头,否,rear camera
7696,chair,2026-08-17 11:43:19,前摄像头,否,front camera
8040,chair,2026-08-17 11:43:20,后摄像头,否,rear camera
8041,chair,2026-08-17 11:43:21,后摄像头,否,rear camera
7697,chair,2026-08-17 11:43:21,前摄像头,否,front camera
8042,chair,2026-08-17 11:43:22,后摄像头,否,rear camera
8043,chair,2026-08-17 11:43:23,后摄像头,否,rear camera
7698,box,2026-08-17 11:43:23,前摄像头,否,front camera
8044,chair,2026-08-17 11:43:24,后摄像头,否,rear camera
8045,chair,2026-08-17 11:43:25,后摄像头,否,rear camera
7699,chair,2026-08-17 11:43:25,前摄像头,否,front camera
8046,chair,2026-08-17 11:43:26,后摄像头,否,rear camera
8047,chair,2026-08-17 11:43:27,后摄像头,否,rear camera
7700,chair,2026-08-17 11:43:27,前摄像头,否,front camera
8048,chair,2026-08-17 11:43:28,后摄像头,否,rear camera
8049,chair,2026-08-17 11:43:29,后摄像头,否,rear camera
7701,chair,2026-08-17 11:43:29,前摄像头,否,front camera
8050,chair,2026-08-17 11:43:30,后摄像头,否,rear camera
8051,chair,2026-08-17 11:43:31,后摄像头,否,rear camera
7702,"chair,box",2026-08-17 11:43:31,前摄像头,否,front camera
8052,chair,2026-08-17 11:43:32,后摄像头,否,rear camera
8053,chair,2026-08-17 11:43:33,后摄像头,否,rear camera
7703,"chair,box",2026-08-17 11:43:33,前摄像头,否,front camera
8054,chair,2026-08-17 11:43:34,后摄像头,否,rear camera
8055,chair,2026-08-17 11:43:35,后摄像头,否,rear camera
7704,"chair,box",2026-08-17 11:43:35,前摄像头,否,front camera
8056,chair,2026-08-17 11:43:36,后摄像头,否,rear camera
8057,chair,2026-08-17 11:43:37,后摄像头,否,rear camera
7705,"chair,box",2026-08-17 11:43:37,前摄像头,否,front camera
8058,chair,2026-08-17 11:43:38,后摄像头,否,rear camera
8059,chair,2026-08-17 11:43:39,后摄像头,否,rear camera
7706,chair,2026-08-17 11:43:39,前摄像头,否,front camera
8060,chair,2026-08-17 11:43:40,后摄像头,否,rear camera
8061,chair,2026-08-17 11:43:41,后摄像头,否,rear camera
7707,"chair,box",2026-08-17 11:43:41,前摄像头,否,front camera
8062,chair,2026-08-17 11:43:42,后摄像头,否,rear camera
8063,chair,2026-08-17 11:43:43,后摄像头,否,rear camera
7708,"chair,box",2026-08-17 11:43:43,前摄像头,否,front camera
8064,chair,2026-08-17 11:43:44,后摄像头,否,rear camera
8065,chair,2026-08-17 11:43:45,后摄像头,否,rear camera
7709,"box,chair",2026-08-17 11:43:45,前摄像头,否,front camera
8066,chair,2026-08-17 11:43:46,后摄像头,否,rear camera
8067,chair,2026-08-17 11:43:47,后摄像头,否,rear camera
7710,chair,2026-08-17 11:43:47,前摄像头,否,front camera
8068,chair,2026-08-17 11:43:48,后摄像头,否,rear camera
8069,chair,2026-08-17 11:43:49,后摄像头,否,rear camera
7711,"chair,box",2026-08-17 11:43:49,前摄像头,否,front camera
8070,chair,2026-08-17 11:43:50,后摄像头,否,rear camera
8071,chair,2026-08-17 11:43:51,后摄像头,否,rear camera
7712,chair,2026-08-17 11:43:51,前摄像头,否,front camera
8072,chair,2026-08-17 11:43:52,后摄像头,否,rear camera
8073,chair,2026-08-17 11:43:53,后摄像头,否,rear camera
7713,"chair,box",2026-08-17 11:43:53,前摄像头,否,front camera
8074,chair,2026-08-17 11:43:54,后摄像头,否,rear camera
8075,chair,2026-08-17 11:43:55,后摄像头,否,rear camera
7714,chair,2026-08-17 11:43:55,前摄像头,否,front camera
8076,chair,2026-08-17 11:43:56,后摄像头,否,rear camera
8077,chair,2026-08-17 11:43:57,后摄像头,否,rear camera
7715,"chair,box",2026-08-17 11:43:57,前摄像头,否,front camera
8078,chair,2026-08-17 11:43:58,后摄像头,否,rear camera
8079,chair,2026-08-17 11:43:59,后摄像头,否,rear camera
7716,chair,2026-08-17 11:43:59,前摄像头,否,front camera
8080,chair,2026-08-17 11:44:00,后摄像头,否,rear camera
8081,chair,2026-08-17 11:44:01,后摄像头,否,rear camera
7717,"chair,box",2026-08-17 11:44:01,前摄像头,否,front camera
8082,chair,2026-08-17 11:44:02,后摄像头,否,rear camera
8083,chair,2026-08-17 11:44:03,后摄像头,否,rear camera
7718,"chair,box",2026-08-17 11:44:03,前摄像头,否,front camera
8084,chair,2026-08-17 11:44:04,后摄像头,否,rear camera
8085,chair,2026-08-17 11:44:05,后摄像头,否,rear camera
7719,chair,2026-08-17 11:44:05,前摄像头,否,front camera
8086,chair,2026-08-17 11:44:06,后摄像头,否,rear camera
8087,chair,2026-08-17 11:44:07,后摄像头,否,rear camera
7720,chair,2026-08-17 11:44:07,前摄像头,否,front camera
8088,chair,2026-08-17 11:44:08,后摄像头,否,rear camera
8089,chair,2026-08-17 11:44:09,后摄像头,否,rear camera
7721,chair,2026-08-17 11:44:09,前摄像头,否,front camera
8090,chair,2026-08-17 11:44:10,后摄像头,否,rear camera
8091,chair,2026-08-17 11:44:11,后摄像头,否,rear camera
7722,chair,2026-08-17 11:44:11,前摄像头,否,front camera
8092,chair,2026-08-17 11:44:12,后摄像头,否,rear camera
8093,chair,2026-08-17 11:44:13,后摄像头,否,rear camera
7723,chair,2026-08-17 11:44:13,前摄像头,否,front camera
8094,chair,2026-08-17 11:44:14,后摄像头,否,rear camera
8095,chair,2026-08-17 11:44:15,后摄像头,否,rear camera
7724,"chair,box",2026-08-17 11:44:15,前摄像头,否,front camera
8096,chair,2026-08-17 11:44:16,后摄像头,否,rear camera
8097,chair,2026-08-17 11:44:17,后摄像头,否,rear camera
7725,chair,2026-08-17 11:44:17,前摄像头,否,front camera
8098,chair,2026-08-17 11:44:18,后摄像头,否,rear camera
8099,chair,2026-08-17 11:44:19,后摄像头,否,rear camera
7726,chair,2026-08-17 11:44:19,前摄像头,否,front camera
8100,chair,2026-08-17 11:44:20,后摄像头,否,rear camera
8101,chair,2026-08-17 11:44:21,后摄像头,否,rear camera
7727,chair,2026-08-17 11:44:21,前摄像头,否,front camera
8102,chair,2026-08-17 11:44:22,后摄像头,否,rear camera
8103,chair,2026-08-17 11:44:23,后摄像头,否,rear camera
7728,chair,2026-08-17 11:44:23,前摄像头,否,front camera
8104,chair,2026-08-17 11:44:24,后摄像头,否,rear camera
8105,chair,2026-08-17 11:44:25,后摄像头,否,rear camera
7729,chair,2026-08-17 11:44:25,前摄像头,否,front camera
8106,chair,2026-08-17 11:44:26,后摄像头,否,rear camera
8107,chair,2026-08-17 11:44:27,后摄像头,否,rear camera
7730,chair,2026-08-17 11:44:27,前摄像头,否,front camera
8108,chair,2026-08-17 11:44:28,后摄像头,否,rear camera
8109,chair,2026-08-17 11:44:29,后摄像头,否,rear camera
7731,chair,2026-08-17 11:44:29,前摄像头,否,front camera
8110,chair,2026-08-17 11:44:30,后摄像头,否,rear camera
8111,chair,2026-08-17 11:44:31,后摄像头,否,rear camera
7732,chair,2026-08-17 11:44:31,前摄像头,否,front camera
8112,chair,2026-08-17 11:44:32,后摄像头,否,rear camera
8113,chair,2026-08-17 11:44:33,后摄像头,否,rear camera
7733,chair,2026-08-17 11:44:33,前摄像头,否,front camera
8114,chair,2026-08-17 11:44:34,后摄像头,否,rear camera
8115,chair,2026-08-17 11:44:35,后摄像头,否,rear camera
7734,chair,2026-08-17 11:44:35,前摄像头,否,front camera
8116,chair,2026-08-17 11:44:36,后摄像头,否,rear camera
8117,chair,2026-08-17 11:44:37,后摄像头,否,rear camera
7735,"chair,box",2026-08-17 11:44:37,前摄像头,否,front camera
8118,chair,2026-08-17 11:44:38,后摄像头,否,rear camera
8119,chair,2026-08-17 11:44:39,后摄像头,否,rear camera
7736,"box,chair",2026-08-17 11:44:39,前摄像头,否,front camera
8120,chair,2026-08-17 11:44:40,后摄像头,否,rear camera
8121,chair,2026-08-17 11:44:41,后摄像头,否,rear camera
7737,"box,chair",2026-08-17 11:44:41,前摄像头,否,front camera
8122,chair,2026-08-17 11:44:42,后摄像头,否,rear camera
8123,chair,2026-08-17 11:44:43,后摄像头,否,rear camera
7738,"box,chair",2026-08-17 11:44:43,前摄像头,否,front camera
8124,chair,2026-08-17 11:44:44,后摄像头,否,rear camera
8125,chair,2026-08-17 11:44:45,后摄像头,否,rear camera
7739,"box,chair",2026-08-17 11:44:45,前摄像头,否,front camera
8126,chair,2026-08-17 11:44:46,后摄像头,否,rear camera
8127,chair,2026-08-17 11:44:47,后摄像头,否,rear camera
7740,"box,chair",2026-08-17 11:44:48,前摄像头,否,front camera
8128,chair,2026-08-17 11:44:48,后摄像头,否,rear camera
8129,chair,2026-08-17 11:44:49,后摄像头,否,rear camera
7741,"box,chair",2026-08-17 11:44:50,前摄像头,否,front camera
8130,chair,2026-08-17 11:44:50,后摄像头,否,rear camera
8131,chair,2026-08-17 11:44:51,后摄像头,否,rear camera
7742,"box,chair",2026-08-17 11:44:52,前摄像头,否,front camera
8132,chair,2026-08-17 11:44:52,后摄像头,否,rear camera
8133,chair,2026-08-17 11:44:53,后摄像头,否,rear camera
7743,"box,chair",2026-08-17 11:44:54,前摄像头,否,front camera
8134,chair,2026-08-17 11:44:54,后摄像头,否,rear camera
8135,chair,2026-08-17 11:44:55,后摄像头,否,rear camera
7744,"box,chair",2026-08-17 11:44:56,前摄像头,否,front camera
8136,chair,2026-08-17 11:44:56,后摄像头,否,rear camera
8137,chair,2026-08-17 11:44:57,后摄像头,否,rear camera
7745,"box,chair",2026-08-17 11:44:58,前摄像头,否,front camera
8138,chair,2026-08-17 11:44:58,后摄像头,否,rear camera
8139,chair,2026-08-17 11:44:59,后摄像头,否,rear camera
7746,"box,chair",2026-08-17 11:45:00,前摄像头,否,front camera
8140,chair,2026-08-17 11:45:00,后摄像头,否,rear camera
8141,chair,2026-08-17 11:45:01,后摄像头,否,rear camera
7747,"box,chair",2026-08-17 11:45:02,前摄像头,否,front camera
8142,chair,2026-08-17 11:45:02,后摄像头,否,rear camera
8143,chair,2026-08-17 11:45:03,后摄像头,否,rear camera
7748,"box,chair",2026-08-17 11:45:04,前摄像头,否,front camera
8144,chair,2026-08-17 11:45:04,后摄像头,否,rear camera
8145,chair,2026-08-17 11:45:05,后摄像头,否,rear camera
7749,"box,chair",2026-08-17 11:45:06,前摄像头,否,front camera
8146,chair,2026-08-17 11:45:06,后摄像头,否,rear camera
8147,chair,2026-08-17 11:45:07,后摄像头,否,rear camera
7750,"box,chair",2026-08-17 11:45:08,前摄像头,否,front camera
8148,chair,2026-08-17 11:45:08,后摄像头,否,rear camera
8149,chair,2026-08-17 11:45:09,后摄像头,否,rear camera
7751,"box,chair",2026-08-17 11:45:10,前摄像头,否,front camera
8150,chair,2026-08-17 11:45:10,后摄像头,否,rear camera
8151,chair,2026-08-17 11:45:11,后摄像头,否,rear camera
7752,chair,2026-08-17 11:45:12,前摄像头,否,front camera
8152,chair,2026-08-17 11:45:12,后摄像头,否,rear camera
8153,chair,2026-08-17 11:45:13,后摄像头,否,rear camera
7753,chair,2026-08-17 11:45:14,前摄像头,否,front camera
8154,chair,2026-08-17 11:45:14,后摄像头,否,rear camera
8155,chair,2026-08-17 11:45:15,后摄像头,否,rear camera
7754,chair,2026-08-17 11:45:16,前摄像头,否,front camera
8156,chair,2026-08-17 11:45:16,后摄像头,否,rear camera
8157,chair,2026-08-17 11:45:17,后摄像头,否,rear camera
7755,chair,2026-08-17 11:45:18,前摄像头,否,front camera
8158,chair,2026-08-17 11:45:18,后摄像头,否,rear camera
8159,chair,2026-08-17 11:45:19,后摄像头,否,rear camera
7756,chair,2026-08-17 11:45:20,前摄像头,否,front camera
8160,chair,2026-08-17 11:45:20,后摄像头,否,rear camera
8161,chair,2026-08-17 11:45:21,后摄像头,否,rear camera
7757,chair,2026-08-17 11:45:22,前摄像头,否,front camera
8162,chair,2026-08-17 11:45:22,后摄像头,否,rear camera
8163,chair,2026-08-17 11:45:23,后摄像头,否,rear camera
7758,chair,2026-08-17 11:45:24,前摄像头,否,front camera
8164,chair,2026-08-17 11:45:24,后摄像头,否,rear camera
8165,chair,2026-08-17 11:45:25,后摄像头,否,rear camera
7759,chair,2026-08-17 11:45:26,前摄像头,否,front camera
8166,chair,2026-08-17 11:45:26,后摄像头,否,rear camera
8167,chair,2026-08-17 11:45:27,后摄像头,否,rear camera
7760,chair,2026-08-17 11:45:28,前摄像头,否,front camera
8168,chair,2026-08-17 11:45:28,后摄像头,否,rear camera
8169,chair,2026-08-17 11:45:29,后摄像头,否,rear camera
7761,box,2026-08-17 11:45:30,前摄像头,否,front camera
8170,chair,2026-08-17 11:45:30,后摄像头,否,rear camera
8171,chair,2026-08-17 11:45:31,后摄像头,否,rear camera
7762,box,2026-08-17 11:45:32,前摄像头,否,front camera
8172,chair,2026-08-17 11:45:32,后摄像头,否,rear camera
8173,chair,2026-08-17 11:45:33,后摄像头,否,rear camera
7763,box,2026-08-17 11:45:34,前摄像头,否,front camera
8174,chair,2026-08-17 11:45:34,后摄像头,否,rear camera
8175,chair,2026-08-17 11:45:35,后摄像头,否,rear camera
7764,box,2026-08-17 11:45:36,前摄像头,否,front camera
8176,chair,2026-08-17 11:45:36,后摄像头,否,rear camera
8177,chair,2026-08-17 11:45:37,后摄像头,否,rear camera
7765,box,2026-08-17 11:45:38,前摄像头,否,front camera
7766,box,2026-08-17 11:45:40,前摄像头,否,front camera
7767,box,2026-08-17 11:45:42,前摄像头,否,front camera
7768,box,2026-08-17 11:45:44,前摄像头,否,front camera
7769,box,2026-08-17 11:45:46,前摄像头,否,front camera
7770,box,2026-08-17 11:45:48,前摄像头,否,front camera
7771,box,2026-08-17 11:45:50,前摄像头,否,front camera
7772,box,2026-08-17 11:45:52,前摄像头,否,front camera
7773,box,2026-08-17 11:45:54,前摄像头,否,front camera
7774,box,2026-08-17 11:45:56,前摄像头,否,front camera
7775,box,2026-08-17 11:45:58,前摄像头,否,front camera
7776,box,2026-08-17 11:46:29,前摄像头,否,front camera
7777,box,2026-08-17 11:46:31,前摄像头,否,front camera
7778,box,2026-08-17 11:46:33,前摄像头,否,front camera
7779,box,2026-08-17 11:46:35,前摄像头,否,front camera
7780,box,2026-08-17 11:46:37,前摄像头,否,front camera
7781,box,2026-08-17 11:46:39,前摄像头,否,front camera
7782,box,2026-08-17 11:46:41,前摄像头,否,front camera
7783,box,2026-08-17 11:46:43,前摄像头,否,front camera
7784,box,2026-08-17 11:46:45,前摄像头,否,front camera
7785,box,2026-08-17 11:46:47,前摄像头,否,front camera
7786,box,2026-08-17 11:46:49,前摄像头,否,front camera
7787,box,2026-08-17 11:46:51,前摄像头,否,front camera
7788,box,2026-08-17 11:46:53,前摄像头,否,front camera
7789,box,2026-08-17 11:46:56,前摄像头,否,front camera
7790,box,2026-08-17 11:46:58,前摄像头,否,front camera
7791,box,2026-08-17 11:47:00,前摄像头,否,front camera
7792,"chair,box",2026-08-17 11:47:03,前摄像头,否,front camera
7793,"box,chair",2026-08-17 11:47:04,前摄像头,否,front camera
7794,"chair,box",2026-08-17 11:47:06,前摄像头,否,front camera
7795,"chair,box",2026-08-17 11:47:08,前摄像头,否,front camera
8178,chair,2026-08-17 11:47:08,后摄像头,否,rear camera
7796,chair,2026-08-17 11:47:10,前摄像头,否,front camera
8179,chair,2026-08-17 11:47:12,后摄像头,否,rear camera
7797,chair,2026-08-17 11:47:12,前摄像头,否,front camera
8180,chair,2026-08-17 11:47:13,后摄像头,否,rear camera
8181,chair,2026-08-17 11:47:14,后摄像头,否,rear camera
7798,chair,2026-08-17 11:47:14,前摄像头,否,front camera
8182,chair,2026-08-17 11:47:15,后摄像头,否,rear camera
8183,chair,2026-08-17 11:47:16,后摄像头,否,rear camera
7799,chair,2026-08-17 11:47:16,前摄像头,否,front camera
8184,chair,2026-08-17 11:47:17,后摄像头,否,rear camera
8185,chair,2026-08-17 11:47:18,后摄像头,否,rear camera
7800,chair,2026-08-17 11:47:18,前摄像头,否,front camera
8186,chair,2026-08-17 11:47:19,后摄像头,否,rear camera
8187,chair,2026-08-17 11:47:20,后摄像头,否,rear camera
7801,chair,2026-08-17 11:47:20,前摄像头,否,front camera
8188,chair,2026-08-17 11:47:21,后摄像头,否,rear camera
8189,chair,2026-08-17 11:47:22,后摄像头,否,rear camera
7802,chair,2026-08-17 11:47:22,前摄像头,否,front camera
8190,chair,2026-08-17 11:47:23,后摄像头,否,rear camera
8191,chair,2026-08-17 11:47:24,后摄像头,否,rear camera
7803,chair,2026-08-17 11:47:24,前摄像头,否,front camera
8192,chair,2026-08-17 11:47:25,后摄像头,否,rear camera
8193,chair,2026-08-17 11:47:26,后摄像头,否,rear camera
7804,chair,2026-08-17 11:47:26,前摄像头,否,front camera
8194,chair,2026-08-17 11:47:27,后摄像头,否,rear camera
8195,chair,2026-08-17 11:47:28,后摄像头,否,rear camera
7805,"chair,box",2026-08-17 11:47:28,前摄像头,否,front camera
8196,chair,2026-08-17 11:47:29,后摄像头,否,rear camera
8197,chair,2026-08-17 11:47:30,后摄像头,否,rear camera
7806,chair,2026-08-17 11:47:30,前摄像头,否,front camera
8198,chair,2026-08-17 11:47:31,后摄像头,否,rear camera
8199,chair,2026-08-17 11:47:32,后摄像头,否,rear camera
7807,chair,2026-08-17 11:47:32,前摄像头,否,front camera
8200,chair,2026-08-17 11:47:33,后摄像头,否,rear camera
8201,chair,2026-08-17 11:47:34,后摄像头,否,rear camera
7808,chair,2026-08-17 11:47:34,前摄像头,否,front camera
8202,chair,2026-08-17 11:47:35,后摄像头,否,rear camera
8203,chair,2026-08-17 11:47:36,后摄像头,否,rear camera
7809,chair,2026-08-17 11:47:36,前摄像头,否,front camera
8204,chair,2026-08-17 11:47:37,后摄像头,否,rear camera
8205,chair,2026-08-17 11:47:38,后摄像头,否,rear camera
7810,chair,2026-08-17 11:47:38,前摄像头,否,front camera
8206,chair,2026-08-17 11:47:39,后摄像头,否,rear camera
8207,chair,2026-08-17 11:47:40,后摄像头,否,rear camera
7811,chair,2026-08-17 11:47:40,前摄像头,否,front camera
8208,chair,2026-08-17 11:47:41,后摄像头,否,rear camera
8209,chair,2026-08-17 11:47:42,后摄像头,否,rear camera
7812,"chair,box",2026-08-17 11:47:42,前摄像头,否,front camera
8210,chair,2026-08-17 11:47:43,后摄像头,否,rear camera
8211,chair,2026-08-17 11:47:44,后摄像头,否,rear camera
7813,chair,2026-08-17 11:47:44,前摄像头,否,front camera
8212,chair,2026-08-17 11:47:45,后摄像头,否,rear camera
8213,chair,2026-08-17 11:47:46,后摄像头,否,rear camera
7814,"chair,box",2026-08-17 11:47:46,前摄像头,否,front camera
8214,chair,2026-08-17 11:47:47,后摄像头,否,rear camera
8215,chair,2026-08-17 11:47:48,后摄像头,否,rear camera
7815,"chair,box",2026-08-17 11:47:48,前摄像头,否,front camera
8216,chair,2026-08-17 11:47:49,后摄像头,否,rear camera
8217,chair,2026-08-17 11:47:50,后摄像头,否,rear camera
7816,chair,2026-08-17 11:47:50,前摄像头,否,front camera
8218,chair,2026-08-17 11:47:51,后摄像头,否,rear camera
8219,chair,2026-08-17 11:47:52,后摄像头,否,rear camera
7817,"chair,box",2026-08-17 11:47:52,前摄像头,否,front camera
8220,chair,2026-08-17 11:47:53,后摄像头,否,rear camera
8221,chair,2026-08-17 11:47:54,后摄像头,否,rear camera
7818,"chair,box",2026-08-17 11:47:54,前摄像头,否,front camera
8222,chair,2026-08-17 11:47:55,后摄像头,否,rear camera
8223,chair,2026-08-17 11:47:56,后摄像头,否,rear camera
7819,box,2026-08-17 11:47:57,前摄像头,否,front camera
8224,chair,2026-08-17 11:47:57,后摄像头,否,rear camera
8225,chair,2026-08-17 11:47:58,后摄像头,否,rear camera
7820,"box,chair",2026-08-17 11:47:59,前摄像头,否,front camera
8226,chair,2026-08-17 11:47:59,后摄像头,否,rear camera
8227,chair,2026-08-17 11:48:00,后摄像头,否,rear camera
7821,chair,2026-08-17 11:48:01,前摄像头,否,front camera
8228,chair,2026-08-17 11:48:01,后摄像头,否,rear camera
8229,chair,2026-08-17 11:48:02,后摄像头,否,rear camera
7822,box,2026-08-17 11:48:03,前摄像头,否,front camera
8230,chair,2026-08-17 11:48:03,后摄像头,否,rear camera
8231,chair,2026-08-17 11:48:04,后摄像头,否,rear camera
7823,"chair,box",2026-08-17 11:48:05,前摄像头,否,front camera
8232,chair,2026-08-17 11:48:05,后摄像头,否,rear camera
8233,chair,2026-08-17 11:48:06,后摄像头,否,rear camera
7824,"chair,box",2026-08-17 11:48:07,前摄像头,否,front camera
8234,chair,2026-08-17 11:48:07,后摄像头,否,rear camera
8235,chair,2026-08-17 11:48:08,后摄像头,否,rear camera
7825,chair,2026-08-17 11:48:09,前摄像头,否,front camera
8236,chair,2026-08-17 11:48:09,后摄像头,否,rear camera
8237,chair,2026-08-17 11:48:10,后摄像头,否,rear camera
7826,"chair,box",2026-08-17 11:48:11,前摄像头,否,front camera
8238,chair,2026-08-17 11:48:11,后摄像头,否,rear camera
8239,chair,2026-08-17 11:48:12,后摄像头,否,rear camera
7827,"chair,box",2026-08-17 11:48:13,前摄像头,否,front camera
8240,chair,2026-08-17 11:48:13,后摄像头,否,rear camera
8241,chair,2026-08-17 11:48:14,后摄像头,否,rear camera
7828,chair,2026-08-17 11:48:15,前摄像头,否,front camera
8242,chair,2026-08-17 11:48:15,后摄像头,否,rear camera
8243,chair,2026-08-17 11:48:16,后摄像头,否,rear camera
7829,chair,2026-08-17 11:48:17,前摄像头,否,front camera
8244,chair,2026-08-17 11:48:17,后摄像头,否,rear camera
8245,chair,2026-08-17 11:48:18,后摄像头,否,rear camera
7830,chair,2026-08-17 11:48:19,前摄像头,否,front camera
8246,chair,2026-08-17 11:48:19,后摄像头,否,rear camera
8247,chair,2026-08-17 11:48:20,后摄像头,否,rear camera
7831,chair,2026-08-17 11:48:21,前摄像头,否,front camera
8248,chair,2026-08-17 11:48:21,后摄像头,否,rear camera
8249,chair,2026-08-17 11:48:22,后摄像头,否,rear camera
7832,"chair,box",2026-08-17 11:48:23,前摄像头,否,front camera
8250,chair,2026-08-17 11:48:23,后摄像头,否,rear camera
8251,chair,2026-08-17 11:48:24,后摄像头,否,rear camera
7833,chair,2026-08-17 11:48:25,前摄像头,否,front camera
8252,chair,2026-08-17 11:48:25,后摄像头,否,rear camera
8253,chair,2026-08-17 11:48:26,后摄像头,否,rear camera
7834,"chair,box",2026-08-17 11:48:27,前摄像头,否,front camera
8254,chair,2026-08-17 11:48:27,后摄像头,否,rear camera
8255,chair,2026-08-17 11:48:28,后摄像头,否,rear camera
7835,chair,2026-08-17 11:48:29,前摄像头,否,front camera
8256,chair,2026-08-17 11:48:29,后摄像头,否,rear camera
8257,chair,2026-08-17 11:48:30,后摄像头,否,rear camera
7836,"chair,box",2026-08-17 11:48:31,前摄像头,否,front camera
8258,chair,2026-08-17 11:48:31,后摄像头,否,rear camera
8259,chair,2026-08-17 11:48:32,后摄像头,否,rear camera
7837,chair,2026-08-17 11:48:33,前摄像头,否,front camera
8260,chair,2026-08-17 11:48:33,后摄像头,否,rear camera
8261,chair,2026-08-17 11:48:34,后摄像头,否,rear camera
7838,"chair,box",2026-08-17 11:48:35,前摄像头,否,front camera
8262,chair,2026-08-17 11:48:35,后摄像头,否,rear camera
8263,chair,2026-08-17 11:48:36,后摄像头,否,rear camera
7839,"chair,box",2026-08-17 11:48:37,前摄像头,否,front camera
8264,chair,2026-08-17 11:48:37,后摄像头,否,rear camera
8265,chair,2026-08-17 11:48:38,后摄像头,否,rear camera
7840,chair,2026-08-17 11:48:39,前摄像头,否,front camera
8266,chair,2026-08-17 11:48:39,后摄像头,否,rear camera
8267,chair,2026-08-17 11:48:40,后摄像头,否,rear camera
7841,chair,2026-08-17 11:48:41,前摄像头,否,front camera
8268,chair,2026-08-17 11:48:41,后摄像头,否,rear camera
8269,chair,2026-08-17 11:48:42,后摄像头,否,rear camera
7842,"chair,box",2026-08-17 11:48:43,前摄像头,否,front camera
8270,chair,2026-08-17 11:48:43,后摄像头,否,rear camera
8271,chair,2026-08-17 11:48:44,后摄像头,否,rear camera
7843,chair,2026-08-17 11:48:45,前摄像头,否,front camera
8272,chair,2026-08-17 11:48:45,后摄像头,否,rear camera
8273,chair,2026-08-17 11:48:46,后摄像头,否,rear camera
7844,chair,2026-08-17 11:48:47,前摄像头,否,front camera
8274,chair,2026-08-17 11:48:47,后摄像头,否,rear camera
8275,chair,2026-08-17 11:48:48,后摄像头,否,rear camera
7845,chair,2026-08-17 11:48:49,前摄像头,否,front camera
8276,chair,2026-08-17 11:48:49,后摄像头,否,rear camera
8277,chair,2026-08-17 11:48:50,后摄像头,否,rear camera
7846,"chair,box",2026-08-17 11:48:51,前摄像头,否,front camera
8278,chair,2026-08-17 11:48:51,后摄像头,否,rear camera
8279,chair,2026-08-17 11:48:52,后摄像头,否,rear camera
7847,"chair,box",2026-08-17 11:48:53,前摄像头,否,front camera
8280,chair,2026-08-17 11:48:53,后摄像头,否,rear camera
8281,chair,2026-08-17 11:48:54,后摄像头,否,rear camera
7848,chair,2026-08-17 11:48:55,前摄像头,否,front camera
8282,chair,2026-08-17 11:48:55,后摄像头,否,rear camera
8283,chair,2026-08-17 11:48:56,后摄像头,否,rear camera
7849,chair,2026-08-17 11:48:57,前摄像头,否,front camera
8284,chair,2026-08-17 11:48:57,后摄像头,否,rear camera
8285,chair,2026-08-17 11:48:58,后摄像头,否,rear camera
7850,chair,2026-08-17 11:48:59,前摄像头,否,front camera
8286,chair,2026-08-17 11:48:59,后摄像头,否,rear camera
8287,chair,2026-08-17 11:49:00,后摄像头,否,rear camera
7851,"chair,box",2026-08-17 11:49:01,前摄像头,否,front camera
8288,chair,2026-08-17 11:49:01,后摄像头,否,rear camera
8289,chair,2026-08-17 11:49:02,后摄像头,否,rear camera
7852,"chair,box",2026-08-17 11:49:03,前摄像头,否,front camera
8290,chair,2026-08-17 11:49:03,后摄像头,否,rear camera
8291,chair,2026-08-17 11:49:04,后摄像头,否,rear camera
7853,chair,2026-08-17 11:49:05,前摄像头,否,front camera
8292,chair,2026-08-17 11:49:05,后摄像头,否,rear camera
8293,chair,2026-08-17 11:49:06,后摄像头,否,rear camera
7854,chair,2026-08-17 11:49:07,前摄像头,否,front camera
8294,chair,2026-08-17 11:49:07,后摄像头,否,rear camera
8295,chair,2026-08-17 11:49:08,后摄像头,否,rear camera
7855,"chair,box",2026-08-17 11:49:09,前摄像头,否,front camera
8296,chair,2026-08-17 11:49:09,后摄像头,否,rear camera
8297,chair,2026-08-17 11:49:10,后摄像头,否,rear camera
7856,box,2026-08-17 11:49:11,前摄像头,否,front camera
8298,chair,2026-08-17 11:49:11,后摄像头,否,rear camera
8299,chair,2026-08-17 11:49:12,后摄像头,否,rear camera
7857,chair,2026-08-17 11:49:13,前摄像头,否,front camera
8300,chair,2026-08-17 11:49:13,后摄像头,否,rear camera
8301,chair,2026-08-17 11:49:14,后摄像头,否,rear camera
7858,"chair,box",2026-08-17 11:49:15,前摄像头,否,front camera
8302,chair,2026-08-17 11:49:15,后摄像头,否,rear camera
8303,chair,2026-08-17 11:49:16,后摄像头,否,rear camera
7859,chair,2026-08-17 11:49:17,前摄像头,否,front camera
8304,chair,2026-08-17 11:49:18,后摄像头,否,rear camera
8305,chair,2026-08-17 11:49:19,后摄像头,否,rear camera
7860,"chair,box",2026-08-17 11:49:19,前摄像头,否,front camera
8306,chair,2026-08-17 11:49:20,后摄像头,否,rear camera
7861,chair,2026-08-17 11:49:21,前摄像头,否,front camera
8307,chair,2026-08-17 11:49:21,后摄像头,否,rear camera
8308,chair,2026-08-17 11:49:22,后摄像头,否,rear camera
7862,chair,2026-08-17 11:49:23,前摄像头,否,front camera
8309,chair,2026-08-17 11:49:23,后摄像头,否,rear camera
8310,chair,2026-08-17 11:49:24,后摄像头,否,rear camera
8311,chair,2026-08-17 11:49:25,后摄像头,否,rear camera
7863,chair,2026-08-17 11:49:25,前摄像头,否,front camera
8312,chair,2026-08-17 11:49:26,后摄像头,否,rear camera
8313,chair,2026-08-17 11:49:27,后摄像头,否,rear camera
7864,chair,2026-08-17 11:49:27,前摄像头,否,front camera
8314,chair,2026-08-17 11:49:28,后摄像头,否,rear camera
8315,chair,2026-08-17 11:49:29,后摄像头,否,rear camera
7865,box,2026-08-17 11:49:29,前摄像头,否,front camera
8316,chair,2026-08-17 11:49:30,后摄像头,否,rear camera
8317,chair,2026-08-17 11:49:31,后摄像头,否,rear camera
7866,"chair,box",2026-08-17 11:49:31,前摄像头,否,front camera
8318,chair,2026-08-17 11:49:32,后摄像头,否,rear camera
8319,chair,2026-08-17 11:49:33,后摄像头,否,rear camera
7867,chair,2026-08-17 11:49:33,前摄像头,否,front camera
8320,chair,2026-08-17 11:49:34,后摄像头,否,rear camera
8321,chair,2026-08-17 11:49:35,后摄像头,否,rear camera
7868,chair,2026-08-17 11:49:35,前摄像头,否,front camera
8322,chair,2026-08-17 11:49:36,后摄像头,否,rear camera
8323,chair,2026-08-17 11:49:37,后摄像头,否,rear camera
7869,"chair,box",2026-08-17 11:49:37,前摄像头,否,front camera
8324,chair,2026-08-17 11:49:38,后摄像头,否,rear camera
8325,chair,2026-08-17 11:49:39,后摄像头,否,rear camera
7870,chair,2026-08-17 11:49:39,前摄像头,否,front camera
8326,chair,2026-08-17 11:49:40,后摄像头,否,rear camera
8327,chair,2026-08-17 11:49:41,后摄像头,否,rear camera
7871,chair,2026-08-17 11:49:41,前摄像头,否,front camera
8328,chair,2026-08-17 11:49:42,后摄像头,否,rear camera
8329,chair,2026-08-17 11:49:43,后摄像头,否,rear camera
7872,chair,2026-08-17 11:49:43,前摄像头,否,front camera
8330,chair,2026-08-17 11:49:44,后摄像头,否,rear camera
8331,chair,2026-08-17 11:49:45,后摄像头,否,rear camera
7873,chair,2026-08-17 11:49:45,前摄像头,否,front camera
8332,chair,2026-08-17 11:49:46,后摄像头,否,rear camera
8333,chair,2026-08-17 11:49:47,后摄像头,否,rear camera
7874,chair,2026-08-17 11:49:47,前摄像头,否,front camera
8334,chair,2026-08-17 11:49:48,后摄像头,否,rear camera
8335,chair,2026-08-17 11:49:49,后摄像头,否,rear camera
7875,"chair,box",2026-08-17 11:49:49,前摄像头,否,front camera
8336,chair,2026-08-17 11:49:50,后摄像头,否,rear camera
8337,chair,2026-08-17 11:49:51,后摄像头,否,rear camera
7876,"chair,box",2026-08-17 11:49:51,前摄像头,否,front camera
8338,chair,2026-08-17 11:49:52,后摄像头,否,rear camera
8339,chair,2026-08-17 11:49:53,后摄像头,否,rear camera
7877,chair,2026-08-17 11:49:53,前摄像头,否,front camera
8340,chair,2026-08-17 11:49:54,后摄像头,否,rear camera
8341,chair,2026-08-17 11:49:55,后摄像头,否,rear camera
7878,chair,2026-08-17 11:49:55,前摄像头,否,front camera
8342,chair,2026-08-17 11:49:56,后摄像头,否,rear camera
8343,chair,2026-08-17 11:49:57,后摄像头,否,rear camera
7879,chair,2026-08-17 11:49:57,前摄像头,否,front camera
8344,chair,2026-08-17 11:49:58,后摄像头,否,rear camera
8345,chair,2026-08-17 11:49:59,后摄像头,否,rear camera
7880,chair,2026-08-17 11:49:59,前摄像头,否,front camera
8346,chair,2026-08-17 11:50:00,后摄像头,否,rear camera
8347,chair,2026-08-17 11:50:01,后摄像头,否,rear camera
7881,chair,2026-08-17 11:50:01,前摄像头,否,front camera
8348,chair,2026-08-17 11:50:02,后摄像头,否,rear camera
8349,chair,2026-08-17 11:50:03,后摄像头,否,rear camera
7882,chair,2026-08-17 11:50:03,前摄像头,否,front camera
8350,chair,2026-08-17 11:50:04,后摄像头,否,rear camera
8351,chair,2026-08-17 11:50:05,后摄像头,否,rear camera
7883,chair,2026-08-17 11:50:05,前摄像头,否,front camera
8352,chair,2026-08-17 11:50:06,后摄像头,否,rear camera
8353,chair,2026-08-17 11:50:07,后摄像头,否,rear camera
7884,chair,2026-08-17 11:50:07,前摄像头,否,front camera
8354,chair,2026-08-17 11:50:08,后摄像头,否,rear camera
8355,chair,2026-08-17 11:50:09,后摄像头,否,rear camera
7885,"chair,box",2026-08-17 11:50:09,前摄像头,否,front camera
8356,chair,2026-08-17 11:50:10,后摄像头,否,rear camera
7886,"chair,box",2026-08-17 11:50:11,前摄像头,否,front camera
8357,chair,2026-08-17 11:50:11,后摄像头,否,rear camera
8358,chair,2026-08-17 11:50:12,后摄像头,否,rear camera
7887,"chair,box",2026-08-17 11:50:13,前摄像头,否,front camera
8359,chair,2026-08-17 11:50:13,后摄像头,否,rear camera
8360,chair,2026-08-17 11:50:14,后摄像头,否,rear camera
7888,chair,2026-08-17 11:50:15,前摄像头,否,front camera
8361,chair,2026-08-17 11:50:15,后摄像头,否,rear camera
8362,chair,2026-08-17 11:50:16,后摄像头,否,rear camera
7889,chair,2026-08-17 11:50:17,前摄像头,否,front camera
8363,chair,2026-08-17 11:50:17,后摄像头,否,rear camera
8364,chair,2026-08-17 11:50:18,后摄像头,否,rear camera
7890,chair,2026-08-17 11:50:19,前摄像头,否,front camera
8365,chair,2026-08-17 11:50:19,后摄像头,否,rear camera
8366,chair,2026-08-17 11:50:20,后摄像头,否,rear camera
7891,chair,2026-08-17 11:50:21,前摄像头,否,front camera
8367,chair,2026-08-17 11:50:21,后摄像头,否,rear camera
8368,chair,2026-08-17 11:50:22,后摄像头,否,rear camera
8369,chair,2026-08-17 11:50:23,后摄像头,否,rear camera
7892,"chair,box",2026-08-17 11:50:23,前摄像头,否,front camera
8370,chair,2026-08-17 11:50:24,后摄像头,否,rear camera
8371,chair,2026-08-17 11:50:25,后摄像头,否,rear camera
7893,chair,2026-08-17 11:50:25,前摄像头,否,front camera
8372,chair,2026-08-17 11:50:26,后摄像头,否,rear camera
8373,chair,2026-08-17 11:50:27,后摄像头,否,rear camera
7894,chair,2026-08-17 11:50:27,前摄像头,否,front camera
8374,chair,2026-08-17 11:50:28,后摄像头,否,rear camera
8375,chair,2026-08-17 11:50:29,后摄像头,否,rear camera
7895,"chair,box",2026-08-17 11:50:29,前摄像头,否,front camera
8376,chair,2026-08-17 11:50:30,后摄像头,否,rear camera
8377,chair,2026-08-17 11:50:31,后摄像头,否,rear camera
7896,"chair,box",2026-08-17 11:50:31,前摄像头,否,front camera
8378,chair,2026-08-17 11:50:32,后摄像头,否,rear camera
8379,chair,2026-08-17 11:50:33,后摄像头,否,rear camera
7897,chair,2026-08-17 11:50:33,前摄像头,否,front camera
8380,chair,2026-08-17 11:50:34,后摄像头,否,rear camera
8381,chair,2026-08-17 11:50:35,后摄像头,否,rear camera
7898,chair,2026-08-17 11:50:35,前摄像头,否,front camera
8382,chair,2026-08-17 11:50:36,后摄像头,否,rear camera
8383,chair,2026-08-17 11:50:37,后摄像头,否,rear camera
7899,chair,2026-08-17 11:50:37,前摄像头,否,front camera
8384,chair,2026-08-17 11:50:38,后摄像头,否,rear camera
8385,chair,2026-08-17 11:50:39,后摄像头,否,rear camera
7900,"chair,box",2026-08-17 11:50:39,前摄像头,否,front camera
8386,chair,2026-08-17 11:50:40,后摄像头,否,rear camera
8387,chair,2026-08-17 11:50:41,后摄像头,否,rear camera
7901,chair,2026-08-17 11:50:41,前摄像头,否,front camera
8388,chair,2026-08-17 11:50:42,后摄像头,否,rear camera
8389,chair,2026-08-17 11:50:43,后摄像头,否,rear camera
7902,chair,2026-08-17 11:50:43,前摄像头,否,front camera
8390,chair,2026-08-17 11:50:44,后摄像头,否,rear camera
8391,chair,2026-08-17 11:50:45,后摄像头,否,rear camera
7903,chair,2026-08-17 11:50:46,前摄像头,否,front camera
8392,chair,2026-08-17 11:50:46,后摄像头,否,rear camera
8393,chair,2026-08-17 11:50:47,后摄像头,否,rear camera
7904,"chair,box",2026-08-17 11:50:48,前摄像头,否,front camera
8394,chair,2026-08-17 11:50:48,后摄像头,否,rear camera
8395,chair,2026-08-17 11:50:49,后摄像头,否,rear camera
7905,"chair,box",2026-08-17 11:50:50,前摄像头,否,front camera
8396,chair,2026-08-17 11:50:50,后摄像头,否,rear camera
8397,chair,2026-08-17 11:50:51,后摄像头,否,rear camera
7906,"chair,box",2026-08-17 11:50:52,前摄像头,否,front camera
8398,chair,2026-08-17 11:50:53,后摄像头,否,rear camera
7907,"chair,box",2026-08-17 11:50:54,前摄像头,否,front camera
8399,chair,2026-08-17 11:50:54,后摄像头,否,rear camera
8400,chair,2026-08-17 11:50:55,后摄像头,否,rear camera
7908,box,2026-08-17 11:50:56,前摄像头,否,front camera
8401,chair,2026-08-17 11:50:56,后摄像头,否,rear camera
8402,chair,2026-08-17 11:50:57,后摄像头,否,rear camera
7909,chair,2026-08-17 11:50:58,前摄像头,否,front camera
8403,chair,2026-08-17 11:50:58,后摄像头,否,rear camera
8404,chair,2026-08-17 11:50:59,后摄像头,否,rear camera
7910,chair,2026-08-17 11:51:00,前摄像头,否,front camera
8405,chair,2026-08-17 11:51:00,后摄像头,否,rear camera
8406,chair,2026-08-17 11:51:01,后摄像头,否,rear camera
7911,chair,2026-08-17 11:51:02,前摄像头,否,front camera
8407,chair,2026-08-17 11:51:02,后摄像头,否,rear camera
8408,chair,2026-08-17 11:51:03,后摄像头,否,rear camera
7912,chair,2026-08-17 11:51:04,前摄像头,否,front camera
8409,chair,2026-08-17 11:51:04,后摄像头,否,rear camera
8410,chair,2026-08-17 11:51:05,后摄像头,否,rear camera
7913,"chair,box",2026-08-17 11:51:06,前摄像头,否,front camera
8411,chair,2026-08-17 11:51:06,后摄像头,否,rear camera
8412,chair,2026-08-17 11:51:07,后摄像头,否,rear camera
7914,chair,2026-08-17 11:51:08,前摄像头,否,front camera
8413,chair,2026-08-17 11:51:09,后摄像头,否,rear camera
7915,chair,2026-08-17 11:51:10,前摄像头,否,front camera
8414,chair,2026-08-17 11:51:11,后摄像头,否,rear camera
7916,"chair,box",2026-08-17 11:51:12,前摄像头,否,front camera
8415,chair,2026-08-17 11:51:12,后摄像头,否,rear camera
8416,chair,2026-08-17 11:51:13,后摄像头,否,rear camera
7917,chair,2026-08-17 11:51:14,前摄像头,否,front camera
8417,chair,2026-08-17 11:51:14,后摄像头,否,rear camera
8418,chair,2026-08-17 11:51:15,后摄像头,否,rear camera
7918,chair,2026-08-17 11:51:16,前摄像头,否,front camera
8419,chair,2026-08-17 11:51:16,后摄像头,否,rear camera
7919,"chair,box",2026-08-17 11:51:18,前摄像头,否,front camera
8420,chair,2026-08-17 11:51:18,后摄像头,否,rear camera
8421,chair,2026-08-17 11:51:19,后摄像头,否,rear camera
7920,"chair,box",2026-08-17 11:51:20,前摄像头,否,front camera
8422,chair,2026-08-17 11:51:20,后摄像头,否,rear camera
8423,chair,2026-08-17 11:51:21,后摄像头,否,rear camera
7921,"chair,box",2026-08-17 11:51:22,前摄像头,否,front camera
8424,chair,2026-08-17 11:51:22,后摄像头,否,rear camera
8425,chair,2026-08-17 11:51:23,后摄像头,否,rear camera
7922,"chair,box",2026-08-17 11:51:24,前摄像头,否,front camera
8426,chair,2026-08-17 11:51:24,后摄像头,否,rear camera
8427,chair,2026-08-17 11:51:25,后摄像头,否,rear camera
7923,chair,2026-08-17 11:51:26,前摄像头,否,front camera
8428,chair,2026-08-17 11:51:26,后摄像头,否,rear camera
8429,chair,2026-08-17 11:51:27,后摄像头,否,rear camera
7924,"chair,box",2026-08-17 11:51:28,前摄像头,否,front camera
8430,chair,2026-08-17 11:51:28,后摄像头,否,rear camera
8431,chair,2026-08-17 11:51:29,后摄像头,否,rear camera
7925,chair,2026-08-17 11:51:30,前摄像头,否,front camera
8432,chair,2026-08-17 11:51:30,后摄像头,否,rear camera
8433,chair,2026-08-17 11:51:31,后摄像头,否,rear camera
7926,"chair,box",2026-08-17 11:51:32,前摄像头,否,front camera
8434,chair,2026-08-17 11:51:32,后摄像头,否,rear camera
8435,chair,2026-08-17 11:51:33,后摄像头,否,rear camera
7927,chair,2026-08-17 11:51:34,前摄像头,否,front camera
8436,chair,2026-08-17 11:51:34,后摄像头,否,rear camera
8437,chair,2026-08-17 11:51:35,后摄像头,否,rear camera
7928,"chair,box",2026-08-17 11:51:36,前摄像头,否,front camera
8438,chair,2026-08-17 11:51:36,后摄像头,否,rear camera
8439,chair,2026-08-17 11:51:37,后摄像头,否,rear camera
7929,chair,2026-08-17 11:51:38,前摄像头,否,front camera
8440,chair,2026-08-17 11:51:38,后摄像头,否,rear camera
8441,chair,2026-08-17 11:51:39,后摄像头,否,rear camera
7930,"chair,box",2026-08-17 11:51:40,前摄像头,否,front camera
8442,chair,2026-08-17 11:51:40,后摄像头,否,rear camera
8443,chair,2026-08-17 11:51:41,后摄像头,否,rear camera
7931,box,2026-08-17 11:51:42,前摄像头,否,front camera
8444,chair,2026-08-17 11:51:42,后摄像头,否,rear camera
8445,chair,2026-08-17 11:51:43,后摄像头,否,rear camera
7932,"chair,box",2026-08-17 11:51:44,前摄像头,否,front camera
8446,chair,2026-08-17 11:51:44,后摄像头,否,rear camera
8447,chair,2026-08-17 11:51:45,后摄像头,否,rear camera
7933,chair,2026-08-17 11:51:46,前摄像头,否,front camera
8448,chair,2026-08-17 11:51:46,后摄像头,否,rear camera
8449,chair,2026-08-17 11:51:47,后摄像头,否,rear camera
7934,chair,2026-08-17 11:51:48,前摄像头,否,front camera
8450,chair,2026-08-17 11:51:48,后摄像头,否,rear camera
8451,chair,2026-08-17 11:51:49,后摄像头,否,rear camera
7935,"chair,box",2026-08-17 11:51:50,前摄像头,否,front camera
8452,chair,2026-08-17 11:51:50,后摄像头,否,rear camera
8453,chair,2026-08-17 11:51:51,后摄像头,否,rear camera
7936,"chair,box",2026-08-17 11:51:52,前摄像头,否,front camera
8454,chair,2026-08-17 11:51:52,后摄像头,否,rear camera
8455,chair,2026-08-17 11:51:53,后摄像头,否,rear camera
7937,chair,2026-08-17 11:51:54,前摄像头,否,front camera
8456,chair,2026-08-17 11:51:54,后摄像头,否,rear camera
8457,chair,2026-08-17 11:51:55,后摄像头,否,rear camera
7938,"chair,box",2026-08-17 11:51:56,前摄像头,否,front camera
8458,chair,2026-08-17 11:51:56,后摄像头,否,rear camera
8459,chair,2026-08-17 11:51:57,后摄像头,否,rear camera
7939,chair,2026-08-17 11:51:58,前摄像头,否,front camera
8460,chair,2026-08-17 11:51:58,后摄像头,否,rear camera
8461,chair,2026-08-17 11:51:59,后摄像头,否,rear camera
7940,chair,2026-08-17 11:52:00,前摄像头,否,front camera
8462,chair,2026-08-17 11:52:00,后摄像头,否,rear camera
8463,chair,2026-08-17 11:52:01,后摄像头,否,rear camera
7941,chair,2026-08-17 11:52:02,前摄像头,否,front camera
8464,chair,2026-08-17 11:52:02,后摄像头,否,rear camera
8465,chair,2026-08-17 11:52:03,后摄像头,否,rear camera
7942,chair,2026-08-17 11:52:04,前摄像头,否,front camera
8466,chair,2026-08-17 11:52:04,后摄像头,否,rear camera
8467,chair,2026-08-17 11:52:05,后摄像头,否,rear camera
7943,"chair,box",2026-08-17 11:52:06,前摄像头,否,front camera
8468,chair,2026-08-17 11:52:06,后摄像头,否,rear camera
8469,chair,2026-08-17 11:52:07,后摄像头,否,rear camera
7944,box,2026-08-17 11:52:08,前摄像头,否,front camera
8470,chair,2026-08-17 11:52:08,后摄像头,否,rear camera
8471,chair,2026-08-17 11:52:09,后摄像头,否,rear camera
7945,chair,2026-08-17 11:52:10,前摄像头,否,front camera
8472,chair,2026-08-17 11:52:10,后摄像头,否,rear camera
8473,chair,2026-08-17 11:52:11,后摄像头,否,rear camera
7946,"chair,box",2026-08-17 11:52:12,前摄像头,否,front camera
8474,chair,2026-08-17 11:52:12,后摄像头,否,rear camera
7947,chair,2026-08-17 11:52:14,前摄像头,否,front camera
8475,chair,2026-08-17 11:52:14,后摄像头,否,rear camera
8476,chair,2026-08-17 11:52:15,后摄像头,否,rear camera
7948,chair,2026-08-17 11:52:16,前摄像头,否,front camera
8477,chair,2026-08-17 11:52:18,后摄像头,否,rear camera
7949,"chair,box",2026-08-17 11:52:18,前摄像头,否,front camera
8478,chair,2026-08-17 11:52:19,后摄像头,否,rear camera
8479,chair,2026-08-17 11:52:20,后摄像头,否,rear camera
7950,chair,2026-08-17 11:52:20,前摄像头,否,front camera
8480,chair,2026-08-17 11:52:21,后摄像头,否,rear camera
8481,chair,2026-08-17 11:52:22,后摄像头,否,rear camera
7951,chair,2026-08-17 11:52:22,前摄像头,否,front camera
8482,chair,2026-08-17 11:52:23,后摄像头,否,rear camera
8483,chair,2026-08-17 11:52:24,后摄像头,否,rear camera
7952,chair,2026-08-17 11:52:24,前摄像头,否,front camera
8484,chair,2026-08-17 11:52:25,后摄像头,否,rear camera
8485,chair,2026-08-17 11:52:26,后摄像头,否,rear camera
7953,chair,2026-08-17 11:52:26,前摄像头,否,front camera
8486,chair,2026-08-17 11:52:27,后摄像头,否,rear camera
8487,chair,2026-08-17 11:52:28,后摄像头,否,rear camera
7954,chair,2026-08-17 11:52:28,前摄像头,否,front camera
8488,chair,2026-08-17 11:52:29,后摄像头,否,rear camera
8489,chair,2026-08-17 11:52:30,后摄像头,否,rear camera
7955,box,2026-08-17 11:52:30,前摄像头,否,front camera
8490,chair,2026-08-17 11:52:31,后摄像头,否,rear camera
8491,chair,2026-08-17 11:52:32,后摄像头,否,rear camera
7956,box,2026-08-17 11:52:32,前摄像头,否,front camera
8492,chair,2026-08-17 11:52:33,后摄像头,否,rear camera
8493,chair,2026-08-17 11:52:34,后摄像头,否,rear camera
7957,"box,chair",2026-08-17 11:52:34,前摄像头,否,front camera
8494,chair,2026-08-17 11:52:35,后摄像头,否,rear camera
8495,chair,2026-08-17 11:52:36,后摄像头,否,rear camera
7958,box,2026-08-17 11:52:36,前摄像头,否,front camera
8496,chair,2026-08-17 11:52:37,后摄像头,否,rear camera
8497,chair,2026-08-17 11:52:38,后摄像头,否,rear camera
7959,"box,chair",2026-08-17 11:52:38,前摄像头,否,front camera
8498,chair,2026-08-17 11:52:39,后摄像头,否,rear camera
8499,chair,2026-08-17 11:52:40,后摄像头,否,rear camera
7960,chair,2026-08-17 11:52:40,前摄像头,否,front camera
8500,chair,2026-08-17 11:52:41,后摄像头,否,rear camera
8501,chair,2026-08-17 11:52:42,后摄像头,否,rear camera
7961,chair,2026-08-17 11:52:42,前摄像头,否,front camera
8502,chair,2026-08-17 11:52:43,后摄像头,否,rear camera
7962,chair,2026-08-17 11:52:44,前摄像头,否,front camera
8503,chair,2026-08-17 11:52:44,后摄像头,否,rear camera
8504,chair,2026-08-17 11:52:45,后摄像头,否,rear camera
7963,"chair,box",2026-08-17 11:52:46,前摄像头,否,front camera
8505,chair,2026-08-17 11:52:46,后摄像头,否,rear camera
8506,chair,2026-08-17 11:52:47,后摄像头,否,rear camera
7964,"chair,box",2026-08-17 11:52:48,前摄像头,否,front camera
8507,chair,2026-08-17 11:52:48,后摄像头,否,rear camera
8508,chair,2026-08-17 11:52:49,后摄像头,否,rear camera
7965,"chair,box",2026-08-17 11:52:50,前摄像头,否,front camera
8509,chair,2026-08-17 11:52:50,后摄像头,否,rear camera
8510,chair,2026-08-17 11:52:51,后摄像头,否,rear camera
7966,chair,2026-08-17 11:52:52,前摄像头,否,front camera
8511,chair,2026-08-17 11:52:52,后摄像头,否,rear camera
8512,chair,2026-08-17 11:52:53,后摄像头,否,rear camera
7967,chair,2026-08-17 11:52:54,前摄像头,否,front camera
8513,chair,2026-08-17 11:52:54,后摄像头,否,rear camera
8514,chair,2026-08-17 11:52:55,后摄像头,否,rear camera
7968,chair,2026-08-17 11:52:56,前摄像头,否,front camera
8515,chair,2026-08-17 11:52:56,后摄像头,否,rear camera
8516,chair,2026-08-17 11:52:57,后摄像头,否,rear camera
7969,chair,2026-08-17 11:52:58,前摄像头,否,front camera
8517,chair,2026-08-17 11:52:58,后摄像头,否,rear camera
8518,chair,2026-08-17 11:52:59,后摄像头,否,rear camera
7970,"chair,box",2026-08-17 11:53:00,前摄像头,否,front camera
8519,chair,2026-08-17 11:53:00,后摄像头,否,rear camera
8520,chair,2026-08-17 11:53:01,后摄像头,否,rear camera
7971,"chair,box",2026-08-17 11:53:02,前摄像头,否,front camera
8521,chair,2026-08-17 11:53:02,后摄像头,否,rear camera
8522,chair,2026-08-17 11:53:03,后摄像头,否,rear camera
7972,chair,2026-08-17 11:53:04,前摄像头,否,front camera
8523,chair,2026-08-17 11:53:04,后摄像头,否,rear camera
8524,chair,2026-08-17 11:53:05,后摄像头,否,rear camera
7973,chair,2026-08-17 11:53:06,前摄像头,否,front camera
8525,chair,2026-08-17 11:53:06,后摄像头,否,rear camera
8526,chair,2026-08-17 11:53:07,后摄像头,否,rear camera
7974,chair,2026-08-17 11:53:08,前摄像头,否,front camera
8527,chair,2026-08-17 11:53:08,后摄像头,否,rear camera
8528,chair,2026-08-17 11:53:09,后摄像头,否,rear camera
7975,chair,2026-08-17 11:53:10,前摄像头,否,front camera
8529,chair,2026-08-17 11:53:10,后摄像头,否,rear camera
8530,chair,2026-08-17 11:53:11,后摄像头,否,rear camera
7976,chair,2026-08-17 11:53:12,前摄像头,否,front camera
8531,chair,2026-08-17 11:53:12,后摄像头,否,rear camera
8532,chair,2026-08-17 11:53:13,后摄像头,否,rear camera
7977,chair,2026-08-17 11:53:14,前摄像头,否,front camera
8533,chair,2026-08-17 11:53:14,后摄像头,否,rear camera
8534,chair,2026-08-17 11:53:15,后摄像头,否,rear camera
7978,"chair,box",2026-08-17 11:53:16,前摄像头,否,front camera
8535,chair,2026-08-17 11:53:16,后摄像头,否,rear camera
8536,chair,2026-08-17 11:53:17,后摄像头,否,rear camera
7979,chair,2026-08-17 11:53:18,前摄像头,否,front camera
8537,chair,2026-08-17 11:53:19,后摄像头,否,rear camera
7980,"chair,box",2026-08-17 11:53:20,前摄像头,否,front camera
8538,chair,2026-08-17 11:53:22,后摄像头,否,rear camera
7981,chair,2026-08-17 11:53:22,前摄像头,否,front camera
8539,chair,2026-08-17 11:53:23,后摄像头,否,rear camera
8540,chair,2026-08-17 11:53:24,后摄像头,否,rear camera
7982,chair,2026-08-17 11:53:24,前摄像头,否,front camera
8541,chair,2026-08-17 11:53:26,后摄像头,否,rear camera
7983,"chair,box",2026-08-17 11:53:26,前摄像头,否,front camera
8542,chair,2026-08-17 11:53:27,后摄像头,否,rear camera
8543,chair,2026-08-17 11:53:28,后摄像头,否,rear camera
7984,"chair,box",2026-08-17 11:53:28,前摄像头,否,front camera
8544,chair,2026-08-17 11:53:29,后摄像头,否,rear camera
8545,chair,2026-08-17 11:53:30,后摄像头,否,rear camera
7985,"chair,box",2026-08-17 11:53:30,前摄像头,否,front camera
8546,chair,2026-08-17 11:53:31,后摄像头,否,rear camera
8547,chair,2026-08-17 11:53:32,后摄像头,否,rear camera
7986,chair,2026-08-17 11:53:32,前摄像头,否,front camera
8548,chair,2026-08-17 11:53:33,后摄像头,否,rear camera
8549,chair,2026-08-17 11:53:34,后摄像头,否,rear camera
7987,chair,2026-08-17 11:53:34,前摄像头,否,front camera
8550,chair,2026-08-17 11:53:35,后摄像头,否,rear camera
8551,chair,2026-08-17 11:53:36,后摄像头,否,rear camera
7988,"chair,box",2026-08-17 11:53:36,前摄像头,否,front camera
8552,chair,2026-08-17 11:53:37,后摄像头,否,rear camera
7989,"chair,box",2026-08-17 11:53:38,前摄像头,否,front camera
8553,chair,2026-08-17 11:53:38,后摄像头,否,rear camera
8554,chair,2026-08-17 11:53:39,后摄像头,否,rear camera
7990,"chair,box",2026-08-17 11:53:40,前摄像头,否,front camera
8555,chair,2026-08-17 11:53:41,后摄像头,否,rear camera
8556,chair,2026-08-17 11:53:42,后摄像头,否,rear camera
7991,chair,2026-08-17 11:53:42,前摄像头,否,front camera
8557,chair,2026-08-17 11:53:43,后摄像头,否,rear camera
8558,chair,2026-08-17 11:53:44,后摄像头,否,rear camera
7992,"chair,box",2026-08-17 11:53:44,前摄像头,否,front camera
8559,chair,2026-08-17 11:53:45,后摄像头,否,rear camera
8560,chair,2026-08-17 11:53:46,后摄像头,否,rear camera
7993,"chair,box",2026-08-17 11:53:46,前摄像头,否,front camera
8561,chair,2026-08-17 11:53:47,后摄像头,否,rear camera
8562,chair,2026-08-17 11:53:48,后摄像头,否,rear camera
7994,chair,2026-08-17 11:53:48,前摄像头,否,front camera
8563,chair,2026-08-17 11:53:49,后摄像头,否,rear camera
8564,chair,2026-08-17 11:53:50,后摄像头,否,rear camera
7995,chair,2026-08-17 11:53:50,前摄像头,否,front camera
8565,chair,2026-08-17 11:53:51,后摄像头,否,rear camera
8566,chair,2026-08-17 11:53:52,后摄像头,否,rear camera
7996,"chair,box",2026-08-17 11:53:52,前摄像头,否,front camera
8567,chair,2026-08-17 11:53:53,后摄像头,否,rear camera
8568,chair,2026-08-17 11:53:54,后摄像头,否,rear camera
7997,chair,2026-08-17 11:53:54,前摄像头,否,front camera
8569,chair,2026-08-17 11:53:55,后摄像头,否,rear camera
8570,"chair,box",2026-08-17 11:53:56,后摄像头,否,rear camera
7998,chair,2026-08-17 11:53:56,前摄像头,否,front camera
8571,chair,2026-08-17 11:53:57,后摄像头,否,rear camera
8572,chair,2026-08-17 11:53:58,后摄像头,否,rear camera
7999,"chair,box",2026-08-17 11:53:58,前摄像头,否,front camera
8573,chair,2026-08-17 11:53:59,后摄像头,否,rear camera
8574,chair,2026-08-17 11:54:00,后摄像头,否,rear camera
8000,chair,2026-08-17 11:54:01,前摄像头,否,front camera
8575,chair,2026-08-17 11:54:01,后摄像头,否,rear camera
8576,chair,2026-08-17 11:54:02,后摄像头,否,rear camera
8001,chair,2026-08-17 11:54:03,前摄像头,否,front camera
8577,chair,2026-08-17 11:54:03,后摄像头,否,rear camera
8578,chair,2026-08-17 11:54:04,后摄像头,否,rear camera
8002,"chair,box",2026-08-17 11:54:05,前摄像头,否,front camera
8003,"chair,box",2026-08-17 11:54:07,前摄像头,否,front camera
8579,chair,2026-08-17 11:54:07,后摄像头,否,rear camera
8580,chair,2026-08-17 11:54:08,后摄像头,否,rear camera
8004,chair,2026-08-17 11:54:09,前摄像头,否,front camera
8581,chair,2026-08-17 11:54:09,后摄像头,否,rear camera
8582,chair,2026-08-17 11:54:10,后摄像头,否,rear camera
8005,"chair,box",2026-08-17 11:54:11,前摄像头,否,front camera
8583,chair,2026-08-17 11:54:11,后摄像头,否,rear camera
8584,chair,2026-08-17 11:54:12,后摄像头,否,rear camera
8006,chair,2026-08-17 11:54:13,前摄像头,否,front camera
8585,chair,2026-08-17 11:54:13,后摄像头,否,rear camera
8586,chair,2026-08-17 11:54:14,后摄像头,否,rear camera
8007,chair,2026-08-17 11:54:15,前摄像头,否,front camera
8587,chair,2026-08-17 11:54:15,后摄像头,否,rear camera
8588,chair,2026-08-17 11:54:16,后摄像头,否,rear camera
8008,"chair,box",2026-08-17 11:54:17,前摄像头,否,front camera
8589,chair,2026-08-17 11:54:18,后摄像头,否,rear camera
8009,chair,2026-08-17 11:54:19,前摄像头,否,front camera
8590,box,2026-08-17 11:54:19,后摄像头,否,rear camera
8591,chair,2026-08-17 11:54:20,后摄像头,否,rear camera
8010,chair,2026-08-17 11:54:21,前摄像头,否,front camera
8592,chair,2026-08-17 11:54:21,后摄像头,否,rear camera
8593,chair,2026-08-17 11:54:22,后摄像头,否,rear camera
8011,chair,2026-08-17 11:54:23,前摄像头,否,front camera
8594,chair,2026-08-17 11:54:23,后摄像头,否,rear camera
8595,chair,2026-08-17 11:54:24,后摄像头,否,rear camera
8012,"chair,box",2026-08-17 11:54:25,前摄像头,否,front camera
8596,chair,2026-08-17 11:54:25,后摄像头,否,rear camera
8597,chair,2026-08-17 11:54:26,后摄像头,否,rear camera
8013,chair,2026-08-17 11:54:27,前摄像头,否,front camera
8598,chair,2026-08-17 11:54:27,后摄像头,否,rear camera
8599,chair,2026-08-17 11:54:28,后摄像头,否,rear camera
8014,chair,2026-08-17 11:54:29,前摄像头,否,front camera
8600,chair,2026-08-17 11:54:29,后摄像头,否,rear camera
8601,chair,2026-08-17 11:54:30,后摄像头,否,rear camera
8015,"chair,box",2026-08-17 11:54:31,前摄像头,否,front camera
8602,chair,2026-08-17 11:54:31,后摄像头,否,rear camera
8603,chair,2026-08-17 11:54:32,后摄像头,否,rear camera
8016,"chair,box",2026-08-17 11:54:33,前摄像头,否,front camera
8604,chair,2026-08-17 11:54:33,后摄像头,否,rear camera
8605,chair,2026-08-17 11:54:34,后摄像头,否,rear camera
8017,"chair,box",2026-08-17 11:54:35,前摄像头,否,front camera
8018,"chair,box",2026-08-17 11:54:37,前摄像头,否,front camera
8606,chair,2026-08-17 11:54:37,后摄像头,否,rear camera
8607,chair,2026-08-17 11:54:38,后摄像头,否,rear camera
8019,"chair,box",2026-08-17 11:54:39,前摄像头,否,front camera
8608,chair,2026-08-17 11:54:39,后摄像头,否,rear camera
8609,chair,2026-08-17 11:54:40,后摄像头,否,rear camera
8020,"chair,box",2026-08-17 11:54:41,前摄像头,否,front camera
8610,chair,2026-08-17 11:54:41,后摄像头,否,rear camera
8611,chair,2026-08-17 11:54:42,后摄像头,否,rear camera
8021,chair,2026-08-17 11:54:43,前摄像头,否,front camera
8612,chair,2026-08-17 11:54:43,后摄像头,否,rear camera
8613,chair,2026-08-17 11:54:44,后摄像头,否,rear camera
8022,"chair,box",2026-08-17 11:54:45,前摄像头,否,front camera
8614,chair,2026-08-17 11:54:45,后摄像头,否,rear camera
8615,chair,2026-08-17 11:54:46,后摄像头,否,rear camera
8023,"chair,box",2026-08-17 11:54:47,前摄像头,否,front camera
8616,chair,2026-08-17 11:54:48,后摄像头,否,rear camera
8617,chair,2026-08-17 11:54:49,后摄像头,否,rear camera
8024,chair,2026-08-17 11:54:49,前摄像头,否,front camera
8618,chair,2026-08-17 11:54:50,后摄像头,否,rear camera
8619,chair,2026-08-17 11:54:51,后摄像头,否,rear camera
8025,"chair,box",2026-08-17 11:54:51,前摄像头,否,front camera
8620,chair,2026-08-17 11:54:52,后摄像头,否,rear camera
8026,"chair,box",2026-08-17 11:54:53,前摄像头,否,front camera
8621,chair,2026-08-17 11:54:53,后摄像头,否,rear camera
8027,box,2026-08-17 11:55:00,前摄像头,否,front camera
8622,box,2026-08-17 11:55:00,后摄像头,否,rear camera
8028,box,2026-08-17 11:55:02,前摄像头,否,front camera
8623,box,2026-08-17 13:28:58,前摄像头,否,front camera
8623,box,2026-08-17 13:29:00,后摄像头,否,rear camera
8624,box,2026-08-17 13:29:00,后摄像头,否,rear camera
8624,box,2026-08-17 13:29:00,前摄像头,否,front camera
8625,未佩戴安全帽,2026-08-17 18:07:59,后摄像头,是,rear camera
8626,未佩戴安全帽,2026-08-17 18:08:00,后摄像头,是,rear camera
8627,未佩戴安全帽,2026-08-17 18:08:01,后摄像头,是,rear camera
8628,未佩戴安全帽,2026-08-17 18:08:02,后摄像头,是,rear camera
8629,未佩戴安全帽,2026-08-17 18:08:03,后摄像头,是,rear camera
8630,未佩戴安全帽,2026-08-17 18:08:04,后摄像头,是,rear camera
8631,未佩戴安全帽,2026-08-17 18:08:05,后摄像头,是,rear camera
8632,未佩戴安全帽,2026-08-17 18:08:06,后摄像头,是,rear camera
8633,未佩戴安全帽,2026-08-17 18:08:07,后摄像头,是,rear camera
8634,未佩戴安全帽,2026-08-17 18:08:08,后摄像头,是,rear camera
8635,未佩戴安全帽,2026-08-17 18:08:09,后摄像头,是,rear camera
8636,未佩戴安全帽,2026-08-17 18:08:10,后摄像头,是,rear camera
8637,未佩戴安全帽,2026-08-17 18:08:11,后摄像头,是,rear camera
8638,未佩戴安全帽,2026-08-17 18:08:12,后摄像头,是,rear camera
8639,未佩戴安全帽,2026-08-17 18:08:13,后摄像头,是,rear camera
8640,未佩戴安全帽,2026-08-17 18:08:14,后摄像头,是,rear camera
8641,未佩戴安全帽,2026-08-17 18:08:15,后摄像头,是,rear camera
8642,未佩戴安全帽,2026-08-17 18:08:16,后摄像头,是,rear camera
8643,未佩戴安全帽,2026-08-17 18:08:17,后摄像头,是,rear camera
8644,未佩戴安全帽,2026-08-17 18:08:18,后摄像头,是,rear camera
8645,未佩戴安全帽,2026-08-17 18:08:19,后摄像头,是,rear camera
8646,未佩戴安全帽,2026-08-17 18:08:20,后摄像头,是,rear camera
8647,未佩戴安全帽,2026-08-17 18:08:21,后摄像头,是,rear camera
8648,未佩戴安全帽,2026-08-17 18:08:22,后摄像头,是,rear camera
8649,未佩戴安全帽,2026-08-17 18:08:23,后摄像头,是,rear camera
8650,未佩戴安全帽,2026-08-17 18:08:24,后摄像头,是,rear camera
8651,未佩戴安全帽,2026-08-17 18:08:25,后摄像头,是,rear camera
8652,未佩戴安全帽,2026-08-17 18:08:26,后摄像头,是,rear camera
8653,未佩戴安全帽,2026-08-17 18:08:27,后摄像头,是,rear camera
8654,未佩戴安全帽,2026-08-17 18:08:28,后摄像头,是,rear camera
8655,未佩戴安全帽,2026-08-17 18:08:29,后摄像头,是,rear camera
8656,未佩戴安全帽,2026-08-17 18:08:30,后摄像头,是,rear camera
8657,未佩戴安全帽,2026-08-17 18:08:31,后摄像头,是,rear camera
8658,未佩戴安全帽,2026-08-17 18:08:32,后摄像头,是,rear camera
8659,未佩戴安全帽,2026-08-17 18:08:33,后摄像头,是,rear camera
8660,未佩戴安全帽,2026-08-17 18:08:34,后摄像头,是,rear camera
8661,未佩戴安全帽,2026-08-17 18:08:35,后摄像头,是,rear camera
8662,未佩戴安全帽,2026-08-17 18:08:36,后摄像头,是,rear camera
8663,未佩戴安全帽,2026-08-17 18:08:37,后摄像头,是,rear camera
8664,未佩戴安全帽,2026-08-17 18:08:38,后摄像头,是,rear camera
8665,未佩戴安全帽,2026-08-17 18:08:39,后摄像头,是,rear camera
8666,未佩戴安全帽,2026-08-17 18:08:40,后摄像头,是,rear camera
8667,未佩戴安全帽,2026-08-17 18:08:41,后摄像头,是,rear camera
8668,未佩戴安全帽,2026-08-17 18:08:42,后摄像头,是,rear camera
8669,未佩戴安全帽,2026-08-17 18:08:43,后摄像头,是,rear camera
8670,未佩戴安全帽,2026-08-17 18:08:44,后摄像头,是,rear camera
8671,未佩戴安全帽,2026-08-17 18:08:45,后摄像头,是,rear camera
8672,未佩戴安全帽,2026-08-17 18:08:46,后摄像头,是,rear camera
8673,未佩戴安全帽,2026-08-17 18:08:47,后摄像头,是,rear camera
8674,未佩戴安全帽,2026-08-17 18:08:48,后摄像头,是,rear camera
8675,未佩戴安全帽,2026-08-17 18:08:49,后摄像头,是,rear camera
8676,未佩戴安全帽,2026-08-17 18:08:50,后摄像头,是,rear camera
8677,未佩戴安全帽,2026-08-17 18:08:51,后摄像头,是,rear camera
8678,未佩戴安全帽,2026-08-17 18:08:52,后摄像头,是,rear camera
8679,未佩戴安全帽,2026-08-17 18:08:53,后摄像头,是,rear camera
8680,未佩戴安全帽,2026-08-17 18:08:54,后摄像头,是,rear camera
8681,未佩戴安全帽,2026-08-17 18:08:55,后摄像头,是,rear camera
8682,未佩戴安全帽,2026-08-17 18:08:56,后摄像头,是,rear camera
8683,未佩戴安全帽,2026-08-17 18:08:57,后摄像头,是,rear camera
8684,未佩戴安全帽,2026-08-17 18:08:58,后摄像头,是,rear camera
8685,未佩戴安全帽,2026-08-17 18:08:59,后摄像头,是,rear camera
8686,未佩戴安全帽,2026-08-17 18:09:00,后摄像头,是,rear camera
8687,未佩戴安全帽,2026-08-17 18:09:01,后摄像头,是,rear camera
8688,未佩戴安全帽,2026-08-17 18:09:02,后摄像头,是,rear camera
8689,未佩戴安全帽,2026-08-17 18:09:03,后摄像头,是,rear camera
8690,未佩戴安全帽,2026-08-17 18:09:04,后摄像头,是,rear camera
8691,未佩戴安全帽,2026-08-17 18:09:05,后摄像头,是,rear camera
8692,未佩戴安全帽,2026-08-17 18:09:06,后摄像头,是,rear camera
8693,未佩戴安全帽,2026-08-17 18:09:07,后摄像头,是,rear camera
8694,未佩戴安全帽,2026-08-17 18:09:08,后摄像头,是,rear camera
8695,未佩戴安全帽,2026-08-17 18:09:09,后摄像头,是,rear camera
8696,未佩戴安全帽,2026-08-17 18:09:10,后摄像头,是,rear camera
8697,未佩戴安全帽,2026-08-17 18:09:11,后摄像头,是,rear camera
8698,未佩戴安全帽,2026-08-17 18:09:12,后摄像头,是,rear camera
8699,未佩戴安全帽,2026-08-17 18:09:13,后摄像头,是,rear camera
8700,未佩戴安全帽,2026-08-17 18:09:14,后摄像头,是,rear camera
8701,未佩戴安全帽,2026-08-17 18:09:15,后摄像头,是,rear camera
8702,未佩戴安全帽,2026-08-17 18:09:16,后摄像头,是,rear camera
8703,未佩戴安全帽,2026-08-17 18:09:17,后摄像头,是,rear camera
8704,未佩戴安全帽,2026-08-17 18:09:18,后摄像头,是,rear camera
8705,未佩戴安全帽,2026-08-17 18:09:19,后摄像头,是,rear camera
8706,未佩戴安全帽,2026-08-17 18:09:20,后摄像头,是,rear camera
8707,未佩戴安全帽,2026-08-17 18:09:21,后摄像头,是,rear camera
8708,未佩戴安全帽,2026-08-17 18:09:22,后摄像头,是,rear camera
8709,未佩戴安全帽,2026-08-17 18:09:23,后摄像头,是,rear camera
8710,未佩戴安全帽,2026-08-17 18:09:27,后摄像头,是,rear camera
8711,未佩戴安全帽,2026-08-17 18:09:28,后摄像头,是,rear camera
8712,未佩戴安全帽,2026-08-17 18:09:31,后摄像头,是,rear camera
8713,未佩戴安全帽,2026-08-17 18:09:32,后摄像头,是,rear camera
8714,未佩戴安全帽,2026-08-17 18:09:33,后摄像头,是,rear camera
8715,未佩戴安全帽,2026-08-17 18:09:34,后摄像头,是,rear camera
8716,未佩戴安全帽,2026-08-17 18:09:35,后摄像头,是,rear camera
8717,未佩戴安全帽,2026-08-17 18:09:36,后摄像头,是,rear camera
8718,未佩戴安全帽,2026-08-17 18:09:37,后摄像头,是,rear camera
8719,未佩戴安全帽,2026-08-17 18:09:38,后摄像头,是,rear camera
8720,未佩戴安全帽,2026-08-17 18:09:39,后摄像头,是,rear camera
8721,未佩戴安全帽,2026-08-17 18:09:40,后摄像头,是,rear camera
8722,未佩戴安全帽,2026-08-17 18:09:41,后摄像头,是,rear camera
8723,未佩戴安全帽,2026-08-17 18:09:42,后摄像头,是,rear camera
8724,未佩戴安全帽,2026-08-17 18:09:43,后摄像头,是,rear camera
8725,未佩戴安全帽,2026-08-17 18:09:44,后摄像头,是,rear camera
8726,未佩戴安全帽,2026-08-17 18:09:45,后摄像头,是,rear camera
8727,未佩戴安全帽,2026-08-17 18:09:46,后摄像头,是,rear camera
8728,未佩戴安全帽,2026-08-17 18:09:47,后摄像头,是,rear camera
8729,未佩戴安全帽,2026-08-17 18:09:48,后摄像头,是,rear camera
8730,未佩戴安全帽,2026-08-17 18:09:49,后摄像头,是,rear camera
8731,未佩戴安全帽,2026-08-17 18:09:50,后摄像头,是,rear camera
8732,未佩戴安全帽,2026-08-17 18:09:51,后摄像头,是,rear camera
8733,未佩戴安全帽,2026-08-17 18:09:52,后摄像头,是,rear camera
8734,未佩戴安全帽,2026-08-17 18:09:53,后摄像头,是,rear camera
8735,未佩戴安全帽,2026-08-17 18:09:54,后摄像头,是,rear camera
8736,未佩戴安全帽,2026-08-17 18:09:55,后摄像头,是,rear camera
8737,未佩戴安全帽,2026-08-17 18:09:56,后摄像头,是,rear camera
8738,未佩戴安全帽,2026-08-17 18:09:57,后摄像头,是,rear camera
8739,未佩戴安全帽,2026-08-17 18:09:58,后摄像头,是,rear camera
8740,未佩戴安全帽,2026-08-17 18:09:59,后摄像头,是,rear camera
8741,未佩戴安全帽,2026-08-17 18:10:00,后摄像头,是,rear camera
8742,未佩戴安全帽,2026-08-17 18:10:01,后摄像头,是,rear camera
8743,未佩戴安全帽,2026-08-17 18:10:02,后摄像头,是,rear camera
8744,未佩戴安全帽,2026-08-17 18:10:03,后摄像头,是,rear camera
8745,未佩戴安全帽,2026-08-17 18:10:04,后摄像头,是,rear camera
8746,未佩戴安全帽,2026-08-17 18:10:05,后摄像头,是,rear camera
8747,未佩戴安全帽,2026-08-17 18:10:06,后摄像头,是,rear camera
8748,未佩戴安全帽,2026-08-17 18:10:07,后摄像头,是,rear camera
8749,未佩戴安全帽,2026-08-17 18:10:08,后摄像头,是,rear camera
8750,未佩戴安全帽,2026-08-17 18:10:09,后摄像头,是,rear camera
8751,未佩戴安全帽,2026-08-17 18:10:10,后摄像头,是,rear camera
8752,未佩戴安全帽,2026-08-17 18:10:11,后摄像头,是,rear camera
8753,未佩戴安全帽,2026-08-17 18:10:12,后摄像头,是,rear camera
8754,未佩戴安全帽,2026-08-17 18:10:13,后摄像头,是,rear camera
8755,未佩戴安全帽,2026-08-17 18:10:14,后摄像头,是,rear camera
8756,未佩戴安全帽,2026-08-17 18:10:15,后摄像头,是,rear camera
8757,未佩戴安全帽,2026-08-17 18:10:16,后摄像头,是,rear camera
8758,未佩戴安全帽,2026-08-17 18:10:17,后摄像头,是,rear camera
8759,未佩戴安全帽,2026-08-17 18:10:18,后摄像头,是,rear camera
8760,未佩戴安全帽,2026-08-17 18:10:19,后摄像头,是,rear camera
8761,未佩戴安全帽,2026-08-17 18:10:20,后摄像头,是,rear camera
8762,未佩戴安全帽,2026-08-17 18:10:21,后摄像头,是,rear camera
8763,未佩戴安全帽,2026-08-17 18:10:22,后摄像头,是,rear camera
8764,未佩戴安全帽,2026-08-17 18:10:23,后摄像头,是,rear camera
8765,未佩戴安全帽,2026-08-17 18:10:24,后摄像头,是,rear camera
8766,未佩戴安全帽,2026-08-17 18:10:25,后摄像头,是,rear camera
8767,未佩戴安全帽,2026-08-17 18:10:26,后摄像头,是,rear camera
8768,未佩戴安全帽,2026-08-17 18:10:27,后摄像头,是,rear camera
8769,未佩戴安全帽,2026-08-17 18:10:28,后摄像头,是,rear camera
8770,未佩戴安全帽,2026-08-17 18:10:29,后摄像头,是,rear camera
8771,未佩戴安全帽,2026-08-17 18:10:30,后摄像头,是,rear camera
8772,未佩戴安全帽,2026-08-17 18:10:31,后摄像头,是,rear camera
8773,未佩戴安全帽,2026-08-17 18:10:32,后摄像头,是,rear camera
8774,未佩戴安全帽,2026-08-17 18:10:33,后摄像头,是,rear camera
8775,未佩戴安全帽,2026-08-17 18:10:34,后摄像头,是,rear camera
8776,未佩戴安全帽,2026-08-17 18:10:35,后摄像头,是,rear camera
8777,未佩戴安全帽,2026-08-17 18:10:36,后摄像头,是,rear camera
8778,未佩戴安全帽,2026-08-17 18:10:37,后摄像头,是,rear camera
8779,未佩戴安全帽,2026-08-17 18:10:38,后摄像头,是,rear camera
8780,未佩戴安全帽,2026-08-17 18:10:40,后摄像头,是,rear camera
8781,未佩戴安全帽,2026-08-17 18:10:42,后摄像头,是,rear camera
8782,未佩戴安全帽,2026-08-17 18:10:43,后摄像头,是,rear camera
8783,未佩戴安全帽,2026-08-17 18:10:44,后摄像头,是,rear camera
8784,未佩戴安全帽,2026-08-17 18:10:45,后摄像头,是,rear camera
8785,未佩戴安全帽,2026-08-17 18:10:46,后摄像头,是,rear camera
8786,未佩戴安全帽,2026-08-17 18:10:47,后摄像头,是,rear camera
8787,未佩戴安全帽,2026-08-17 18:10:48,后摄像头,是,rear camera
8788,未佩戴安全帽,2026-08-17 18:10:49,后摄像头,是,rear camera
8789,未佩戴安全帽,2026-08-17 18:10:50,后摄像头,是,rear camera
8790,未佩戴安全帽,2026-08-17 18:10:51,后摄像头,是,rear camera
8791,未佩戴安全帽,2026-08-17 18:10:52,后摄像头,是,rear camera
8792,未佩戴安全帽,2026-08-17 18:10:53,后摄像头,是,rear camera
8793,未佩戴安全帽,2026-08-17 18:10:54,后摄像头,是,rear camera
8794,未佩戴安全帽,2026-08-17 18:10:55,后摄像头,是,rear camera
8795,未佩戴安全帽,2026-08-17 18:10:56,后摄像头,是,rear camera
8796,未佩戴安全帽,2026-08-17 18:10:57,后摄像头,是,rear camera
8797,未佩戴安全帽,2026-08-17 18:10:58,后摄像头,是,rear camera
8798,未佩戴安全帽,2026-08-17 18:10:59,后摄像头,是,rear camera
8799,未佩戴安全帽,2026-08-17 18:11:00,后摄像头,是,rear camera
8800,未佩戴安全帽,2026-08-17 18:11:01,后摄像头,是,rear camera
8801,未佩戴安全帽,2026-08-17 18:11:02,后摄像头,是,rear camera
8802,未佩戴安全帽,2026-08-17 18:11:03,后摄像头,是,rear camera
8803,未佩戴安全帽,2026-08-17 18:11:04,后摄像头,是,rear camera
8804,未佩戴安全帽,2026-08-17 18:11:05,后摄像头,是,rear camera
8805,未佩戴安全帽,2026-08-17 18:11:06,后摄像头,是,rear camera
8806,未佩戴安全帽,2026-08-17 18:11:07,后摄像头,是,rear camera
8807,未佩戴安全帽,2026-08-17 18:11:08,后摄像头,是,rear camera
8808,未佩戴安全帽,2026-08-17 18:11:09,后摄像头,是,rear camera
8809,未佩戴安全帽,2026-08-17 18:11:10,后摄像头,是,rear camera
8810,未佩戴安全帽,2026-08-17 18:11:11,后摄像头,是,rear camera
8811,未佩戴安全帽,2026-08-17 18:11:12,后摄像头,是,rear camera
8812,未佩戴安全帽,2026-08-17 18:11:13,后摄像头,是,rear camera
8813,未佩戴安全帽,2026-08-17 18:11:14,后摄像头,是,rear camera
8814,未佩戴安全帽,2026-08-17 18:11:15,后摄像头,是,rear camera
8815,未佩戴安全帽,2026-08-17 18:11:16,后摄像头,是,rear camera
8816,未佩戴安全帽,2026-08-17 18:11:17,后摄像头,是,rear camera
8817,未佩戴安全帽,2026-08-17 18:11:18,后摄像头,是,rear camera
8818,未佩戴安全帽,2026-08-17 18:11:19,后摄像头,是,rear camera
8819,未佩戴安全帽,2026-08-17 18:11:20,后摄像头,是,rear camera
8820,未佩戴安全帽,2026-08-17 18:11:21,后摄像头,是,rear camera
8821,未佩戴安全帽,2026-08-17 18:11:22,后摄像头,是,rear camera
8822,未佩戴安全帽,2026-08-17 18:11:23,后摄像头,是,rear camera
8823,未佩戴安全帽,2026-08-17 18:11:24,后摄像头,是,rear camera
8824,未佩戴安全帽,2026-08-17 18:11:25,后摄像头,是,rear camera
8825,未佩戴安全帽,2026-08-17 18:11:26,后摄像头,是,rear camera
8826,未佩戴安全帽,2026-08-17 18:11:27,后摄像头,是,rear camera
8827,未佩戴安全帽,2026-08-17 18:11:28,后摄像头,是,rear camera
8828,未佩戴安全帽,2026-08-17 18:11:29,后摄像头,是,rear camera
8829,未佩戴安全帽,2026-08-17 18:11:30,后摄像头,是,rear camera
8830,未佩戴安全帽,2026-08-17 18:11:31,后摄像头,是,rear camera
8831,未佩戴安全帽,2026-08-17 18:11:32,后摄像头,是,rear camera
8832,未佩戴安全帽,2026-08-17 18:11:33,后摄像头,是,rear camera
8833,未佩戴安全帽,2026-08-17 18:11:34,后摄像头,是,rear camera
8834,未佩戴安全帽,2026-08-17 18:11:35,后摄像头,是,rear camera
8835,未佩戴安全帽,2026-08-17 18:11:36,后摄像头,是,rear camera
8836,未佩戴安全帽,2026-08-17 18:11:37,后摄像头,是,rear camera
8837,未佩戴安全帽,2026-08-17 18:11:38,后摄像头,是,rear camera
8838,未佩戴安全帽,2026-08-17 18:11:39,后摄像头,是,rear camera
8839,未佩戴安全帽,2026-08-17 18:11:40,后摄像头,是,rear camera
8840,未佩戴安全帽,2026-08-17 18:11:41,后摄像头,是,rear camera
8841,未佩戴安全帽,2026-08-17 18:11:42,后摄像头,是,rear camera
8842,未佩戴安全帽,2026-08-17 18:11:43,后摄像头,是,rear camera
8843,未佩戴安全帽,2026-08-17 18:11:44,后摄像头,是,rear camera
8844,未佩戴安全帽,2026-08-17 18:11:45,后摄像头,是,rear camera
8845,未佩戴安全帽,2026-08-17 18:11:46,后摄像头,是,rear camera
8846,未佩戴安全帽,2026-08-17 18:11:47,后摄像头,是,rear camera
8847,未佩戴安全帽,2026-08-17 18:11:48,后摄像头,是,rear camera
8848,未佩戴安全帽,2026-08-17 18:11:49,后摄像头,是,rear camera
8849,未佩戴安全帽,2026-08-17 18:11:50,后摄像头,是,rear camera
8850,未佩戴安全帽,2026-08-17 18:11:51,后摄像头,是,rear camera
8851,未佩戴安全帽,2026-08-17 18:11:52,后摄像头,是,rear camera
8852,未佩戴安全帽,2026-08-17 18:11:53,后摄像头,是,rear camera
8853,未佩戴安全帽,2026-08-17 18:11:54,后摄像头,是,rear camera
8854,未佩戴安全帽,2026-08-17 18:11:55,后摄像头,是,rear camera
8855,未佩戴安全帽,2026-08-17 18:11:56,后摄像头,是,rear camera
8856,未佩戴安全帽,2026-08-17 18:11:57,后摄像头,是,rear camera
